english;0.1036;6.2318;10.0127;20.6498;6.1403;34.3020;18.5434;4.0164;175.2162
english;0.2233;6.8973;11.4824;19.0948;7.7566;33.6938;16.8449;4.0068;160.2187
english;0.1293;7.0406;10.7974;20.1352;7.3549;33.7517;17.0654;3.7254;163.1102
english;0.1412;6.5608;12.5201;19.8833;6.8380;32.8133;17.4612;3.7820;161.2444
english;0.1469;6.8208;10.4886;20.4370;7.4096;33.6323;17.3064;3.7584;161.9923
english;0.1636;6.8265;11.4161;19.6785;7.0934;32.9906;17.4166;4.4147;162.1921
english;0.0841;6.9537;9.3712;21.5195;7.4640;34.6160;15.9661;4.0255;166.2859
english;0.1499;6.9077;11.5350;19.9192;7.6400;33.1391;16.7734;3.9357;159.5520
english;0.2242;6.4318;11.7394;19.7412;6.6959;33.0556;18.0995;4.0124;167.1999
english;0.1864;6.4968;11.6395;20.5045;6.9447;33.6098;16.6483;3.9701;163.1164
english;0.0934;7.0123;11.1519;19.8979;7.0331;33.6965;17.4569;3.6579;163.0854
english;0.1522;6.0097;11.6748;20.1749;6.1730;33.1522;18.3295;4.3336;166.9381
english;0.1293;6.4978;10.2704;20.1937;7.0071;34.4079;17.2909;4.2030;168.9119
english;0.1895;6.7296;11.1842;19.7030;7.1684;33.4434;17.7081;3.8737;163.9769
english;0.1402;6.8499;10.7231;20.5906;7.4544;33.0200;16.8550;4.3669;162.5935
french;0.8665;12.5348;13.6812;16.1677;15.2650;25.6331;14.2233;1.6284;117.8051
french;1.2998;10.7661;14.1201;16.6853;12.8101;28.4311;14.3076;1.5798;123.2194
french;1.6130;10.9390;12.8988;17.7633;12.5245;27.2795;14.9080;2.0739;124.1207
french;1.5738;10.8768;13.0559;17.7866;12.3851;27.2655;14.9450;2.1113;124.2162
french;1.2322;11.5273;14.0011;16.5211;13.6578;26.4659;14.5344;2.0602;121.4239
french;1.5353;11.9743;14.0016;16.4315;13.6471;26.4068;14.3302;1.6733;121.3908
french;0.9436;11.4704;14.5659;15.9062;13.5650;27.3356;14.4584;1.7549;121.0165
french;0.7571;12.1400;13.6724;16.1641;14.7538;26.1510;14.5203;1.8414;119.1978
french;1.2328;11.4026;13.7066;16.9050;12.9734;27.1233;14.9546;1.7018;123.4984
french;1.1106;11.2138;13.8685;16.6555;13.3929;27.5716;14.4854;1.7018;121.6294
french;1.3247;10.4734;14.6641;16.9610;11.8541;28.4406;14.1251;2.1571;126.5870
french;1.0997;11.0952;14.8210;16.3442;12.9519;26.9172;14.9211;1.8497;121.5592
french;0.9900;11.7113;14.3788;16.3596;13.8155;26.2940;14.6869;1.7640;119.7541
french;1.1347;11.1932;13.2512;16.9473;13.4624;27.3683;14.9765;1.6663;122.3349
french;1.3160;10.4052;14.8289;16.4917;11.8531;29.1740;13.9918;1.9393;125.4797
german;0.1530;6.5730;9.1681;21.7783;6.7185;33.7153;15.0240;6.8697;159.8936
german;0.1370;6.3159;8.8979;22.4020;6.5482;33.7006;14.9990;6.9995;163.7433
german;0.1920;6.0110;8.6302;21.8705;6.0031;33.7946;15.8894;7.6092;166.3595
german;0.2283;6.9035;7.2314;23.1275;7.0553;33.7991;14.0700;7.5848;175.5098
german;0.1463;6.0154;8.8769;22.9562;5.8544;33.6933;15.1032;7.3544;168.1997
german;0.2367;6.2003;8.7796;21.2570;6.5678;33.5567;15.8545;7.5474;164.5402
german;0.2347;5.8508;9.0916;20.9938;6.2784;34.0553;16.1733;7.3220;165.5789
german;0.1745;6.5151;9.0212;21.2651;6.7606;33.8233;15.4992;6.9410;160.7883
german;0.1651;6.5972;9.2258;21.8489;6.3481;33.0838;15.3352;7.3958;164.1257
german;0.4419;6.5783;8.1733;21.9229;6.9112;34.7374;14.7895;6.4455;161.8739
german;0.1757;6.6299;9.2865;21.8291;6.5646;33.1204;15.5230;6.8709;160.6853
german;0.1949;6.6709;9.0601;21.7972;6.3849;33.0075;15.9061;6.9783;160.6598
german;0.1701;6.1771;9.1417;21.8440;6.3031;33.3451;15.9489;7.0700;163.0158
german;0.1634;6.0241;9.4446;21.5152;6.1885;33.3003;15.9957;7.3683;163.7340
turkish;0.0000;0.2498;23.7072;15.1886;0.1999;45.0412;15.1137;0.4996;136.3156
turkish;0.0194;0.4714;26.1422;13.8810;0.5120;44.9095;13.7957;0.2688;130.3958
turkish;0.0000;0.9009;24.3243;15.0150;0.7508;44.4444;14.5646;0.0000;131.8501
turkish;0.0000;0.1026;25.5385;14.1538;0.0000;45.3333;14.3590;0.5128;132.2900
turkish;0.0000;0.4212;25.6318;14.2599;0.3610;44.9458;14.3201;0.0602;130.7171
turkish;0.0000;0.2814;28.7563;12.1553;0.2251;46.3703;12.2116;0.0000;126.4398
turkish;0.0000;0.3566;24.7641;14.7685;0.4745;44.2533;15.2211;0.1618;132.0909
turkish;0.0000;0.6977;24.4767;15.1163;0.6395;43.4302;15.4070;0.2326;130.9953
turkish;0.0000;0.2217;25.0554;14.9667;0.3326;44.1242;15.2993;0.0000;131.3514
turkish;0.0000;0.4890;27.4537;12.9584;0.1746;46.0007;12.8187;0.1048;128.8239
turkish;0.0000;0.2452;26.1893;13.9774;0.2452;45.0221;13.9774;0.3433;131.3457
turkish;0.0000;0.1887;22.4528;16.9811;0.1887;42.8302;17.3585;0.0000;134.7267
turkish;0.0000;0.1916;26.4368;14.1762;0.1916;44.2529;14.3678;0.3831;128.8820
turkish;0.0000;0.0949;25.0474;15.3700;0.0949;43.2638;15.6546;0.4744;129.0469
turkish;0.0000;0.4049;25.7085;14.9798;0.4049;42.7126;14.9798;0.8097;129.3930
turkish;0.0000;0.0000;24.1007;16.5468;0.0000;42.6259;16.5468;0.1799;130.2857
turkish;0.0000;0.0553;25.6226;14.3331;0.1107;45.6004;14.2225;0.0553;131.6399
turkish;0.0000;0.3398;24.9515;15.3034;0.3155;43.5073;15.2184;0.3641;131.9182
turkish;0.0000;0.7154;22.2706;15.8942;0.7154;44.5101;15.6143;0.2799;136.8447
turkish;0.0000;0.0952;25.1429;15.1429;0.0952;44.7619;14.4762;0.2857;133.5962
turkish;0.0000;0.0000;26.7913;14.3302;0.3115;44.5483;14.0187;0.0000;127.3632
turkish;0.0000;0.6716;25.4197;14.5735;0.6716;44.1572;14.4392;0.0672;130.3885
turkish;0.0000;0.2823;25.5116;14.4319;0.1764;44.5660;14.5730;0.4587;131.4106
turkish;0.0000;0.7564;22.0121;16.7927;0.6051;41.8306;16.7927;1.2103;136.0394
turkish;0.0000;0.0644;27.1557;13.9640;0.0644;45.1737;13.4492;0.1287;130.2398
turkish;0.0000;0.1492;24.4885;15.3240;0.1492;44.4373;15.1961;0.2558;132.5843
turkish;0.0000;0.1547;26.2954;14.2305;0.1547;45.0116;14.1531;0.0000;130.8974
turkish;0.0000;0.6518;21.1825;16.1235;0.6518;45.3135;15.7821;0.2948;139.9602
turkish;0.0000;1.3078;26.2575;14.0845;1.0060;42.9577;13.9839;0.4024;127.7512
turkish;0.0000;1.9490;28.3358;11.9940;1.7991;43.9280;11.6942;0.2999;125.3589
turkish;0.0000;0.1623;22.7965;16.7166;0.1623;43.3583;16.4669;0.3371;133.6909
turkish;0.0221;0.1986;25.3972;15.2471;0.2648;43.0494;15.0706;0.7502;132.6568
turkish;0.0000;0.2082;27.4632;13.2945;0.2082;45.0319;13.5443;0.2498;127.9950
turkish;0.0000;0.2399;25.5151;14.9450;0.2540;43.6353;14.7897;0.6209;131.0977
turkish;0.0000;0.3270;25.1244;14.7874;0.3270;43.4950;14.7590;1.1802;133.2721
turkish;0.0000;0.2616;25.1000;14.7892;0.2616;44.0597;15.3586;0.1693;131.0867
turkish;0.0000;0.2859;25.0589;15.2035;0.3027;43.7773;15.1699;0.2018;131.7400
turkish;0.0000;0.2980;23.5618;16.3649;0.4355;42.2645;16.1815;0.8939;136.6777
turkish;0.0327;1.0689;25.2291;14.4961;1.2216;43.0192;14.2670;0.6654;131.2837
turkish;0.0000;0.8989;28.6186;12.8784;0.8989;43.6434;12.9884;0.0734;123.9409
turkish;0.0528;0.8455;28.6771;12.5066;0.8279;44.5658;12.4185;0.1057;125.6154
turkish;0.0000;0.7592;28.3514;12.1041;0.7375;45.4881;12.2343;0.3254;127.4013
turkish;0.0150;0.1202;25.8864;15.4147;0.1352;42.9387;15.2644;0.2254;127.8236
turkish;0.0000;0.4208;27.2090;13.6045;0.4208;44.0393;13.1837;1.1220;133.1111
turkish;0.0000;0.1855;25.9406;14.4674;0.2650;43.9057;14.8914;0.3445;130.2158
turkish;0.0000;0.4359;24.4461;15.5467;0.4722;42.8078;15.8554;0.4359;131.6114
turkish;0.0000;0.3035;25.7990;14.6760;0.4106;44.0279;14.4438;0.3392;130.9510
turkish;0.0000;0.0940;24.6356;15.3894;0.1097;44.2094;15.3581;0.2037;132.4202
turkish;0.0000;0.3392;25.2618;15.3517;0.4719;42.7518;14.6439;1.1798;132.8944
turkish;0.0000;0.4192;25.0419;15.2040;0.4472;42.1744;14.7568;1.9564;136.3917
turkish;0.0000;0.4864;26.4205;13.9730;0.5085;44.7048;13.7519;0.1548;129.5872
turkish;0.0000;0.0666;25.1664;15.1576;0.0444;43.2312;15.2241;1.1096;133.7751
turkish;0.0000;0.9500;24.5598;15.2919;0.9731;42.8869;15.1761;0.1622;130.2137
turkish;0.0000;0.1324;27.9148;13.6085;0.1203;44.0019;13.8491;0.3730;127.7659
turkish;0.0000;0.2950;25.7817;14.6018;0.3835;44.2183;14.3953;0.3245;130.9656
turkish;0.0000;0.3127;25.1499;15.0378;0.4170;43.4975;15.0899;0.4952;131.8296
turkish;0.0000;0.2895;24.1372;15.0746;0.2672;43.0862;15.1859;1.9595;139.0022
turkish;0.0000;0.3764;25.2550;14.5823;0.3643;44.6212;14.4488;0.3521;132.8049
turkish;0.0000;0.4595;23.9835;15.4376;0.4595;43.5102;15.5295;0.6203;132.6999
turkish;0.0000;0.3844;26.1582;14.6065;0.3439;43.4149;14.8897;0.2023;128.5714
turkish;0.0000;0.2178;24.4827;16.0096;0.1525;42.8665;16.0314;0.2396;131.3149
turkish;0.0000;0.0610;27.0528;14.3902;0.0407;43.8211;14.3699;0.2642;128.6632
turkish;0.0000;0.1885;26.5083;13.3673;0.1697;45.7579;13.7632;0.2451;131.7380
turkish;0.0000;0.7755;24.7347;15.4082;0.7959;42.9388;15.1429;0.2041;129.8092
turkish;0.0000;0.3257;25.9656;14.9604;0.5351;42.8571;15.0302;0.3257;127.3155
turkish;0.0000;0.3123;25.9201;14.3654;0.4238;44.1892;14.2985;0.4907;130.0174
turkish;0.0000;1.1514;25.3530;14.3167;1.1514;43.2978;14.5557;0.1738;131.0844
turkish;0.0000;0.3978;26.0740;13.9021;0.2387;44.4511;13.6635;1.2729;133.1457
turkish;0.0000;0.4000;25.4364;14.9091;0.8545;42.9455;15.1273;0.3273;128.6568
turkish;0.0000;0.1162;27.3467;13.7779;0.1162;43.6803;13.6385;1.3243;130.8499
turkish;0.0000;0.6818;26.6576;14.2321;0.6136;43.5487;13.9935;0.2727;128.9437
turkish;0.0000;0.1456;25.7219;13.8559;0.0971;44.7950;15.0692;0.3155;133.4115
turkish;0.0222;0.6656;28.2671;12.7357;0.6656;44.5973;12.8467;0.1997;125.8476
turkish;0.0000;0.2361;26.4305;13.9873;0.2725;45.0500;13.9328;0.0908;130.3181
turkish;0.0213;0.5956;26.6539;14.0821;0.6594;43.9056;13.7205;0.3616;130.7163
turkish;0.0000;0.1005;25.5316;14.6660;0.1005;44.7514;14.6660;0.1842;131.7729
turkish;0.0000;0.2952;24.7482;15.6478;0.2779;43.3831;15.4568;0.1910;131.4474
turkish;0.0141;0.2953;25.6785;15.1737;0.3234;43.2007;15.2159;0.0984;129.1409
turkish;0.0135;0.7825;25.9579;14.0853;0.8500;43.7264;14.2337;0.3508;128.6225
turkish;0.0000;0.2374;25.8309;14.7181;0.2226;44.1098;14.6588;0.2226;129.8476
turkish;0.0000;0.3339;25.8288;14.6435;0.2862;44.7174;13.6895;0.5008;132.0923
turkish;0.0000;0.4586;25.2495;14.6749;0.4586;43.3504;15.3763;0.4316;131.5086
turkish;0.0000;0.3988;25.4351;14.5214;0.4351;44.7788;14.4126;0.0181;130.7692
turkish;0.0000;0.2198;25.9736;14.6985;0.2198;43.8442;14.3844;0.6595;131.4536
turkish;0.0000;0.2643;25.0000;14.4292;0.5814;45.0581;14.2442;0.4228;132.3589
turkish;0.0000;0.2113;24.3872;15.2578;0.2113;44.2801;15.2860;0.3663;134.5269
turkish;0.0000;0.2007;26.1814;13.9026;0.2554;44.9553;14.0668;0.4379;132.1376
turkish;0.0000;0.2155;27.3002;13.7686;0.2155;43.5682;14.4365;0.4956;128.7452
turkish;0.0000;0.3583;27.5380;13.5131;0.3583;44.0198;13.7519;0.4607;127.7309
turkish;0.0235;0.8477;25.3591;13.9393;0.8712;43.8192;13.5154;1.6247;136.1268
turkish;0.0000;0.2713;26.0851;14.1486;0.2922;44.7830;14.2738;0.1461;130.8342
turkish;0.0000;0.3815;25.8160;14.7520;0.4875;43.3870;14.9004;0.2755;128.7580
turkish;0.0000;0.1705;24.8521;14.9634;0.1605;44.4489;15.1339;0.2708;133.4197
turkish;0.0000;0.2478;25.4373;14.8834;0.2187;43.9942;15.0146;0.2041;131.2073
turkish;0.0000;0.5910;24.1467;15.2454;0.6272;43.8668;15.0163;0.5066;134.0172
turkish;0.0000;0.1938;26.8734;13.5497;0.2422;45.0743;13.6143;0.4522;129.8912
turkish;0.0000;0.4104;24.6596;15.2770;0.5783;44.0030;14.7734;0.2985;135.4712
turkish;0.0000;0.6066;24.6825;15.3175;0.6445;43.1090;14.9763;0.6635;134.5223
turkish;0.0000;0.4649;25.3487;14.7554;0.5092;43.0153;14.7775;1.1291;132.5668
turkish;0.0000;0.1802;25.4377;15.0618;0.1802;43.6921;15.2935;0.1545;130.1364
turkish;0.0000;0.4074;25.5789;15.3302;0.4288;42.0455;15.7590;0.4503;128.0980
turkish;0.0000;0.1444;24.6287;16.0685;0.1444;42.4711;15.9035;0.6394;130.6548
turkish;0.0000;0.1678;22.6091;16.8519;0.1888;42.0407;17.5231;0.6187;136.4874
turkish;0.0000;1.3210;25.5623;14.5841;1.2139;42.5741;14.4413;0.3035;127.2188
turkish;0.0000;0.2943;25.2453;14.6991;0.2780;44.2446;14.7646;0.4742;131.7884
turkish;0.0178;0.8024;27.1576;13.5877;0.9094;44.3474;12.8388;0.3388;129.2943
turkish;0.0000;1.2792;25.4105;14.3993;1.2792;42.6102;14.7623;0.2593;130.1684
turkish;0.0990;0.0990;25.1485;15.6436;0.1980;42.5743;15.3465;0.8911;130.4625
turkish;0.0000;1.0204;23.1293;15.4762;1.0204;43.3673;14.9660;1.0204;137.1831
turkish;0.0000;0.2005;23.5766;16.1187;0.2005;44.1860;15.5974;0.1203;136.3079
turkish;0.0000;0.4843;27.1186;14.0436;0.4843;43.8257;14.0436;0.0000;127.6265
turkish;0.0000;0.0857;27.5143;13.6286;0.0857;43.9429;13.9143;0.8286;129.2915
turkish;0.0000;0.5282;27.9930;12.3239;0.3521;46.1268;12.5000;0.1761;128.2913
turkish;0.0000;0.2065;26.2216;13.4205;0.2065;46.4556;13.4205;0.0688;133.0377
turkish;0.0000;0.0885;25.9292;14.2478;0.0000;45.3097;14.2478;0.1770;131.5864
turkish;0.0000;0.7299;27.0073;13.5766;0.7299;44.0876;13.7226;0.1460;128.0660
turkish;0.0000;0.4162;24.9740;14.8803;0.4162;44.4329;14.8803;0.0000;130.8333
turkish;0.0000;0.2580;24.8065;15.4810;0.2396;43.5680;15.4626;0.1843;131.5081
turkish;0.0000;0.5754;26.6624;13.8747;0.6394;43.9258;14.3223;0.0000;129.6692
turkish;0.0000;0.1391;26.7038;13.4910;0.1391;45.3408;13.9082;0.2782;132.1016
turkish;0.0000;0.4202;25.4202;15.5462;0.4202;42.4370;15.7563;0.0000;127.4247
turkish;0.0000;0.5027;26.5082;13.6197;0.4570;44.8355;13.9854;0.0914;130.8670
turkish;0.0000;0.1315;27.1532;13.6095;0.0657;45.2991;13.4122;0.3287;129.6530
turkish;0.0000;0.2694;23.6913;16.0701;0.2309;43.0523;15.9546;0.7313;133.3965
turkish;0.0000;0.3872;27.4927;13.6496;0.3872;43.5624;14.2304;0.2904;127.1860
turkish;0.0000;0.3986;26.5376;13.6674;0.3417;44.7039;14.0091;0.3417;129.5558
turkish;0.0000;0.1608;26.2128;14.5001;0.1340;43.7952;14.6878;0.5092;129.4795
turkish;0.0000;0.7380;23.8271;15.9726;0.6326;42.3827;15.9199;0.5271;131.2768
turkish;0.0000;0.5258;26.4307;14.0950;0.5460;44.0445;14.1355;0.2224;128.7512
turkish;0.0000;0.0538;24.1667;15.3226;0.0538;44.3280;15.8871;0.1882;135.8030
turkish;0.0000;0.1035;22.8778;17.2878;0.1035;42.1325;17.3913;0.1035;133.3932
turkish;0.0000;0.0000;25.2737;14.8264;0.0000;44.7294;14.9202;0.2502;132.5320
turkish;0.0000;0.1325;26.5901;14.6201;0.0883;44.0813;14.2668;0.2208;129.0159
turkish;0.0000;1.1551;21.9472;18.4818;0.6601;39.2739;18.4818;0.0000;127.5204
turkish;0.0000;0.3361;22.2689;17.6471;0.0840;41.8487;17.6471;0.1681;132.5000
turkish;0.0000;0.2247;24.6442;15.8052;0.0749;43.2959;15.7303;0.2247;130.2552
turkish;0.0000;0.0000;24.6154;15.8242;0.0000;43.7363;15.8242;0.0000;131.7164
turkish;0.0000;0.1854;25.0309;14.3387;0.1236;44.1286;14.3387;1.8541;139.7528
turkish;0.0000;0.2232;25.3348;14.7423;0.2131;44.3283;14.4379;0.7204;133.8223
turkish;0.0000;0.1429;26.8571;14.2857;0.1429;43.2857;14.8571;0.4286;129.6296
turkish;0.0000;0.3478;25.2932;14.9755;0.3001;43.0578;14.6618;1.3639;134.0979
turkish;0.0000;0.5017;25.0836;15.0502;0.5017;41.6388;16.2207;1.0033;132.5333
turkish;0.0000;0.0739;25.4156;14.4071;0.0369;44.7359;15.2198;0.1108;133.4923
turkish;0.0000;1.1820;27.8960;12.7660;1.1820;43.7352;12.5296;0.7092;126.9962
turkish;0.0000;0.3632;23.9709;15.9806;0.4843;42.1308;16.7070;0.3632;133.8710
turkish;0.0000;0.0575;25.9919;13.8010;0.0575;45.8309;13.9735;0.2875;133.7989
turkish;0.0000;0.1021;26.0470;14.1982;0.1021;45.2503;13.7896;0.5107;133.7748
turkish;0.0000;0.1633;25.3061;15.5102;0.1633;44.6531;13.8776;0.3265;134.8110
turkish;0.0000;0.2801;25.9304;14.0056;0.2401;44.6178;14.2857;0.6403;136.2069
turkish;0.0000;0.1774;26.3473;14.4378;0.1552;44.0674;14.2604;0.5544;131.6488
turkish;0.0000;0.0657;27.4220;14.4499;0.0657;43.6782;14.2200;0.0985;127.9231
turkish;0.0000;0.1880;27.9135;13.8158;0.1880;44.5489;13.0639;0.2820;129.1291
turkish;0.0000;0.1887;26.7925;14.1509;0.0943;44.1509;14.0566;0.5660;129.7674
turkish;0.0000;0.0000;26.0745;15.1862;0.0000;44.1261;14.6132;0.0000;131.3084
turkish;0.0000;0.4471;25.0373;14.8535;0.3477;43.7655;14.8535;0.6955;132.8250
turkish;0.0000;0.1392;25.1218;16.0056;0.0000;42.4495;16.2143;0.0696;130.3551
turkish;0.0000;0.0513;27.3101;13.9630;0.0513;43.5832;14.5277;0.5133;129.6080
turkish;0.0000;0.7752;28.5530;12.5323;1.0336;43.2817;13.5659;0.2584;124.2718
turkish;0.1890;0.7561;23.2514;16.0681;0.9452;42.1550;15.6900;0.9452;134.2229
turkish;0.0000;0.4288;26.9297;13.8937;0.4288;43.3962;14.5798;0.3431;128.8920
turkish;0.0000;0.7255;21.8863;17.0496;0.7255;42.4426;15.9613;1.2092;138.6588
turkish;0.0000;0.3141;27.9581;12.8796;0.0000;45.4450;12.8796;0.5236;128.4034
turkish;0.0000;0.1437;28.1609;13.5776;0.1437;44.7557;13.1466;0.0718;127.8302
turkish;0.0000;0.0000;24.4966;15.9396;0.0000;43.6242;15.9396;0.0000;131.1111
turkish;0.0000;0.3642;25.3460;15.8776;0.0728;43.5543;13.7655;1.0197;137.4276
turkish;0.0000;0.2706;23.9513;16.9147;0.2706;41.4073;16.9147;0.2706;128.3613
turkish;0.0000;0.3822;27.2611;14.4586;0.3185;43.6943;13.6306;0.2548;128.9825
turkish;0.0000;0.2073;26.8912;13.9896;0.2073;44.4560;13.9896;0.2591;130.0429
turkish;0.0000;0.4370;23.8992;16.1008;0.4370;42.4874;16.0000;0.6387;133.4456
turkish;0.0000;0.0375;24.9250;14.9175;0.0375;44.4153;14.8801;0.7871;133.5762
turkish;0.0000;0.0452;27.4740;13.5563;0.0452;44.8260;13.7822;0.2711;129.5011
turkish;0.0000;0.1405;26.5636;13.9845;0.1054;44.4132;14.4765;0.3162;130.7780
turkish;0.0000;0.2966;24.1226;15.7192;0.2966;43.5492;15.5709;0.4449;133.7892
turkish;0.0000;0.0399;27.4611;14.1491;0.0399;44.4002;13.9099;0.0000;127.6407
turkish;0.0604;0.2417;24.5921;15.3474;0.2417;43.8671;15.6495;0.0000;132.6430
turkish;0.0000;0.1775;25.6877;14.6850;0.1775;43.6557;14.9956;0.6211;131.8787
turkish;0.0000;0.2805;25.5259;15.0070;0.5610;44.2496;14.0954;0.2805;132.9897
turkish;0.0000;0.3597;24.1007;16.1871;0.3597;43.5252;15.1079;0.3597;134.0058
turkish;0.0000;1.1006;29.8742;11.5566;1.0220;44.4969;11.6352;0.3145;124.3902
turkish;0.0000;0.1062;26.0754;14.1264;0.1062;44.8752;14.1795;0.5311;135.2682
turkish;0.0000;0.1543;28.0370;13.4593;0.1543;44.2345;13.8064;0.1543;129.5526
turkish;0.0000;0.0951;27.0090;14.3604;0.1902;43.5568;14.3129;0.4755;128.8700
turkish;0.1293;1.3575;26.2443;14.0918;1.4221;42.2107;13.5100;1.0343;130.3383
turkish;0.0000;0.1224;24.5206;15.2591;0.1224;44.2268;15.5039;0.2448;133.9986
turkish;0.0000;0.2222;27.7778;13.1667;0.2222;45.2222;13.3333;0.0556;130.1748
turkish;0.0000;0.8485;23.8788;14.9091;1.4545;41.5758;15.6364;1.6970;136.6397
turkish;0.0000;0.3444;26.7891;14.1982;0.3827;43.8194;14.0069;0.4592;132.6237
turkish;0.0000;0.7457;26.7606;14.6645;0.7457;43.4134;13.5046;0.1657;130.2419
turkish;0.0000;0.1346;25.7739;14.5357;0.0673;44.2799;13.7281;1.4805;135.9828
turkish;0.0000;0.0000;25.6934;15.2157;0.0000;43.1048;15.7935;0.1926;132.3377
turkish;0.0000;0.1435;25.6098;15.3515;0.1435;42.6829;15.5667;0.5022;129.8957
turkish;0.0000;0.4192;25.3377;15.3703;0.6986;42.8039;14.9511;0.4192;129.0586
turkish;0.0000;0.0975;24.8148;15.1852;0.0975;43.7037;15.3996;0.7018;134.3037
turkish;0.0000;0.0000;28.1783;12.7133;0.0348;46.0467;12.8178;0.2090;129.9377
turkish;0.0000;0.5392;25.1961;14.7549;0.2941;43.3824;14.9510;0.8824;131.5113
turkish;0.0000;0.8046;31.4943;10.3448;0.8046;45.1724;10.8046;0.5747;124.0741
turkish;0.0000;0.1399;25.3846;15.7343;0.1399;42.8671;15.0350;0.6993;133.0155
turkish;0.0000;0.2672;26.0521;14.4957;0.2004;43.4202;14.9633;0.6012;129.8265
turkish;0.0000;0.4917;26.3862;14.0945;0.5190;44.0590;14.3130;0.1366;131.0283
turkish;0.0000;0.2582;25.9610;14.6299;0.2582;43.6890;14.8594;0.3442;131.3992
turkish;0.0000;0.6568;25.9442;14.6141;0.8210;43.5140;14.1215;0.3284;130.7087
turkish;0.0000;0.2691;25.3644;14.8912;0.3364;44.4270;14.4651;0.2467;130.7259
turkish;0.0000;0.0775;28.2642;12.9407;0.0775;44.8470;13.3863;0.4068;128.6553
turkish;0.0000;0.6608;27.7533;13.4361;1.1013;43.3921;13.4361;0.2203;125.9928
turkish;0.0000;0.1732;22.6840;16.4502;0.1732;42.5108;16.4502;1.5584;141.6296
turkish;0.0000;0.5673;27.1475;13.4522;0.5673;44.3274;13.6953;0.2431;129.3651
turkish;0.0000;0.1224;26.9850;13.9384;0.1749;44.4211;13.9384;0.4197;130.5644
turkish;0.0000;0.0728;26.9221;14.1887;0.0970;44.4094;13.9947;0.3153;130.0544
turkish;0.0000;0.0495;26.2871;14.8020;0.0495;42.6238;15.1980;0.9901;128.5714
turkish;0.0000;0.1715;26.2752;14.4878;0.1715;44.4492;14.1877;0.2572;131.9239
turkish;0.0000;0.4631;26.9315;13.6242;0.5362;44.6503;13.7217;0.0731;129.9394
turkish;0.0370;0.1848;25.7576;14.3385;1.1826;43.8655;14.2646;0.3695;129.4250
turkish;0.0000;0.8850;27.6106;12.5664;2.4779;44.0708;12.3894;0.0000;125.4054
turkish;0.0000;0.3118;26.1024;13.8530;0.3118;44.2316;14.9220;0.2673;132.6937
turkish;0.0000;0.1326;24.9337;14.9867;0.1326;44.2087;15.4288;0.1768;135.5958
turkish;0.0000;0.1637;25.1801;14.9967;0.1637;43.8114;14.8003;0.8841;134.7924
turkish;0.0000;0.3741;23.0673;16.0848;0.3741;42.0200;17.4564;0.6234;137.3444
turkish;0.0000;0.0800;25.7996;14.5789;0.1066;44.2697;14.7655;0.3998;133.6315
turkish;0.0000;0.3088;28.2553;13.4843;0.3088;43.6953;13.7416;0.2059;125.6410
turkish;0.0000;0.0000;27.9950;12.8120;0.0000;45.7987;13.3111;0.0832;129.4197
turkish;0.0000;0.0528;25.5679;15.0555;0.1057;43.5288;15.0026;0.6867;129.8570
turkish;0.0000;0.1542;25.8802;14.7520;0.1799;43.7163;14.9062;0.4112;130.4549
turkish;0.0000;0.1351;28.8609;13.1472;0.1351;44.3944;12.0666;1.2607;129.6066
turkish;0.0000;0.1746;25.7492;14.8385;0.1746;43.3809;14.5767;1.1056;128.6041
turkish;0.0000;0.1069;25.2316;15.0036;0.1426;43.8703;14.7897;0.8553;133.4101
turkish;0.0000;0.2964;26.6469;13.7352;0.3294;45.1910;13.4717;0.3294;130.3942
turkish;0.0000;0.2288;26.0870;14.3783;0.1144;44.4699;14.3021;0.4195;131.6218
turkish;0.0000;0.3150;24.9869;15.3281;0.3150;43.7270;14.9606;0.3675;132.3308
turkish;0.0000;1.0742;27.0508;12.8906;2.2461;43.2617;12.9883;0.4883;126.2997
turkish;0.0000;0.1977;24.7776;15.1895;0.1647;43.9868;15.3871;0.2965;132.7931
turkish;0.0416;0.2497;24.3862;15.3142;0.3329;43.8618;15.0645;0.7491;135.0171
turkish;0.0000;0.2496;23.8503;15.8289;0.2852;42.8877;15.6863;1.2121;134.3023
turkish;0.0000;0.1336;24.3653;15.1893;0.1336;43.6080;15.4120;1.1581;134.3931
turkish;0.0000;0.3084;23.4802;16.4317;0.3965;42.5110;16.0352;0.8370;133.1429
turkish;0.0000;0.2287;26.3007;14.9800;0.2859;42.7101;14.8085;0.6861;127.5482
turkish;0.0000;0.0000;25.7156;14.9932;0.0000;43.7074;15.4475;0.1363;131.6692
turkish;0.0000;0.2247;24.8315;16.2921;0.2247;42.5843;15.5056;0.3371;131.6574
turkish;0.0279;0.2793;24.7138;15.9453;0.3072;42.1670;15.6660;0.8936;130.3030
turkish;0.0000;0.5658;24.6110;15.5587;0.6365;42.2914;15.1344;1.2023;133.6047
turkish;0.0000;0.3838;25.2268;15.0733;0.3838;43.6846;14.9337;0.3140;132.4203
turkish;0.0000;0.2478;25.5266;14.7460;0.3408;44.4857;13.7856;0.8674;134.8111
turkish;0.0000;0.1736;26.1111;14.5139;0.1389;44.4097;14.2708;0.3819;132.1205
turkish;0.0000;1.1009;25.8716;13.8991;1.2385;43.2569;14.1284;0.5046;130.3371
turkish;0.0527;0.9484;23.0242;16.3330;1.0011;41.5174;16.3330;0.7903;133.9270
turkish;0.0000;0.3230;26.4858;14.9225;0.7106;42.5711;14.6641;0.3230;126.6046
turkish;0.0000;0.1992;28.3865;12.5498;0.1992;45.6175;12.9980;0.0498;128.2974
turkish;0.0000;0.0000;27.5769;14.1953;0.0000;43.5202;14.1953;0.5124;127.2282
turkish;0.0000;0.1981;26.5452;14.1442;0.1981;44.4929;14.1838;0.2377;128.6769
turkish;0.0000;0.1090;26.1580;14.3869;0.1090;44.7956;14.1689;0.2725;130.5436
turkish;0.0000;0.1115;26.7001;14.1026;0.0557;44.9833;13.9353;0.1115;130.0828
turkish;0.0000;0.4249;24.6459;15.0142;0.4249;43.9093;15.1558;0.4249;133.7995
turkish;0.0000;0.0000;24.1049;15.2174;0.0639;44.6292;15.3453;0.6394;135.0427
turkish;0.0000;0.3299;23.5521;15.7258;0.3666;43.3101;16.4773;0.2383;135.4869
turkish;0.0000;0.1596;25.9274;14.5592;0.3989;44.1564;14.5193;0.2792;132.1077
turkish;0.0000;0.3521;27.1127;13.8498;0.3521;44.0141;13.8498;0.4695;127.4621
turkish;0.0000;0.0000;23.2092;16.4470;0.0000;43.1519;16.7335;0.4585;132.0144
turkish;0.0000;0.3310;24.6867;15.1809;0.3547;43.7456;15.3937;0.3074;131.9969
turkish;0.0000;0.0520;25.1821;15.0364;0.0520;44.7971;14.8803;0.0000;132.4370
turkish;0.0000;0.2052;27.1865;13.6958;0.2052;44.5755;13.6189;0.5130;129.2743
turkish;0.0000;0.2639;27.1768;13.9842;0.2639;44.4591;13.7203;0.1319;129.7872
turkish;0.0000;0.0740;27.0590;13.9182;0.0555;44.8269;13.8442;0.2221;129.4557
turkish;0.0000;0.5831;24.1983;14.5773;0.0000;44.8980;14.5773;1.1662;136.9159
turkish;0.0000;1.3097;24.4222;15.0231;1.0786;42.0647;15.9476;0.1541;130.1998
turkish;0.0133;1.3558;22.8366;16.3897;1.3293;40.9677;16.4163;0.6912;129.8268
turkish;0.0000;0.1418;27.8786;12.8191;0.1985;44.4413;13.9535;0.5672;130.6604
turkish;0.0000;0.2865;26.9502;13.9268;0.3526;44.1384;13.8387;0.5068;130.3553
turkish;0.0000;0.0620;23.9454;15.4467;0.0620;43.2382;15.3846;1.8610;138.3817
turkish;0.0000;0.0658;27.6754;13.0044;0.0439;45.8991;13.1798;0.1316;129.2777
turkish;0.0000;1.4849;24.0959;15.2308;1.4702;41.3996;15.9806;0.3381;129.9070
turkish;0.0000;0.3591;24.2729;15.0269;0.3591;43.3752;15.6732;0.9336;136.8282
turkish;0.0000;0.2082;27.8406;13.1767;0.2082;45.2707;13.1767;0.1190;128.2619
turkish;0.0000;0.0829;25.5284;14.3183;0.1036;44.4467;14.7327;0.7874;133.3447
turkish;0.0000;0.0000;28.3694;12.2712;0.0000;46.4642;12.4376;0.4576;130.4609
turkish;0.0000;0.2198;25.9341;14.0934;0.2473;44.7527;14.4231;0.3297;131.1454
turkish;0.0000;0.1871;27.6773;13.4955;0.2079;44.7078;13.3916;0.3327;129.0674
turkish;0.0000;0.0399;28.4631;12.8144;0.0399;45.6687;12.6946;0.2794;128.3237
turkish;0.0000;0.1063;23.3960;16.1999;0.1063;43.0698;16.4835;0.6381;134.7181
turkish;0.0000;0.1885;25.6691;13.8711;0.1885;46.1364;13.7203;0.2262;134.1328
turkish;0.0000;0.0000;27.3659;13.0509;0.0342;45.8490;12.7776;0.9224;132.7324
turkish;0.0000;1.5038;21.8045;17.2932;1.5038;40.0000;16.8421;1.0526;132.5062
turkish;0.0000;0.5647;24.5439;15.5517;0.6950;42.9192;15.4214;0.3041;130.0139
turkish;0.0000;0.2726;25.7788;14.5249;0.5452;43.8084;14.5249;0.5452;130.3218
turkish;0.0000;0.1655;25.5616;14.9208;0.1655;44.5259;14.4715;0.1892;131.9847
turkish;0.0000;0.1086;24.1911;15.4397;0.1086;44.8208;15.0054;0.3257;133.5306
turkish;0.0000;0.0881;25.5507;14.7430;0.0881;44.2584;15.0367;0.2349;130.1505
turkish;0.0000;0.0000;25.9615;15.5220;0.0000;42.7198;15.7967;0.0000;128.2222
turkish;0.0000;0.0743;26.5973;14.0416;0.0743;43.7593;14.4874;0.9658;130.8161
turkish;0.0000;0.0000;26.6807;13.7605;0.0000;45.0630;14.2857;0.2101;129.5567
turkish;0.0000;0.1383;24.5735;16.0443;0.1383;42.5081;16.3670;0.2305;130.5618
turkish;0.0000;0.3371;25.6200;14.6400;0.2889;44.3294;14.6159;0.1686;130.2343
turkish;0.0000;0.1100;23.4323;15.2915;0.1100;44.3344;15.2915;1.4301;136.6025
turkish;0.0000;0.8035;26.8232;13.9061;0.8035;43.3251;14.0297;0.3090;127.4627
turkish;0.0000;0.1015;23.8755;15.6239;0.1015;44.5384;15.5901;0.1691;134.7062
turkish;0.0000;0.5734;24.9153;15.2202;0.5473;42.9502;15.4027;0.3909;129.9474
turkish;0.0000;0.1303;26.9055;14.0717;0.1303;43.7134;14.7883;0.2606;130.7359
turkish;0.0000;0.5565;23.0384;17.0284;0.5008;41.9588;15.7485;1.1686;136.1665
turkish;0.0000;0.3205;26.9231;14.0224;0.4006;44.5513;13.6218;0.1603;130.3069
turkish;0.0000;1.0204;25.2187;15.0146;0.7289;42.7114;14.2857;1.0204;134.2105
turkish;0.0000;0.1540;23.0177;16.7052;0.3849;43.1871;16.0893;0.4619;133.8770
turkish;0.0000;0.5236;24.3455;16.0995;0.5759;42.6702;15.6021;0.1832;130.1646
turkish;0.0000;1.1752;21.7949;16.8803;1.8162;40.8120;17.2009;0.3205;132.4370
turkish;0.0000;0.3927;25.3927;15.7723;0.5236;42.2120;15.4450;0.2618;130.8682
turkish;0.0000;0.1188;28.3848;13.4204;0.0000;45.2494;12.3515;0.4751;129.9611
turkish;0.0000;0.5811;23.6320;16.0291;0.6295;42.1792;15.2058;1.7433;136.2490
turkish;0.0000;0.9339;24.8412;15.2036;0.9712;42.3609;15.1662;0.5230;129.7136
turkish;0.0000;0.1904;25.4641;14.8977;0.2380;44.0743;14.8501;0.2856;132.2654
turkish;0.0000;1.5032;24.0506;15.4272;1.5032;42.3259;15.0316;0.1582;133.7975
turkish;0.0000;0.5626;27.4262;13.2208;0.5626;44.4444;12.6582;1.1252;131.4286
turkish;0.0000;0.0000;26.5391;14.6423;0.0832;43.9268;13.7271;1.0815;132.6203
turkish;0.0000;0.1802;26.4865;14.5946;0.3604;43.7838;14.0541;0.5405;130.3523
turkish;0.0000;0.4032;27.6882;12.9032;0.6720;44.3548;12.6344;1.3441;131.0493
turkish;0.0000;0.1769;27.8302;13.7972;0.2358;44.0448;13.7382;0.1769;127.4074
turkish;0.0000;0.1208;28.1401;13.1643;0.0000;46.2560;11.9565;0.3623;132.8358
turkish;0.0000;0.3303;24.9009;14.4650;0.7266;44.9141;13.9366;0.7266;134.2048
turkish;0.0000;0.3550;24.0077;15.6502;0.4518;42.9493;15.8438;0.7422;136.1600
turkish;0.0000;0.2410;23.7751;15.9036;0.4016;44.0964;15.1004;0.4819;134.9413
turkish;0.0000;0.1891;25.8115;14.5919;0.2836;44.3429;14.1506;0.6303;133.2656
turkish;0.0000;0.0462;25.5771;14.8661;0.0923;44.6445;14.3121;0.4617;132.7893
turkish;0.0000;0.3559;26.2159;14.5907;0.4745;44.0095;13.0486;1.3049;134.9206
turkish;0.0000;0.2168;24.4942;15.5347;0.2168;44.0029;15.1734;0.3613;133.5624
turkish;0.0000;0.0000;26.1725;16.3389;0.0000;42.9652;14.5234;0.0000;130.0254
turkish;0.0000;0.7136;25.8698;14.6298;0.8029;42.2837;14.2730;1.4273;132.8986
turkish;0.0000;0.3275;28.3843;13.4279;0.1092;43.5590;13.8646;0.3275;124.7423
turkish;0.0000;0.0000;27.3342;14.4790;0.0000;43.0311;15.0203;0.1353;126.2870
turkish;0.0000;0.7685;27.9539;13.0644;1.3449;43.7080;13.1604;0.0000;123.2456
turkish;0.0000;0.0000;29.9635;12.0585;0.0000;44.3362;13.1547;0.4872;125.6360
turkish;0.0000;1.4905;23.8938;15.5100;1.5836;41.0806;14.8579;1.5836;134.1062
turkish;0.0000;0.2912;23.7041;16.3075;0.4077;43.5449;15.2398;0.5048;137.4414
turkish;0.0000;0.0994;22.6640;17.0974;0.1988;43.1412;16.5010;0.2982;139.8998
turkish;0.0000;0.0000;25.2604;14.3229;0.0000;45.0521;14.9740;0.3906;132.8657
turkish;0.0000;1.4479;24.0830;15.8784;1.3996;41.7954;14.7683;0.6274;130.1988
turkish;0.0000;0.2283;25.6279;14.8402;0.2854;44.4635;14.0411;0.5137;133.7925
turkish;0.0000;0.3188;25.0576;15.7960;0.4604;43.3859;14.7158;0.2656;131.0345
turkish;0.0000;0.0949;24.0038;16.5402;0.1265;43.0740;16.1290;0.0316;132.2318
turkish;0.0000;0.4127;21.7331;15.9560;1.1004;43.8790;16.9188;0.0000;138.2831
turkish;0.0000;0.0000;28.2828;14.3434;0.0000;43.0303;13.7374;0.6061;125.3205
turkish;0.0000;0.0000;28.3767;14.1264;0.1239;42.7509;14.2503;0.3717;123.8477
turkish;0.0000;0.8351;29.3319;12.6305;0.3132;44.1545;12.4217;0.3132;123.3119
turkish;0.0000;0.0000;25.7005;14.7504;0.0322;44.0258;14.8148;0.6763;131.9792
turkish;0.2896;0.2172;26.6474;14.1202;1.1586;43.3020;13.9030;0.3621;125.9825
turkish;0.0000;0.0000;26.5504;14.7933;0.0646;43.1525;14.7287;0.7106;130.3571
turkish;0.0000;1.5816;22.7175;17.5413;1.6535;39.3961;16.9662;0.1438;126.0726
turkish;0.0000;1.5385;24.7436;16.1538;1.6667;40.5128;14.7436;0.6410;126.1044
turkish;0.0000;0.1222;29.3830;12.6451;0.1222;44.2883;13.1949;0.2443;124.4976
turkish;0.0000;0.1703;23.2690;16.5153;0.1703;42.3383;16.9694;0.5675;137.6894
turkish;0.0000;0.3236;27.1845;13.5922;0.4315;44.5523;13.5922;0.3236;129.7391
turkish;0.0000;0.0391;26.5258;14.6322;0.3521;43.2707;14.9452;0.2347;127.1207
turkish;0.0000;1.3311;25.8985;14.5275;1.1789;42.5366;14.1852;0.3423;125.9829
turkish;0.0000;0.7432;25.6393;15.0164;0.7869;41.8798;15.4973;0.4372;128.2391
turkish;0.0000;0.2854;24.9429;15.0685;0.9132;43.7215;14.8973;0.1712;128.5586
turkish;0.0000;0.4383;24.7965;15.0282;0.2505;44.2079;15.0282;0.2505;132.8252
turkish;0.0000;0.4548;27.5392;13.4917;0.4548;43.9616;13.8959;0.2021;128.2134
turkish;0.0000;0.1256;26.6011;14.3156;0.1256;44.1398;14.3365;0.3558;129.3939
turkish;0.0000;0.1127;25.8174;14.9944;0.3382;43.7430;14.7689;0.2255;129.0036
turkish;0.0000;0.6803;26.1054;14.3707;0.6803;43.1122;14.2007;0.8503;127.4008
turkish;0.3670;0.5505;30.0917;12.8440;0.5505;43.1193;11.5596;0.9174;123.6994
turkish;0.0000;0.0000;25.9494;14.9789;0.0000;44.0928;14.9789;0.0000;128.1457
turkish;0.0000;0.4866;25.1825;15.3285;1.0949;42.7007;15.0852;0.1217;127.4809
turkish;0.0000;0.1168;25.5841;14.2523;0.2336;44.7430;14.9533;0.1168;130.3309
turkish;0.0000;1.4143;24.9853;15.3801;1.4143;40.8368;15.3801;0.5893;127.2640
turkish;0.0000;0.8244;22.3413;16.6529;0.8244;42.1270;16.7354;0.4946;135.4795
turkish;0.0000;0.2028;26.1663;14.5368;0.2028;44.2191;13.7931;0.8790;132.7434
turkish;0.0000;0.5908;25.4062;14.4756;0.5908;44.1654;14.7710;0.0000;130.6763
turkish;0.0636;0.2545;27.3624;14.0948;0.1909;43.6207;14.0948;0.3182;127.3737
turkish;0.0000;0.2094;25.6804;14.6895;0.0000;43.9288;15.1431;0.3489;131.6279
turkish;0.0169;0.3372;26.9600;14.2809;0.5395;43.2979;14.4158;0.1517;126.0032
turkish;0.0000;0.1723;25.6300;14.9257;0.1938;43.6787;15.0549;0.3446;131.1679
turkish;0.0000;0.1016;25.4952;14.6775;0.1016;44.5404;14.8807;0.2031;132.5719
turkish;0.0000;0.1863;26.5952;14.0661;0.1863;44.3875;13.8798;0.6986;131.9466
turkish;0.0000;0.5714;24.2540;15.6825;0.7619;43.0476;15.5556;0.1270;130.5499
turkish;0.0000;0.1374;24.5879;16.3462;0.4121;41.7582;16.6209;0.1374;128.1046
turkish;0.0000;0.4299;22.8719;16.1651;0.5159;42.6483;16.7670;0.6019;134.2975
turkish;0.0000;1.5416;24.4604;15.4162;1.6444;41.6238;15.2107;0.1028;126.7200
turkish;0.0000;0.3142;26.3943;13.4328;0.3928;45.5617;12.8830;1.0212;133.6735
turkish;0.0000;0.1436;26.5199;14.5524;0.1915;43.8009;14.5045;0.2872;128.9596
turkish;0.0940;0.0940;25.8459;15.0376;0.5639;43.3271;14.4737;0.5639;129.1362
turkish;0.0000;0.5355;23.6948;15.5734;0.4016;43.7751;15.5288;0.4909;133.6012
turkish;0.0000;0.1516;25.5497;15.3904;0.3791;43.1387;14.9356;0.4549;129.4811
turkish;0.0000;2.1652;23.9775;14.9960;2.4058;41.5397;14.1941;0.7217;131.3602
turkish;0.0000;0.3831;25.1596;14.5594;0.2554;44.3167;14.8148;0.5109;131.2625
turkish;0.0000;0.9778;24.1199;15.9713;1.1082;41.1995;15.7757;0.8475;129.8027
turkish;0.0000;0.0884;25.7623;14.4498;0.0442;44.6310;14.6708;0.3535;132.5851
turkish;0.0000;0.5693;28.0835;13.4092;0.5693;43.7698;13.0930;0.5060;126.9072
turkish;0.0000;0.7067;26.2367;14.7527;0.7951;42.4028;15.0177;0.0883;127.0718
turkish;0.0000;0.0000;25.6198;13.5537;0.0000;45.6198;13.7190;1.4876;140.8451
turkish;0.0000;0.0986;28.1065;13.9053;0.0986;43.3925;14.2012;0.1972;125.1981
turkish;0.0000;0.4587;22.7829;16.6667;0.3058;41.7431;16.6667;1.3761;135.7683
turkish;0.0000;0.5464;25.0000;16.1202;0.6831;42.3497;14.8907;0.4098;132.4268
turkish;0.0000;0.7024;25.8121;15.3644;0.7902;41.7032;15.2766;0.3512;126.6667
turkish;0.0000;0.3342;22.9741;16.5414;0.1671;43.1913;16.5414;0.2506;133.5165
turkish;0.0000;0.3015;27.3367;14.6734;0.4523;44.3719;12.3618;0.5025;131.0864
turkish;0.0000;0.1466;28.4457;13.1232;0.2933;45.0147;12.7566;0.2199;125.5272
turkish;0.0000;0.0000;27.9736;13.5830;0.0000;44.4934;13.7298;0.2203;127.8037
turkish;0.0000;0.4773;22.6730;17.6611;1.1933;40.5728;17.4224;0.0000;130.9701
turkish;0.0000;0.0000;25.7937;14.2857;0.1984;44.6429;14.4841;0.5952;131.2903
turkish;0.0000;0.0000;22.7618;16.0850;0.0000;44.0061;17.1472;0.0000;138.1313
turkish;0.5267;0.5267;24.9506;15.3390;0.7242;42.4621;15.3390;0.1317;127.3585
turkish;0.0000;0.3756;25.1643;15.3052;0.1878;43.5681;15.0235;0.3756;132.6220
turkish;0.0000;0.4650;24.6440;15.8965;0.4940;41.7321;16.2453;0.5231;129.9384
turkish;0.0000;0.0635;25.6671;14.6442;0.1271;44.0280;14.6442;0.8259;134.2711
turkish;0.0000;0.2008;23.8956;16.7671;0.4016;42.5703;15.7631;0.4016;135.1133
turkish;0.0000;1.0953;22.2344;17.4151;1.2048;41.6210;15.9912;0.4381;140.1109
turkish;0.0000;0.3794;25.7995;15.1220;0.3794;43.0352;15.0678;0.2168;129.7048
turkish;0.0000;0.1058;27.8307;12.5926;0.1058;45.6085;13.1217;0.6349;131.0646
turkish;0.0000;0.1033;25.7231;14.6694;0.2066;44.5248;14.1529;0.6198;131.7647
turkish;0.0000;0.2336;22.6636;16.4330;0.3894;44.3146;15.8100;0.1558;136.8421
turkish;0.0000;0.2111;24.7713;15.2006;0.2111;43.0683;15.1302;1.4075;135.9551
turkish;0.0000;2.3474;26.4085;13.3803;2.1127;41.4319;13.7324;0.5869;124.0296
turkish;0.0000;0.5407;25.9533;14.4280;0.6261;43.5686;14.4280;0.4553;128.4314
turkish;0.0000;0.0000;26.4569;15.2681;0.1166;42.3077;15.6177;0.2331;126.8116
turkish;0.0000;0.1730;25.5528;15.2663;0.2500;43.3378;15.1509;0.2692;129.0510
turkish;0.0000;0.0477;25.7865;14.2040;0.0953;44.7569;14.7283;0.3813;132.8013
turkish;0.0000;0.7007;22.2222;16.8168;0.7007;42.0420;17.4174;0.1001;133.3333
turkish;0.0000;0.2174;23.6957;15.7971;0.2174;43.7681;16.0145;0.2899;133.0654
turkish;0.0000;0.3573;24.2519;15.7213;0.1340;43.5016;15.7213;0.3126;132.4344
turkish;0.0000;0.2988;27.2410;12.6992;0.2490;45.0697;13.1972;1.2450;132.6139
turkish;0.1060;0.9009;23.6354;14.6794;0.7949;44.3031;15.4213;0.1590;134.1006
turkish;0.0000;0.4426;28.2942;13.2448;0.4426;44.5012;12.8022;0.2724;126.8253
turkish;0.0000;0.3255;24.8983;15.4597;0.3255;42.6363;15.4597;0.8950;129.9486
turkish;0.0000;0.6629;21.4015;18.4659;0.7576;40.1515;18.3712;0.1894;136.4907
turkish;0.0000;0.4383;24.1196;15.9180;0.4696;42.6984;16.0432;0.3130;131.7740
turkish;0.0000;0.2937;23.2012;17.0338;0.1468;42.2907;17.0338;0.0000;131.3580
turkish;0.0000;0.1768;25.9281;15.3801;0.2357;42.4867;15.6158;0.1768;128.7671
turkish;0.0400;0.4796;23.1815;15.5476;0.4796;43.9249;16.1471;0.1998;142.0844
turkish;0.0000;0.9257;24.9126;15.3878;0.9463;42.5221;15.0792;0.2263;132.8571
turkish;0.0000;0.1896;24.7788;15.2971;0.4425;44.3742;14.5386;0.3793;134.0956
turkish;0.0000;0.2451;22.1814;17.1569;0.3676;41.9118;17.1569;0.9804;135.4669
turkish;0.0000;0.7380;27.2140;13.7454;0.7380;43.7269;13.7454;0.0923;124.2938
turkish;0.0000;0.1678;26.1745;14.5973;0.1678;44.4631;14.4295;0.0000;129.2683
turkish;0.0000;0.3077;24.1846;14.8923;0.4923;44.9231;15.0154;0.1846;134.0509
turkish;0.0000;0.1762;24.6696;15.3304;0.3524;42.9956;15.5947;0.8811;131.8052
turkish;0.0000;1.0086;23.9193;15.1297;1.1527;43.5159;15.1297;0.1441;131.5294
turkish;0.0000;0.5477;24.0979;15.7216;0.6121;42.7835;16.0760;0.1611;132.0459
turkish;0.0000;1.3177;25.6955;14.0556;1.3909;42.0937;15.3001;0.1464;127.6736
turkish;0.0000;0.8039;25.5225;14.3489;0.8441;42.8457;14.9518;0.6833;130.3685
turkish;0.0978;0.4399;24.9756;14.5161;0.4399;43.0596;15.7380;0.7331;133.6262
turkish;0.3378;0.9009;24.5495;15.6532;0.7883;41.8919;15.6532;0.2252;130.2609
turkish;0.0000;0.5481;25.0000;14.8820;0.7589;43.6341;14.7976;0.3794;133.5399
turkish;0.0000;0.6533;24.0704;16.0302;0.5528;41.7588;16.6332;0.3015;129.5547
turkish;0.0000;0.1064;26.5957;13.2979;0.2128;44.3617;14.5745;0.8511;132.3944
turkish;0.0000;0.6039;26.2077;14.1304;0.6039;43.3575;15.0966;0.0000;128.9827
turkish;0.0000;0.2871;25.7896;15.0352;0.3654;43.4090;14.8786;0.2349;130.6166
turkish;0.1046;0.2092;24.2678;16.1088;0.3138;42.1548;16.6318;0.2092;131.1532
turkish;0.0000;0.3561;27.3504;13.9601;0.7123;43.5185;13.9601;0.1425;126.6892
turkish;0.0000;0.3794;25.0949;15.3930;0.4336;43.0894;15.4472;0.1626;130.0693
turkish;0.0000;0.3261;26.6304;14.1304;0.5435;44.6739;13.3696;0.3261;130.5556
turkish;0.0000;1.5288;22.5719;16.9065;1.6187;40.1978;17.0863;0.0899;126.1808
turkish;0.0000;0.6969;25.6969;14.8084;0.6969;42.4216;15.2439;0.4355;128.2913
turkish;0.0000;0.9540;25.4209;14.1414;0.9540;44.1639;14.1975;0.1684;130.4577
turkish;0.0000;1.0791;24.4604;15.4676;1.0312;42.1343;15.4197;0.4077;129.8706
turkish;0.0000;0.9368;23.2436;15.7494;0.9953;42.7986;15.3981;0.8782;136.1377
turkish;0.0000;0.7395;24.6945;15.9807;0.7074;41.8650;15.7556;0.2572;127.9526
turkish;0.0000;0.5814;27.5581;13.6047;0.5814;44.4186;13.2558;0.0000;127.0073
turkish;0.0000;0.4444;25.6296;14.6667;0.4444;44.0000;14.6667;0.1481;130.0481
turkish;0.0000;0.8411;25.5148;14.7794;0.8121;42.9294;14.8788;0.2445;129.2837
turkish;0.0000;0.5828;24.8252;15.2681;0.5828;43.5315;15.1515;0.0583;128.2628
turkish;0.0000;0.0705;24.4538;15.2925;0.0705;44.0451;15.0106;1.0571;134.3423
turkish;0.0000;0.1575;25.1339;15.2441;0.1575;43.8740;15.0866;0.3465;131.7411
turkish;0.0000;0.0987;26.8870;14.1095;0.1480;44.5979;13.9615;0.1973;130.2158
turkish;0.0000;0.4673;27.2780;14.2523;0.5841;42.8154;14.6028;0.0000;124.3439
turkish;0.0000;0.1474;26.0870;13.7804;0.2211;45.9101;13.7067;0.1474;130.5459
turkish;0.0000;0.3729;26.4728;14.0940;0.3729;44.6682;14.0194;0.0000;129.4675
turkish;0.0000;0.2188;24.8359;15.2516;0.3501;43.6105;15.6674;0.0656;132.6346
turkish;0.0000;1.0687;25.2672;15.1908;1.0687;41.7557;15.2672;0.3817;127.3284
turkish;0.0000;1.9093;25.6961;14.3994;1.5911;41.6070;14.5585;0.2387;123.8329
turkish;0.0000;0.2971;27.1791;13.7678;0.4754;44.1363;13.8273;0.3170;128.0239
turkish;0.0000;0.0000;28.0502;13.3409;0.1140;44.5838;13.7970;0.1140;127.4908
turkish;0.0000;0.7616;27.8751;13.1759;0.6855;43.6405;13.5567;0.3046;126.6833
turkish;0.0000;0.1022;25.7669;14.6217;0.1022;44.3763;14.5194;0.5112;131.7152
turkish;0.0000;0.7528;25.9113;15.2139;0.7132;42.0365;14.9366;0.4358;129.1808
turkish;0.0000;0.8681;27.3438;13.9757;0.9549;43.1424;13.6285;0.0868;125.7618
turkish;0.0000;0.1439;26.5324;14.1583;0.1439;44.6619;13.8705;0.4892;131.9169
turkish;0.0000;0.8798;26.8328;13.7830;0.1466;44.4282;13.6364;0.2933;127.2300
turkish;0.0000;0.3388;27.4421;13.6646;0.0565;44.4946;13.6646;0.3388;126.5571
turkish;0.0000;0.0826;27.1074;13.2231;0.0000;45.6198;13.3058;0.6612;130.5040
turkish;0.0000;0.0727;26.0364;14.2545;0.0727;44.1455;13.3091;2.1091;137.9553
turkish;0.0000;0.2907;24.8547;16.2791;0.4360;41.5698;16.5698;0.0000;126.3982
turkish;0.0000;0.1580;27.1722;14.2970;0.1580;43.9968;14.0600;0.1580;127.2611
turkish;0.0000;0.5225;26.4533;14.5003;0.4572;43.5663;13.7165;0.7838;130.8511
turkish;0.0000;0.3682;25.8285;15.3603;0.3682;41.8727;15.5708;0.6312;128.2901
turkish;0.0428;0.5991;24.1763;15.5327;0.5563;42.7471;15.6611;0.6846;132.9404
turkish;0.0000;0.3652;26.0044;14.4631;0.3652;43.0241;15.2666;0.5113;129.8122
turkish;0.0000;0.6277;25.5493;15.5681;0.5022;42.4357;14.4382;0.8788;131.5297
turkish;0.0000;0.6162;25.1761;15.4049;0.5282;43.1338;14.4366;0.7042;132.8509
turkish;0.0000;0.2740;24.3444;15.4207;0.2740;43.7182;15.1468;0.8219;133.9048
turkish;0.0000;0.1883;25.8004;15.5681;0.2511;43.1890;14.9404;0.0628;128.5141
turkish;0.0000;0.1949;22.6121;16.3743;0.1949;44.0546;16.3743;0.1949;135.4633
turkish;0.0000;0.3120;26.6771;14.3526;0.4680;43.9938;14.1966;0.0000;127.9621
turkish;0.0000;0.0000;26.3485;15.3527;0.0000;42.8423;15.1452;0.3112;126.6223
turkish;0.0000;0.0000;25.7919;14.1780;0.0000;44.3439;14.1780;1.5083;133.3333
turkish;0.0000;0.2134;24.7599;15.4749;0.1067;43.4365;15.3682;0.6403;132.1678
turkish;0.0000;0.2187;27.3324;14.2857;0.3644;44.3149;13.4840;0.0000;128.3737
turkish;0.0000;0.4111;25.7100;14.9664;0.4484;43.5538;14.7795;0.1308;127.3239
turkish;0.0000;0.6596;27.7045;13.9842;0.6596;42.4802;14.3799;0.1319;122.7459
turkish;0.0712;0.6406;27.1174;13.8790;0.5694;44.5552;12.9537;0.2135;129.2763
turkish;0.0000;0.0000;25.8489;14.6916;0.0000;43.9362;14.8302;0.6930;131.1804
turkish;0.0000;0.4706;27.3725;14.0392;0.4706;43.8431;13.8039;0.0000;125.9259
turkish;0.1346;0.8415;27.0279;14.2040;0.6395;42.1407;14.2040;0.8078;125.8824
turkish;0.0000;0.5767;26.9987;13.4731;0.5767;44.9279;13.2634;0.1835;128.3237
turkish;0.0000;0.0943;26.7672;14.7974;0.0943;44.0151;14.2319;0.0000;128.6576
turkish;0.0000;0.2052;25.7866;14.4323;0.2736;43.9808;14.0903;1.2312;134.3478
turkish;0.0000;0.1511;24.4713;15.5589;0.1511;43.8066;15.7100;0.1511;133.4152
turkish;0.0000;2.0392;24.7961;14.8450;2.0392;40.9054;14.5188;0.8564;127.1475
turkish;0.0000;0.9782;26.7188;13.9743;0.9503;43.3482;13.9743;0.0559;125.2237
turkish;0.0968;0.4194;23.0000;16.5806;0.3226;42.5161;16.5484;0.5161;133.0721
turkish;0.0000;0.1718;26.4032;14.4903;0.1718;44.4444;14.0321;0.2864;130.3786
turkish;0.0000;1.2693;24.0254;15.9565;1.4506;41.1605;15.9565;0.1813;127.1552
turkish;0.0000;0.8674;24.0332;15.5764;0.9035;42.6816;15.6849;0.2530;131.4502
turkish;0.0000;0.8361;24.8328;14.7157;0.9197;43.4783;14.8411;0.3763;129.0653
turkish;0.0000;0.9184;26.3265;14.5918;0.9184;42.1429;15.1020;0.0000;125.2412
turkish;0.0000;0.8321;24.2057;16.4145;0.8321;41.9818;15.6581;0.0756;130.5970
turkish;0.0000;1.0495;22.6387;16.9415;2.0990;40.4798;16.6417;0.1499;125.8581
turkish;0.0000;0.6899;26.6769;13.7984;0.5749;43.5416;14.6416;0.0767;129.2269
turkish;0.0481;1.5392;24.2424;15.7287;1.7797;40.6445;15.5363;0.4810;128.7820
turkish;0.0000;1.5960;27.0226;13.7039;1.5410;41.9373;13.8140;0.3853;124.3290
turkish;0.0000;1.2970;25.9403;13.7484;1.4267;43.5798;13.3593;0.6485;128.9583
turkish;0.0000;0.6369;26.1943;14.4108;0.6369;43.3917;13.8535;0.8758;129.8734
turkish;0.0000;1.2590;25.4796;15.1079;1.0192;41.8465;15.2278;0.0600;124.6994
turkish;0.0000;0.8499;27.1955;13.4763;0.8094;43.9498;13.4763;0.2428;126.7891
turkish;0.0000;0.7376;25.1844;15.0685;0.6322;42.7819;15.4900;0.1054;128.2353
turkish;0.0000;1.6094;25.3841;14.8500;1.6094;42.0629;14.4843;0.0000;130.7975
turkish;0.0000;0.9698;30.7112;11.2069;1.0776;44.2888;11.3147;0.4310;121.8698
turkish;0.0000;1.4205;24.4318;16.1932;1.1364;40.3409;16.4773;0.0000;125.3165
turkish;0.0000;1.0285;25.7120;15.0316;1.0285;42.1677;14.7943;0.2373;125.7707
turkish;0.0000;1.9280;24.2931;15.5527;1.5424;41.5167;15.0386;0.1285;126.8994
turkish;0.0000;1.1561;24.4426;15.5244;0.9909;41.7836;15.7721;0.3303;129.3888
turkish;0.0000;0.4732;24.7634;15.2997;0.4732;42.5868;15.4574;0.9464;129.9757
turkish;0.0000;0.7207;25.0450;15.0450;0.7207;43.2432;14.6847;0.5405;131.4286
turkish;0.0000;0.9677;25.3226;15.1861;0.9926;42.1216;15.0620;0.3474;127.9093
turkish;0.0000;0.7459;24.2284;14.9949;0.6944;43.5957;15.6379;0.1029;130.5119
turkish;0.0000;1.7296;24.3711;14.9371;1.7296;42.6101;14.6226;0.0000;126.5882
turkish;0.0000;1.1225;24.7438;15.5198;1.2689;41.6789;15.5686;0.0976;126.0936
turkish;0.0000;1.3441;25.2688;14.7849;0.8065;42.8763;14.7849;0.1344;126.7748
turkish;0.0000;1.1182;25.0469;15.2252;1.0948;42.0316;15.2174;0.2659;127.7001
turkish;0.0000;0.5489;25.1601;15.4620;1.0979;41.9030;15.7365;0.0915;124.3243
turkish;0.0000;1.1323;22.6758;16.8653;1.3111;40.9416;16.8057;0.2682;129.1786
turkish;0.0000;0.7874;26.9291;14.1732;0.7874;42.5197;14.4882;0.3150;125.3102
turkish;0.0000;2.3009;26.5487;13.8053;0.8850;42.4779;13.9823;0.0000;122.2222
turkish;0.0000;0.9063;26.7372;14.0483;0.9063;43.2024;14.0483;0.1511;125.0000
turkish;0.0000;1.3304;23.0599;16.6297;1.3304;39.9113;17.0732;0.6652;131.9298
turkish;0.0000;1.0590;26.4750;14.3722;1.2103;42.2088;14.6747;0.0000;123.6111
turkish;0.0000;1.0542;24.6988;14.7590;1.0542;43.5241;14.7590;0.1506;129.5943
turkish;0.0000;0.8667;22.9686;15.4930;0.8667;43.7703;15.4930;0.5417;134.1506
turkish;0.0000;0.5176;25.9834;15.4244;0.6211;41.8219;15.4244;0.2070;125.1223
turkish;0.0000;0.7564;26.9289;14.0696;0.7564;43.2678;14.2209;0.0000;124.8227
turkish;0.0000;0.7528;27.3526;13.9272;0.7528;42.9109;13.9272;0.3764;126.8924
turkish;0.0000;1.0365;24.2952;16.0862;1.0365;41.5837;15.8375;0.1244;128.6745
turkish;0.0000;0.8202;25.9740;13.9781;0.9228;43.7457;14.3882;0.1709;129.6235
turkish;0.0000;0.8467;25.9949;15.0720;0.7621;42.1677;15.0720;0.0847;123.9102
turkish;0.0000;1.2610;26.2295;15.2585;0.0000;41.4880;15.1324;0.6305;122.3282
turkish;0.0000;0.3571;22.9286;16.7143;0.3571;42.5000;16.9286;0.2143;135.1830
turkish;0.0000;0.0000;22.8125;15.9375;0.0000;43.5938;15.9375;1.7188;137.2549
turkish;0.0000;0.4244;22.9626;16.0866;0.3820;42.7844;16.4261;0.9338;134.7051
turkish;0.0000;0.9146;25.9146;14.5579;0.9146;42.7591;14.4055;0.5335;129.5537
turkish;0.3004;0.2253;25.9106;14.7953;0.5069;43.2407;14.8141;0.2065;126.7930
turkish;0.0000;0.3925;23.6506;16.1923;0.6869;42.1982;16.2905;0.5888;132.1767
turkish;0.0000;0.5587;24.8603;15.2235;0.5587;42.4581;15.2235;1.1173;130.2222
turkish;0.0000;0.1023;25.7801;14.9361;0.1023;43.8363;15.0895;0.1535;131.1793
turkish;0.0000;0.4000;25.7333;14.9333;0.4000;42.9333;15.0667;0.5333;128.9979
turkish;0.0000;0.2350;24.3243;15.1586;0.2350;45.2409;14.6886;0.1175;133.4552
turkish;0.0000;0.1580;28.9100;13.4281;0.1580;44.0758;12.9542;0.3160;124.5658
turkish;0.0000;0.5786;23.6258;15.2363;0.6750;45.6123;14.0791;0.1929;137.0543
turkish;0.0000;0.2870;27.3289;13.2671;0.1987;45.0773;13.0684;0.7726;131.0721
turkish;0.0000;0.1995;25.2584;15.2675;0.2176;43.4814;15.3037;0.2720;130.5060
turkish;0.0000;0.2345;27.4326;14.0680;0.1172;43.9625;14.0680;0.1172;127.2381
turkish;0.0000;0.0627;25.7680;14.3574;0.0627;44.6395;14.6082;0.5016;133.6439
turkish;0.0000;0.1507;25.1224;15.1789;0.3766;43.6911;15.3296;0.1507;131.9095
turkish;0.0000;0.0000;27.8733;13.7608;0.0000;44.5661;13.4089;0.3909;130.8531
turkish;0.0000;0.1059;27.0127;14.3008;0.0000;43.6441;13.9831;0.9534;128.8927
turkish;0.0000;0.8982;24.8503;15.2695;0.8982;42.6647;14.9701;0.4491;131.2500
turkish;0.0000;0.0000;27.3171;14.0650;0.0000;43.3333;14.7967;0.4878;128.1671
turkish;0.0000;0.1966;23.8532;15.3342;0.1966;45.0852;14.6789;0.6553;138.5281
turkish;0.0000;0.1200;28.0112;13.5254;0.1200;44.8980;13.1253;0.2001;127.5862
turkish;0.0000;0.1647;25.2059;14.3328;0.0000;45.9638;14.3328;0.0000;135.1064
turkish;0.0000;0.3344;26.0870;14.1583;0.3344;44.5931;14.3255;0.1672;130.8824
turkish;0.0000;0.2198;25.8791;14.1758;0.2198;45.0000;14.1758;0.3297;131.3933
turkish;0.0000;0.1717;29.1845;12.4464;0.1717;45.5794;12.1888;0.2575;127.9673
turkish;0.0000;0.1416;25.3469;14.3585;0.1133;44.8315;13.7921;1.4160;137.8226
turkish;0.0000;0.1026;25.2950;14.1611;0.1026;44.7409;14.1611;1.4366;136.4759
turkish;0.0000;0.0375;26.4066;13.8035;0.0375;43.3608;14.0660;2.2881;136.1952
turkish;0.0000;0.1575;24.8819;15.4331;0.1050;43.6220;15.5906;0.2100;131.6202
turkish;0.0000;0.0000;24.7432;14.8459;0.0934;44.8179;15.3128;0.1867;135.0467
turkish;0.0000;0.1129;25.0706;14.9633;0.1129;43.7041;15.6409;0.3953;132.9926
turkish;0.0000;0.7553;26.7372;13.4441;0.7553;44.8640;12.9154;0.5287;130.6317
turkish;0.0000;0.2408;26.6942;14.5511;0.3096;43.4813;14.4479;0.2752;127.7868
turkish;0.0000;0.3851;24.2619;15.6611;0.3851;43.3890;15.7895;0.1284;130.8176
turkish;0.0000;0.2160;24.1901;17.0626;0.2160;41.0367;17.2786;0.0000;127.6451
turkish;0.0000;0.0000;25.1073;15.0215;0.0000;43.9914;15.8798;0.0000;132.6087
turkish;0.0000;0.4562;24.5438;15.1916;0.5018;42.9973;15.5338;0.7755;133.2956
turkish;0.0000;0.4828;26.7586;14.2759;0.4828;43.2414;14.4138;0.3448;127.4887
turkish;0.0000;0.0000;27.2349;13.0977;0.0000;46.3617;13.2017;0.1040;131.6151
turkish;0.0000;1.0989;27.0604;13.7363;1.0989;42.8571;14.0110;0.1374;124.6809
turkish;0.0000;0.4848;26.9044;12.7424;0.3809;46.1219;12.9501;0.4155;130.4302
turkish;0.0000;0.2721;27.8912;13.8776;0.2721;43.2653;13.6054;0.8163;127.7027
turkish;0.0000;0.1072;26.1394;15.1206;0.1072;42.6273;15.4692;0.4290;127.6851
turkish;0.0000;0.5614;27.0175;13.1228;0.5614;44.7018;13.4035;0.6316;129.0395
turkish;0.0000;0.1205;24.8193;15.5422;0.2410;42.8916;16.1446;0.2410;130.9198
turkish;0.0000;0.0408;25.2855;14.8450;0.0408;43.6786;15.4160;0.6933;133.3790
turkish;0.0000;0.8902;25.9644;14.5401;0.8902;43.3234;14.3917;0.0000;128.2878
turkish;0.0000;0.1675;26.8007;13.4003;0.1675;44.7236;13.7353;1.0050;130.8901
turkish;0.0000;0.0000;24.3011;15.4839;0.1075;43.8710;15.8065;0.4301;132.7434
turkish;0.0000;0.6486;25.6486;14.5637;0.7665;43.3373;14.1509;0.8844;132.6550
turkish;0.0000;1.1338;24.9433;15.1927;0.9070;42.9705;14.8526;0.0000;128.4211
turkish;0.1575;0.0394;27.4124;13.6668;0.1969;44.5057;13.7456;0.2757;128.5169
turkish;0.0000;0.1643;24.9256;15.0703;0.1643;44.1844;15.1730;0.3182;133.7833
turkish;0.0000;0.1805;24.6841;15.6137;0.1805;43.0505;15.8394;0.4513;134.5954
turkish;0.0000;0.0000;23.7755;16.7859;0.1651;41.9923;16.5658;0.7155;133.1818
turkish;0.0000;0.1516;27.5208;14.1016;0.1516;42.8355;14.7081;0.5307;126.5476
turkish;0.0000;0.0930;25.4884;15.3488;0.0930;43.5349;15.0698;0.3721;131.9084
turkish;0.0000;0.1932;23.2850;16.7150;0.2415;42.5121;16.4734;0.5797;132.4159
turkish;0.0000;0.9524;25.9683;15.0794;1.0159;41.8730;14.5079;0.6032;127.6447
turkish;0.0000;0.9634;24.6628;15.3179;0.9955;41.8112;15.7996;0.4496;130.7325
turkish;0.0000;0.7812;22.9167;16.7783;0.8185;41.1086;16.3318;1.2649;134.6012
turkish;0.0000;0.1468;23.7885;15.5653;0.1468;43.4655;15.5653;1.3216;132.8671
turkish;0.0000;0.7955;23.9459;16.0700;0.9547;42.7208;15.1154;0.3978;133.5052
turkish;0.0000;0.0000;26.6417;15.3846;0.0000;42.9644;14.8218;0.1876;127.8592
turkish;0.0000;0.1520;23.8602;16.4894;0.1520;42.4012;16.2614;0.6839;131.6113
turkish;0.0000;0.3776;25.8630;14.6710;0.3236;44.1748;14.4822;0.1079;129.1113
turkish;0.0000;0.1086;25.4885;15.5884;0.1520;43.1611;15.3713;0.1303;131.3559
turkish;0.0000;0.8547;22.9548;16.4835;0.8547;41.7582;16.8498;0.2442;131.4516
turkish;0.0000;0.2483;27.0019;14.5872;0.3104;43.5754;14.1527;0.1241;129.4411
turkish;0.0000;0.2878;22.8777;17.1223;0.2878;42.1583;16.5468;0.7194;134.9398
turkish;0.0000;0.0000;23.5510;15.6273;0.0000;44.9743;15.4806;0.3668;136.2981
turkish;0.0000;0.2353;27.3529;13.3529;0.2353;45.1765;13.4706;0.1765;129.2426
turkish;0.0000;0.4728;26.5957;14.3026;0.4728;43.3215;14.4208;0.4137;129.2308
turkish;0.0000;0.1209;26.5538;13.4704;0.1451;45.6106;14.0750;0.0242;132.0077
turkish;0.0000;0.0000;26.1578;14.8203;0.0000;43.6828;14.8944;0.4446;130.8894
turkish;0.0000;0.0000;25.5172;14.9425;0.0000;43.6782;15.6322;0.2299;133.0739
turkish;0.0000;0.8237;27.0181;13.7836;0.8237;43.2729;14.0582;0.2197;127.4021
turkish;0.0000;0.5865;27.1261;14.3695;0.4399;44.1349;13.1965;0.1466;129.4900
turkish;0.0000;0.2392;25.5024;14.6890;0.2392;44.1627;14.8804;0.2871;132.4746
turkish;0.0000;0.0000;28.2340;13.1609;0.0000;45.1069;13.2733;0.2250;128.3088
turkish;0.0000;0.1504;26.0150;14.4361;0.1504;44.0602;14.2857;0.9023;131.1721
turkish;0.0938;0.3125;24.8750;15.9688;0.2812;42.4062;15.8750;0.1875;128.5508
turkish;0.0000;0.0000;26.9437;13.8070;0.1340;44.7721;14.2091;0.1340;129.8901
turkish;0.0000;0.1567;26.0188;14.4201;0.1567;44.0439;14.7335;0.4702;131.7460
turkish;0.0000;0.1093;26.1202;14.6448;0.1093;43.8251;14.8634;0.3279;129.4434
turkish;0.0000;0.3571;26.0714;15.7143;0.1786;42.1429;15.5357;0.0000;124.9284
turkish;0.0000;0.1038;28.3489;12.3572;0.2077;45.2752;12.3572;1.3499;130.7823
turkish;0.0162;0.3406;27.5647;14.1919;0.4298;42.4702;14.4676;0.5190;126.8204
turkish;0.0000;0.3891;24.8541;15.2724;0.3405;43.5798;15.1265;0.4377;129.4833
turkish;0.0000;0.2421;27.2801;13.5593;0.6457;44.2292;13.2365;0.8071;130.9585
turkish;0.0000;0.3158;26.9474;13.2632;0.3158;45.2632;13.5789;0.3158;131.0744
turkish;0.0000;1.2440;24.8296;15.5760;0.7498;41.8541;15.4056;0.3408;127.2155
turkish;0.0791;0.3560;23.4177;16.2184;0.5142;43.3544;15.4272;0.6329;134.4388
turkish;0.0433;0.1734;23.8838;15.8214;0.1300;43.7365;15.4746;0.7369;135.6232
turkish;0.0000;0.3195;25.7188;15.9744;0.3195;41.5335;15.8147;0.3195;131.4578
turkish;0.0000;0.4577;23.7986;15.7895;0.4577;43.0206;16.4760;0.0000;131.0219
turkish;0.0000;0.1820;24.2038;15.6051;0.0910;43.5851;15.6051;0.7279;133.5541
turkish;0.0000;0.5251;25.7293;14.3524;0.4084;43.9323;14.8191;0.2334;133.8725
turkish;0.0000;0.2134;23.2657;16.5422;0.2134;42.4760;17.0758;0.2134;134.3310
turkish;0.0000;0.2328;23.9292;16.0615;0.2328;42.9935;16.1313;0.4190;134.3607
turkish;0.0000;0.3271;25.5560;15.3293;0.2617;42.8478;15.0022;0.6760;132.2052
turkish;0.0000;0.4236;24.7794;15.4253;0.4589;41.4755;15.0371;2.4003;137.7854
turkish;0.0000;0.2765;28.0677;12.7895;0.3457;44.6250;12.7549;1.1407;131.6104
turkish;0.0000;0.1161;25.1336;14.7038;0.9059;43.9489;14.7271;0.4646;129.9926
turkish;0.1837;2.2039;22.5895;16.0698;2.5712;39.6694;16.1616;0.5510;130.4348
turkish;0.0000;0.1792;22.6703;16.3978;0.1792;43.6380;16.2186;0.7168;139.9386
turkish;0.0000;0.5085;25.0847;15.4237;0.6780;42.2034;15.9322;0.1695;129.3629
turkish;0.0000;0.0000;24.0343;14.8069;0.0000;45.4936;15.6652;0.0000;136.2989
turkish;0.0000;0.8821;23.8811;16.3345;1.0127;41.8164;15.8118;0.2614;131.9138
turkish;0.0000;0.2353;22.8235;17.1765;0.3529;42.3529;16.7059;0.3529;136.9261
turkish;0.0000;0.2356;26.6196;13.8987;0.2356;44.8763;13.4276;0.7067;130.9434
turkish;0.0000;0.8552;22.1807;17.1566;1.1758;41.2079;17.0497;0.3741;131.6467
turkish;0.0000;0.2880;23.5421;16.2467;0.2880;43.0526;15.9827;0.6000;132.8244
turkish;0.0000;0.1882;24.4040;14.8683;0.1882;46.1731;14.1782;0.0000;136.2538
turkish;0.0000;0.1304;24.9130;15.7826;0.1304;44.0435;14.7391;0.2609;133.3571
turkish;0.0000;0.4908;23.3742;16.3190;0.5521;42.6994;15.9509;0.6135;132.5467
turkish;0.0000;0.0986;28.9798;12.8635;0.0986;43.8640;13.8492;0.2464;125.4079
turkish;0.0000;0.4095;28.4193;13.0221;0.4095;44.7174;12.8583;0.1638;128.1541
turkish;0.0000;0.0000;24.2857;15.9524;0.0000;43.8095;15.7143;0.2381;130.8271
turkish;0.0000;0.1246;25.5399;15.1993;0.1246;43.3140;15.3239;0.3738;130.5689
turkish;0.0000;0.1062;27.9193;13.4820;0.1062;44.1614;14.1189;0.1062;128.6467
turkish;0.0000;0.0000;26.0499;14.5669;0.0000;43.7664;14.9606;0.6562;131.4693
turkish;0.0000;0.1217;24.9392;15.3285;0.1217;44.2822;14.7202;0.4866;134.2052
turkish;0.0000;0.0000;22.6002;16.6464;0.0000;43.6209;16.8894;0.2430;134.5283
turkish;0.0000;1.3402;26.0825;14.0722;0.9278;43.1959;14.2268;0.1546;127.2653
turkish;0.0000;0.1705;23.7852;16.2830;0.1705;41.5175;16.2830;1.7903;134.2657
turkish;0.0000;0.0812;24.6954;15.5158;0.0812;43.2169;15.1909;1.2185;133.0239
turkish;0.0000;0.1603;22.6617;16.9963;0.1603;42.0631;17.1032;0.8552;135.5148
turkish;0.0000;0.3817;26.0632;14.9945;0.3272;43.3479;14.5583;0.3272;127.9325
turkish;0.0000;0.0786;26.4151;13.8758;0.1965;44.6934;14.1903;0.5503;132.0681
turkish;0.0000;0.9098;24.5919;14.9585;0.9633;43.0024;15.2261;0.3479;131.1851
turkish;0.0000;0.1799;26.5588;14.4484;0.0000;44.3046;14.4484;0.0600;129.1585
turkish;0.1008;0.4032;25.6384;14.9530;0.3360;42.9772;14.9530;0.6384;128.8411
turkish;0.0000;0.7163;23.2092;16.0458;0.8596;42.9799;16.0458;0.1433;131.6143
turkish;0.0000;0.0685;29.8186;12.5642;0.1369;45.3612;11.9480;0.1027;124.8941
turkish;0.0000;0.1581;26.6712;14.1373;0.1807;44.0605;14.1825;0.6098;130.6556
turkish;0.0000;0.7342;27.0191;14.6843;0.7342;43.3186;13.2159;0.2937;127.0510
turkish;0.0000;0.1351;27.0270;14.1892;0.1351;43.9189;13.9189;0.6757;131.5556
turkish;0.0000;0.4498;27.5112;13.1184;0.3748;45.0525;13.2684;0.2249;128.5030
turkish;0.0000;0.3274;25.1169;14.8269;0.1403;44.9018;14.5931;0.0935;131.8080
turkish;0.0000;0.4323;25.5043;15.0576;0.4323;43.3718;15.1297;0.0720;132.1002
turkish;0.0000;0.0638;28.3163;12.7551;0.1276;45.0893;13.3291;0.3189;128.4830
turkish;0.0000;1.2866;25.2323;14.6533;1.2866;42.6019;14.5818;0.3574;129.3981
turkish;0.0000;1.3245;22.3510;15.7285;1.6556;41.5563;15.8940;1.4901;134.3575
turkish;0.0000;0.1852;23.1481;16.6667;0.1852;42.5926;15.9259;1.2963;138.1538
turkish;0.0000;0.0724;25.5250;14.9891;0.0362;44.2433;15.0978;0.0362;130.6612
turkish;0.0000;0.2022;26.4825;13.6456;0.1685;44.9461;14.2857;0.2695;129.1710
turkish;0.1068;0.2137;25.9615;13.8889;0.2137;44.8718;14.2094;0.5342;133.3919
turkish;0.0000;0.6819;23.2586;15.0024;0.6819;44.6176;15.0999;0.6576;136.0528
turkish;0.0000;0.4471;24.3666;16.2444;0.3726;41.9523;15.9463;0.6706;129.0541
turkish;0.0000;0.8047;24.2136;16.7520;0.6584;41.3314;15.9473;0.2926;127.1930
turkish;0.0000;1.0083;22.6572;17.0819;0.8304;40.3915;17.4377;0.5931;130.6777
turkish;0.0000;1.0891;21.6832;16.4356;1.5842;42.2772;16.1386;0.7921;138.8800
turkish;0.0000;0.0437;24.2795;15.4585;0.0437;44.1921;15.6769;0.3057;133.1744
turkish;0.0000;0.4934;25.0000;15.4605;0.1645;42.1053;16.4474;0.3289;128.9474
turkish;0.0000;0.7435;23.7918;15.6134;0.3717;42.7509;15.2416;1.4870;136.9697
turkish;0.0000;0.2049;22.5410;17.8279;0.2049;41.5984;17.2131;0.4098;131.6498
turkish;0.0000;0.7117;25.2669;14.5907;0.3559;42.7046;16.0142;0.3559;129.4798
turkish;0.0000;0.4448;25.1297;14.1957;0.3706;45.1446;13.8992;0.8154;132.9843
turkish;0.0000;0.2604;25.1302;15.2344;0.2604;43.6198;15.3646;0.1302;131.1966
turkish;0.0513;0.5133;25.7187;13.9117;0.3593;45.0719;14.1170;0.2567;131.3115
turkish;0.0000;0.6914;25.5185;14.8963;0.0000;43.7461;14.8334;0.3143;128.9869
turkish;0.0000;0.6522;31.3043;11.0870;0.8696;44.7826;11.0870;0.2174;122.8013
turkish;0.0000;1.0226;24.1052;15.1570;0.4383;42.8780;15.6318;0.7670;131.9222
turkish;0.0000;1.0830;20.5776;19.1336;0.0000;40.4332;18.7726;0.0000;127.5000
turkish;0.0000;0.0000;26.6667;14.6875;0.0000;44.0625;14.5833;0.0000;129.6667
turkish;0.0000;0.7944;22.9394;15.7895;0.7944;42.7011;14.7964;2.1847;141.8124
turkish;0.0000;0.4920;25.5843;13.1611;0.4920;45.3875;14.7601;0.1230;133.2685
turkish;0.0000;1.0622;23.0653;16.5402;1.0622;41.5781;16.3885;0.3035;132.6923
turkish;0.0000;0.3215;27.9743;12.8617;0.0000;45.0161;13.8264;0.0000;128.1407
turkish;0.0000;0.0000;23.8095;14.6032;0.0000;46.0317;15.5556;0.0000;140.1070
turkish;0.0000;1.1628;23.6434;16.0207;1.4212;40.8269;16.2791;0.6460;131.9018
turkish;0.0000;0.2941;26.0294;13.5294;0.2941;45.1471;13.6765;1.0294;136.5175
turkish;0.0000;0.1467;23.5057;16.7217;0.1467;41.6942;17.6384;0.1467;132.9664
turkish;0.0000;0.0000;27.1605;13.8889;0.0000;43.8272;14.8148;0.3086;128.0193
turkish;0.0000;0.3968;22.3214;17.7579;0.4960;39.7817;17.8571;1.3889;135.6902
turkish;0.0000;0.1948;21.7645;17.6733;0.1948;42.2210;17.6733;0.2783;135.5110
turkish;0.0000;0.2237;28.6353;12.7517;0.2237;43.5123;12.1924;2.4609;136.2319
turkish;0.0000;0.1140;25.4321;15.2707;0.0760;43.1529;14.6249;1.3295;134.6532
turkish;0.0000;0.2212;21.9027;16.8142;0.0000;43.1416;16.3717;1.5487;144.5736
turkish;0.0000;0.1712;28.1393;13.5845;0.1712;43.4932;14.0982;0.3425;124.8447
turkish;0.0000;0.3628;26.8440;14.2281;0.0000;43.8936;14.3894;0.2821;129.1223
turkish;0.0000;0.0769;28.1154;13.6538;0.0769;44.3077;13.6154;0.1538;127.9217
turkish;0.0000;0.0569;25.8395;14.4565;0.0569;44.7923;14.7980;0.0000;130.6994
turkish;0.0000;0.3439;25.7667;14.7320;0.1433;43.3075;15.6205;0.0860;129.6724
turkish;0.0000;0.1926;25.8669;14.7285;0.1926;43.9405;14.6060;0.4729;130.5118
turkish;0.0000;0.4040;25.3289;14.5033;0.3833;44.5250;14.5861;0.2693;132.3426
turkish;0.0000;0.6849;25.8166;14.8051;0.1054;44.2571;14.2782;0.0527;130.5263
turkish;0.0000;0.0759;26.6515;14.1610;0.1139;43.9636;14.7684;0.2658;130.4294
turkish;0.0000;0.2230;25.3584;15.7056;0.1274;42.2746;16.0242;0.2867;130.1192
turkish;0.0000;0.0000;30.8594;12.1094;0.0000;44.9219;12.1094;0.0000;120.4819
turkish;0.0000;0.3146;26.3820;14.9663;0.2697;43.5506;14.1124;0.4045;132.3270
turkish;0.0000;0.4076;24.7283;15.6250;0.1359;43.0707;15.4891;0.5435;134.2466
turkish;0.0000;0.0969;27.1449;14.9782;0.0969;42.8987;14.6873;0.0969;126.2826
turkish;0.0000;0.1693;25.7278;14.8612;0.1693;43.3988;15.4028;0.2708;130.8669
turkish;0.0000;0.5413;27.8239;13.2804;0.0722;43.8470;13.9661;0.4691;126.4401
turkish;0.0000;0.5146;26.3293;14.2367;0.5146;43.5678;14.1509;0.6861;128.5714
turkish;0.0000;0.4057;27.0934;13.9412;0.3719;43.6493;14.1102;0.4283;128.1737
turkish;0.0000;0.1552;27.6772;13.2437;0.1552;44.6974;13.9162;0.1552;128.4167
turkish;0.0374;0.1868;27.5411;14.2003;0.2242;42.7877;14.7982;0.2242;125.6684
turkish;0.0000;0.2725;27.1935;13.7875;0.1635;44.2507;13.5150;0.8174;129.8338
turkish;0.0000;0.2385;26.7653;14.4084;0.2385;43.3683;14.2176;0.7634;128.1036
turkish;0.0000;0.1251;26.7667;14.5716;0.1251;43.2145;14.8218;0.3752;128.0374
turkish;0.0000;0.2414;25.2069;15.1379;0.2414;43.1724;15.5862;0.4138;130.9735
turkish;0.0000;0.0000;27.7743;13.8252;0.0000;43.9554;14.0112;0.4340;127.5896
turkish;0.0000;0.0000;28.3339;13.5479;0.0000;44.2872;13.6894;0.1415;126.3730
turkish;0.0000;0.1965;26.3261;14.7348;0.1965;44.0079;14.5383;0.0000;129.8742
turkish;0.0000;0.0000;24.1681;14.7110;0.0000;45.3590;15.2364;0.5254;139.1176
turkish;0.0000;0.5790;25.0341;15.4632;0.5109;42.5749;14.9183;0.9196;131.5819
turkish;0.0000;0.2725;27.3842;13.7602;0.1362;44.0736;13.7602;0.6131;128.4464
turkish;0.0000;0.1159;25.5023;15.2628;0.1159;42.8516;15.3014;0.8501;131.3453
turkish;0.0000;0.2516;27.4252;14.0341;0.2516;43.7517;14.0341;0.2516;126.7612
turkish;0.0000;0.2128;26.8936;14.2553;0.1702;43.1915;14.4681;0.8085;128.3737
turkish;0.0000;0.1463;26.2434;14.6870;0.1170;43.7683;14.6870;0.3511;129.4957
turkish;0.0000;0.0000;27.3761;14.2018;0.0000;44.0000;14.3486;0.0734;127.1868
turkish;0.0000;0.6359;26.8680;13.8315;0.6359;43.5612;13.9905;0.4769;128.2500
turkish;0.0000;0.2805;25.1348;15.5340;0.1726;43.1068;15.5124;0.2589;129.1638
turkish;0.0000;0.1549;25.9388;14.5180;0.1549;44.3283;14.5567;0.3484;130.3448
turkish;0.0000;0.3273;25.6956;15.1118;0.4364;43.5897;14.6754;0.1637;130.3742
turkish;0.0000;0.2855;25.1249;15.4889;0.2141;43.0407;15.2748;0.5710;131.1991
turkish;0.0000;0.1422;27.8805;14.0825;0.1422;42.7454;14.4381;0.5690;126.9231
turkish;0.0000;0.0997;26.3709;14.2074;0.0499;44.9651;14.1575;0.1496;129.9035
turkish;0.0000;0.0606;26.9254;13.6446;0.0606;44.9970;14.0691;0.2426;130.3624
turkish;0.0000;0.0000;25.9819;15.7100;0.0000;42.5982;15.7100;0.0000;124.2630
turkish;0.0000;0.1750;24.1470;16.1855;0.1750;42.7603;16.2948;0.2625;132.3009
turkish;0.0000;0.1212;26.4848;14.3333;0.0909;44.4848;14.3333;0.1515;129.0260
turkish;0.0000;0.2829;27.8642;14.0028;0.2829;43.9887;13.4371;0.1414;126.4770
turkish;0.0000;0.0000;25.0806;15.6855;0.0000;43.3871;15.0403;0.8065;133.9468
turkish;0.0000;0.0000;31.4732;10.4911;0.0000;46.6518;10.9375;0.4464;128.4698
turkish;0.0000;0.0000;29.7459;13.0045;0.0000;43.7967;12.2571;1.1958;129.8030
turkish;0.0000;0.0877;25.3509;15.2632;0.0877;43.5088;15.7018;0.0000;132.3529
turkish;0.0000;0.1949;29.9081;13.5338;0.1949;43.2749;12.7820;0.1114;123.2336
turkish;0.0000;0.0894;26.3181;14.8347;0.0894;43.3423;14.3432;0.9830;135.9517
turkish;0.0000;0.2123;30.5308;13.7155;0.2548;41.5287;13.5032;0.2548;117.6544
turkish;0.0000;0.1736;25.2778;15.4861;0.1736;43.1250;15.6250;0.1389;130.7167
turkish;0.0000;2.2005;26.4874;14.4254;1.8745;41.4833;13.1214;0.4075;123.8038
turkish;0.0000;2.4793;26.1708;13.0165;2.4793;41.6667;12.9477;1.2397;130.4904
turkish;0.0000;0.1096;26.3110;15.6404;0.1096;41.5860;16.0241;0.2193;126.9196
turkish;0.0000;0.0647;26.0434;14.7849;0.0647;43.9340;14.8172;0.2912;131.1377
turkish;0.0000;0.3916;28.2428;13.2159;0.4405;44.1997;13.3138;0.1958;127.0983
turkish;0.0000;0.1458;27.5158;15.2649;0.1458;40.7389;15.9456;0.2431;123.7026
turkish;0.0000;0.3390;27.2881;13.7288;0.3390;44.0678;13.7288;0.5085;129.2135
turkish;0.0000;0.1120;25.4199;15.1176;0.1120;44.4569;14.7816;0.0000;131.7930
turkish;0.0000;0.1453;27.8343;14.0988;0.1453;43.0959;14.3169;0.3634;125.7276
turkish;0.0000;0.6925;27.7008;14.1274;0.6925;42.9363;13.8504;0.0000;124.2291
turkish;0.0000;0.1432;26.4853;13.4574;0.1432;45.7409;13.5290;0.5011;132.4601
turkish;0.0000;0.0000;22.7063;16.2993;0.0513;43.4649;16.3506;1.1276;137.1224
turkish;0.1449;0.3986;25.7246;15.8696;0.2536;42.1014;15.3261;0.1812;128.5060
turkish;0.3055;0.0000;27.6986;11.5071;0.0000;48.7780;11.6090;0.1018;132.8682
turkish;0.0000;0.4896;24.2350;15.2999;0.5508;42.9621;15.4223;1.0404;132.6996
turkish;0.0000;0.2427;25.7282;14.0777;1.3350;43.5680;14.5631;0.4854;130.2505
turkish;0.0000;0.7843;26.2745;14.7059;0.7843;43.3333;13.5294;0.5882;128.7500
turkish;0.0000;0.3231;25.3173;15.2781;0.3462;43.8034;14.6088;0.3231;131.8467
turkish;0.0324;0.3240;26.7984;14.2903;0.3240;43.5515;14.3227;0.3564;127.2820
turkish;0.0000;0.1335;24.8331;15.7543;0.1335;43.2577;15.6208;0.2670;130.3688
turkish;0.0000;0.1633;24.2650;15.8656;0.1633;43.2338;16.0056;0.3033;132.1563
turkish;0.0000;1.1022;26.1523;13.9279;1.2024;43.1864;13.6273;0.8016;130.7937
turkish;0.0000;0.2410;24.0964;15.5823;0.2410;42.4900;16.7068;0.6426;135.3947
turkish;0.0000;0.2171;25.9430;15.0068;0.2307;43.4600;14.7490;0.3935;129.3385
turkish;0.0000;0.2256;24.7744;15.3383;0.2256;42.8571;15.0000;1.5789;132.8413
turkish;0.0000;0.5635;25.0211;15.8354;0.4227;42.4627;15.1874;0.5072;131.5124
turkish;0.0000;0.3920;22.9299;16.9035;0.3920;40.8133;17.0505;1.5189;132.5637
turkish;0.0000;0.0537;26.6380;14.8228;0.0537;43.4479;14.7691;0.2148;127.3997
turkish;0.0000;0.1171;26.4637;14.2467;0.1171;44.4184;14.3638;0.2732;129.7468
turkish;0.0000;0.4527;25.8630;14.4878;0.4527;42.8976;14.6576;1.1885;129.4064
turkish;0.0000;0.6856;27.3262;13.7120;0.6856;43.9765;13.5162;0.0979;126.4984
turkish;0.0000;0.0000;27.0701;13.6943;0.0000;45.5414;13.6943;0.0000;131.2500
turkish;0.0000;0.0000;25.1295;15.2850;0.0000;43.2642;15.5440;0.7772;130.5785
turkish;0.0000;0.1640;26.3223;14.8831;0.1640;42.8454;15.3752;0.2460;128.2667
turkish;0.0000;0.8112;24.3363;15.4867;0.7375;42.2566;15.7080;0.6637;134.1019
turkish;0.0000;0.1220;20.7317;19.5122;0.1220;37.9268;20.3659;1.2195;128.7054
turkish;0.0231;0.6231;24.6480;15.6474;0.6693;41.7263;16.0397;0.6231;129.8375
turkish;0.0000;0.9332;27.1611;13.5560;0.9332;43.2220;13.3104;0.8841;127.9330
turkish;0.0000;0.5863;26.7864;13.8146;0.5863;44.1920;13.8512;0.1832;129.0513
turkish;0.0000;0.0565;27.2727;13.7775;0.0000;44.7770;14.0599;0.0565;128.2028
turkish;0.0000;0.0000;24.5729;16.4258;0.0000;43.4954;15.2431;0.2628;133.4052
turkish;0.0000;0.3210;25.9765;14.4730;0.2675;44.1680;14.4462;0.3478;131.1426
turkish;0.0000;0.4158;26.1954;13.9293;0.6237;43.2432;14.1372;1.4553;133.2226
turkish;0.0000;0.3436;25.0515;14.4674;0.4124;44.5361;14.8110;0.3780;133.5020
turkish;0.0000;0.6410;24.9014;15.3846;0.8876;42.1105;15.7791;0.2959;129.3323
turkish;0.0000;0.3172;25.3253;15.0618;0.2928;43.4288;15.2082;0.3660;131.0859
turkish;0.0000;0.1682;25.1472;15.2789;0.1402;43.7903;15.1948;0.2803;132.2656
turkish;0.0000;0.0705;26.6102;13.8458;0.1175;44.6638;14.1514;0.5407;131.4362
turkish;0.0000;0.0813;26.0163;14.5528;0.0813;44.8780;14.2276;0.1626;132.4251
turkish;0.0000;0.0216;26.6925;14.1009;0.0216;44.8469;14.0793;0.2372;129.9897
turkish;0.0000;0.2389;26.4038;13.8590;0.4779;45.0418;13.8590;0.1195;130.7992
turkish;0.0000;0.0000;22.6260;16.6471;0.0000;42.5557;16.7644;1.4068;135.6855
turkish;0.0000;0.0903;26.4951;14.4663;0.0903;44.5046;13.9021;0.4514;131.9157
turkish;0.0000;0.0000;26.5654;14.0422;0.0000;44.2033;14.2591;0.9299;132.6267
turkish;0.0000;0.0000;23.1982;15.3153;0.0000;45.2703;16.2162;0.0000;133.7884
turkish;0.0000;0.0744;26.4137;14.7321;0.0744;43.6756;14.1369;0.8929;131.3380
turkish;0.8299;1.2448;25.8645;16.0443;1.2448;39.1425;15.2144;0.4149;122.4670
turkish;0.0000;0.5926;23.5556;17.3333;0.5926;40.8889;15.8519;1.1852;132.6190
turkish;0.0000;0.0539;25.5795;14.7709;0.0270;44.6631;14.5553;0.3504;132.9130
turkish;0.0000;0.5814;25.6298;14.0504;0.6298;44.9128;13.4690;0.7267;131.8947
turkish;0.0000;0.8408;28.4084;12.6727;0.8408;44.4444;12.6126;0.1802;125.0707
turkish;0.0000;0.2385;26.0496;14.3130;0.2863;44.4179;14.2176;0.4771;133.2052
turkish;0.0000;0.4082;27.6190;13.4694;0.4082;44.4898;13.4694;0.1361;129.6703
turkish;0.0000;0.3484;27.5261;13.5017;0.3484;44.6864;13.2404;0.3484;129.2479
turkish;0.0000;0.5714;27.8367;13.3878;0.5714;44.3265;13.1429;0.1633;127.6843
turkish;0.0000;0.3842;26.0566;14.3905;0.5239;43.5557;14.5651;0.5239;132.6678
turkish;0.0000;0.0000;25.7660;14.6240;0.0000;44.2897;14.7632;0.5571;130.3371
turkish;0.0000;0.1242;20.8075;16.7702;0.1242;45.5280;16.2733;0.3727;141.9552
turkish;0.0000;0.0000;28.2143;12.2222;0.0000;45.9921;12.3016;1.2698;130.7791
turkish;0.0000;0.0000;29.0230;12.5000;0.0000;45.4023;12.5000;0.5747;125.9508
turkish;0.0000;0.0000;22.7154;15.9269;0.0000;44.6475;15.9269;0.7833;137.8261
turkish;0.0000;0.2662;26.3531;13.9308;0.3549;44.8980;14.0195;0.1775;129.8295
turkish;0.0000;0.0000;27.9726;13.4146;0.0000;44.9314;13.3765;0.3049;127.5738
turkish;0.0000;0.0544;24.7733;15.3790;0.0544;43.5981;15.5241;0.6166;133.0220
turkish;0.0000;0.2494;24.5636;15.1496;0.2494;43.6409;15.3367;0.8105;134.9525
turkish;0.0328;0.0984;27.2131;13.2787;0.1311;45.7377;13.0492;0.4590;131.5287
turkish;0.0000;0.1133;28.4986;13.3144;0.1133;43.6827;13.6544;0.6232;126.7225
turkish;0.0000;0.0917;26.7309;14.2137;0.1376;43.8331;14.5346;0.4585;129.7521
turkish;0.0000;0.1200;28.2400;12.9600;0.0800;45.4400;13.0000;0.1600;128.6934
turkish;0.0000;0.0948;26.5424;13.4134;0.1264;45.2721;13.9821;0.5688;131.7969
turkish;0.0349;0.1048;25.8121;15.0541;0.1048;43.8351;14.9494;0.1048;129.8739
turkish;0.0000;0.0000;25.5581;14.3957;0.0000;44.0339;14.3957;1.6166;131.6113
turkish;0.0000;0.2686;23.6084;16.9678;0.2930;42.3096;16.2598;0.2930;132.6227
turkish;0.0000;0.2006;23.9872;17.0076;0.2006;41.7569;16.5664;0.2808;129.9681
turkish;0.0000;0.3172;28.4695;12.6090;0.3172;44.8057;12.2125;1.2688;129.5364
turkish;0.0000;0.1634;29.8611;11.8464;0.1225;45.8333;11.7239;0.4493;127.5768
turkish;0.0000;0.8754;23.7899;15.4995;0.9269;42.5850;15.7055;0.6179;133.3333
turkish;0.0000;0.1499;26.3769;14.4998;0.1499;43.6493;14.8745;0.2997;128.9251
turkish;0.0000;0.0000;23.3184;17.6169;0.0000;40.6791;17.6810;0.7047;128.3480
turkish;0.0000;0.3300;26.7987;14.3234;0.3300;42.3102;14.9835;0.9241;129.6909
turkish;0.0000;1.0085;27.5924;13.7574;1.0603;42.0222;14.0419;0.5172;125.5068
turkish;0.1308;0.2616;28.9732;12.5572;0.3270;44.8659;11.8378;1.0464;128.8357
turkish;0.0000;0.0959;25.4554;15.1486;0.0479;43.1927;15.2445;0.8150;131.7675
turkish;0.0000;0.2849;27.8846;13.4259;0.3205;43.9815;13.4972;0.6054;128.7559
turkish;0.0000;0.7847;24.7018;15.2856;0.7847;42.4043;15.2856;0.7533;131.5708
turkish;0.0000;0.5591;29.0735;12.7796;0.4792;44.4888;11.5815;1.0383;128.5714
turkish;0.0000;0.1138;24.1183;15.4721;0.1138;44.1411;15.9272;0.1138;135.9848
turkish;0.0000;0.2134;24.9733;15.3682;0.2134;43.7567;15.3682;0.1067;130.5699
turkish;0.0000;0.4386;26.8170;13.4085;0.4386;43.8596;14.1604;0.8772;131.1927
turkish;0.0000;0.1174;29.1080;12.7934;0.1174;44.2488;13.3803;0.2347;125.8065
turkish;0.0000;0.0000;25.5512;14.9157;0.0000;44.8119;14.6563;0.0649;129.9197
turkish;0.0000;0.5824;25.9173;14.8515;0.5824;43.3896;14.6185;0.0582;127.6519
turkish;0.0000;1.2681;25.7246;13.4058;1.0870;43.8406;13.0435;1.6304;134.9112
turkish;0.0000;0.0443;27.0474;13.7672;0.0443;45.1085;13.9000;0.0885;129.5520
turkish;0.0000;0.7634;24.9560;15.5021;0.8808;42.5719;14.9149;0.4110;130.3089
turkish;0.0000;0.2235;26.1246;14.7248;0.2235;44.0067;14.0821;0.6147;133.2245
turkish;0.0000;0.0821;23.7118;15.8694;0.0821;44.1183;15.9721;0.1642;133.8961
turkish;0.0000;0.4335;29.1908;12.5000;0.0723;45.5925;12.0665;0.1445;127.0270
turkish;0.0000;0.2210;25.0460;15.3591;0.2210;43.6096;15.4328;0.1105;132.3009
turkish;0.0000;0.6091;26.8004;14.1885;0.3941;43.4970;14.1885;0.3225;127.8374
turkish;0.0000;0.0000;26.6160;13.9924;0.0000;43.8783;14.2205;1.2928;132.5495
turkish;0.0000;0.4873;26.9115;13.9805;0.4873;44.3028;13.3058;0.5247;129.8077
turkish;0.0000;1.0267;25.7700;14.4251;1.3347;41.7351;14.2197;1.4887;128.0234
turkish;0.0000;0.3175;28.7831;12.4868;0.0000;45.1852;12.6984;0.5291;125.5172
turkish;0.0000;0.1940;26.1156;14.4354;0.2328;44.2763;14.4742;0.2716;129.8815
turkish;0.0000;0.3538;25.4717;16.0377;0.3538;41.9811;15.6840;0.1179;124.8687
turkish;0.0334;0.2675;26.0782;15.1120;0.2675;43.0960;15.1120;0.0334;126.9733
turkish;0.0000;0.1870;25.8728;15.0873;0.1870;44.1397;14.2768;0.2494;132.2709
turkish;0.0000;0.7477;28.7227;12.8972;0.8100;43.4268;12.7103;0.6854;123.8002
turkish;0.0000;0.4751;27.3159;14.2518;0.2375;42.5178;14.4893;0.7126;125.0936
turkish;0.0000;0.7363;21.3521;18.6747;0.2008;40.8300;18.0723;0.1339;132.2826
turkish;0.0000;0.1989;28.0080;13.4239;0.1989;44.4813;13.3245;0.3646;128.5714
turkish;0.0000;0.5333;26.4000;13.3333;0.2667;44.8000;13.3333;1.3333;132.2034
turkish;0.0000;0.5143;25.0551;14.9890;0.5143;42.9096;15.2829;0.7348;130.7229
turkish;0.0000;0.3615;25.6477;14.5812;0.3615;44.0651;14.7620;0.2209;131.1528
turkish;0.0000;0.0504;27.6349;14.0696;0.0504;43.8729;13.9183;0.4034;128.1225
turkish;0.0000;0.2092;26.5690;14.2957;0.2092;44.4212;14.1562;0.1395;129.4591
turkish;0.0000;0.0000;25.8603;14.7773;0.0000;44.0283;14.8785;0.4555;130.6809
turkish;0.0000;0.0741;25.8519;14.5185;0.0000;44.1481;14.6667;0.7407;135.0856
turkish;0.0000;0.8547;25.9829;13.6752;0.8547;44.6154;13.5043;0.5128;129.7158
turkish;0.0000;0.8703;22.9765;16.1880;0.9574;42.9069;15.6658;0.4352;132.7052
turkish;0.0000;0.4577;26.1785;14.2792;0.0915;44.1190;14.5995;0.2746;129.3988
turkish;0.0000;0.1263;25.9368;14.4000;0.2105;44.5053;14.3579;0.4632;132.2535
turkish;0.0000;0.0000;28.1359;13.2934;0.0000;45.0775;12.7436;0.7496;128.9062
turkish;0.0000;0.4815;23.5955;16.5329;0.4815;42.8571;16.0514;0.0000;131.6754
turkish;0.0000;0.4196;24.7552;15.2448;0.4196;43.7762;15.2448;0.1399;130.2961
turkish;0.0000;0.4853;26.7938;13.8648;0.4853;44.4367;13.6568;0.2773;130.1339
turkish;0.0905;0.0905;27.1041;13.5747;0.1357;43.9367;13.6652;1.4027;129.1424
turkish;0.0239;0.0239;27.4247;13.8318;0.0239;44.4577;13.9752;0.2389;127.5472
turkish;0.0892;0.0892;26.7618;13.1133;0.0892;46.7440;13.0241;0.0892;129.5850
turkish;0.0000;0.4815;25.2327;15.5698;0.5457;42.9535;14.6388;0.5778;132.5077
turkish;0.1590;1.5372;22.8995;16.3530;1.4312;40.3127;15.9820;1.3252;134.1485
turkish;0.0000;0.0583;29.3706;12.6457;0.0000;45.0466;12.5874;0.2914;126.2439
turkish;0.0000;0.3714;25.4875;15.2739;0.3714;42.5720;15.0882;0.8357;132.7413
turkish;0.0000;0.0000;24.9516;15.2805;0.0000;44.2940;15.4739;0.0000;130.6502
turkish;0.0000;0.0000;28.0628;13.8220;0.0000;44.3979;13.7173;0.0000;126.2267
turkish;0.0000;0.1280;25.2719;15.9949;0.0640;42.6104;15.7390;0.1919;129.0188
turkish;0.0000;0.2278;23.1207;17.3121;0.2278;42.2551;16.8565;0.0000;131.0345
turkish;0.0000;0.1951;23.3420;16.3849;0.2601;43.1730;16.6450;0.0000;133.8727
turkish;0.0000;0.0994;24.8509;14.9105;0.0994;45.0298;14.9105;0.0994;133.0033
turkish;0.0000;0.0000;25.0000;14.7436;0.0000;45.1923;14.9038;0.1603;133.1565
turkish;0.0000;0.3367;25.5051;14.3098;0.3367;44.0236;15.2357;0.2525;131.8306
turkish;0.0000;0.5634;23.7559;15.3991;0.6573;43.0986;16.0563;0.4695;135.2381
turkish;0.0000;0.4831;25.4831;15.3382;0.4831;42.3913;15.0966;0.7246;130.1961
turkish;0.0000;0.1723;23.2558;16.6236;0.3445;42.5495;16.7959;0.2584;131.6597
turkish;0.0000;0.4075;23.6903;15.3667;0.4657;43.5390;16.1234;0.4075;135.0343
turkish;0.0000;0.0000;25.2591;15.0907;0.0648;44.2358;15.1554;0.1943;132.4123
turkish;0.0000;0.0000;24.7166;15.8730;0.0000;43.4240;15.5329;0.4535;132.4675
turkish;0.0000;0.0000;23.4783;16.0000;0.0000;44.1739;15.6522;0.6957;135.6522
turkish;0.0000;0.1701;23.9796;15.9864;0.2551;42.7721;15.9014;0.9354;133.7449
turkish;0.0000;0.5906;25.7874;14.4685;0.6890;43.6024;14.7638;0.0984;129.0123
turkish;0.0000;0.8639;26.1339;14.8308;1.0079;42.5486;14.3269;0.2880;128.7059
turkish;0.0000;0.1754;25.2193;14.9123;0.1316;44.6053;14.7368;0.2193;134.0473
turkish;0.0000;0.0000;22.0423;17.1856;0.0000;43.8356;16.8120;0.1245;135.3659
turkish;0.0000;0.3010;25.5831;14.6727;0.3010;44.2438;14.5974;0.3010;132.6733
turkish;0.1008;0.4032;26.6129;13.8105;0.5040;44.3548;13.9113;0.3024;129.4599
turkish;0.0000;0.2376;25.0000;14.8099;0.3696;44.4034;15.0211;0.1584;132.6247
turkish;0.0000;0.3451;24.9784;15.0129;0.3020;43.8740;15.3581;0.1294;132.8114
turkish;0.0000;0.1062;26.4472;13.5953;0.1062;45.0876;14.2326;0.4249;132.4371
turkish;0.0000;0.0951;23.2794;15.8896;0.0951;43.8947;16.6825;0.0634;135.2693
turkish;0.0000;0.1078;21.5517;16.9720;0.1616;43.3190;17.8341;0.0539;135.7960
turkish;0.0000;0.1001;27.1271;14.6146;0.1001;43.5435;14.3143;0.2002;127.4220
turkish;0.0000;0.8174;26.3397;15.2589;0.4541;42.1435;14.8047;0.1817;125.2161
turkish;0.0000;0.7252;24.4158;15.5520;1.1281;43.2716;14.7462;0.1612;130.9091
turkish;0.0000;0.4020;24.4152;15.4971;0.4386;42.9094;16.1915;0.1462;131.5224
turkish;0.4029;0.9670;24.3352;14.8268;1.0475;42.3046;15.5520;0.5641;131.4324
turkish;0.0000;0.0000;27.3333;14.0000;0.0000;44.4444;12.8889;1.3333;132.8467
turkish;0.0000;0.1689;23.8176;15.8784;1.0135;43.2432;15.7095;0.1689;130.0268
turkish;0.0755;0.5287;25.0755;14.5015;0.6798;44.1088;14.1994;0.8308;131.7343
turkish;0.0000;0.3209;26.0963;14.7594;0.3209;42.6738;15.8289;0.0000;128.7986
turkish;0.0000;0.1733;26.1698;14.0381;0.3466;44.8007;14.1248;0.3466;131.1111
turkish;0.0731;0.0731;26.1696;13.7427;0.0731;45.7602;13.8889;0.2193;132.5856
turkish;0.0000;0.1792;24.0143;16.3082;0.2688;42.6523;16.5771;0.0000;130.8555
turkish;0.0000;0.0394;23.6199;16.0489;0.1577;43.7697;16.2066;0.1577;134.3005
turkish;0.0000;0.0000;28.3333;13.3333;0.0000;44.8485;13.3333;0.1515;125.8373
turkish;0.0000;0.1271;25.6671;15.1207;0.1271;43.3291;15.3748;0.2541;129.3634
turkish;0.0000;0.0000;31.2958;11.2469;0.0000;46.2103;11.2469;0.0000;122.7799
turkish;0.0000;0.2730;23.2082;16.5188;0.1365;43.6860;16.1775;0.0000;134.2045
turkish;0.0000;0.4617;26.1214;13.9842;0.4617;44.5251;14.2480;0.1979;130.3287
turkish;0.0000;0.1280;22.2791;16.5173;0.1280;43.1498;17.5416;0.2561;137.2807
turkish;0.0000;0.0000;25.0000;15.6740;0.0784;43.0251;15.8307;0.3918;131.6731
turkish;0.0000;0.1158;25.8301;14.6332;0.1158;44.1699;14.8263;0.3089;133.0147
turkish;0.0000;0.3695;27.5862;13.4236;0.4926;44.2118;13.5468;0.3695;128.0943
turkish;0.0000;0.1631;25.7679;15.0584;0.2175;43.7619;15.0313;0.0000;129.9559
turkish;0.0000;0.3756;25.3521;14.3662;0.3756;44.0376;15.0235;0.4695;134.6457
turkish;0.0000;1.5785;25.9981;14.6704;2.7855;40.2043;14.6704;0.0929;121.1648
turkish;0.0000;1.2090;20.8981;17.2712;1.3817;41.4508;17.2712;0.5181;134.3750
turkish;0.0000;1.3943;27.4206;13.0906;1.3168;43.6096;12.6259;0.5422;126.7485
turkish;0.0000;1.7128;25.8235;15.5468;1.8445;40.5797;14.4928;0.0000;124.3408
turkish;0.0000;0.0000;24.4094;15.4856;0.0000;43.7008;15.3543;1.0499;131.0484
turkish;0.0000;0.0000;26.8861;14.1289;0.1372;44.8560;13.7174;0.2743;134.8387
turkish;0.1070;0.3209;24.5989;16.2567;0.4278;41.8182;16.2567;0.2139;130.7292
turkish;0.0000;0.3584;25.2688;14.6953;0.3584;44.6237;14.5161;0.1792;131.2500
turkish;0.0699;0.3494;27.1838;14.7449;0.4193;41.9986;15.0943;0.1398;125.1670
turkish;0.0000;0.4678;23.3918;15.3216;0.5263;42.9825;16.0819;1.2281;138.3466
turkish;0.0000;0.0000;26.2987;15.5844;0.1623;42.8571;14.1234;0.9740;130.2326
turkish;0.0000;0.0782;25.0977;15.4027;0.4691;43.0023;15.7154;0.2346;131.2418
turkish;0.0000;0.5230;25.6276;14.3305;0.6276;44.2469;14.4351;0.2092;127.4845
turkish;0.0000;0.1219;24.6571;15.0869;0.1829;44.8034;15.0564;0.0914;131.5462
turkish;0.0000;0.0572;28.0481;14.3102;0.0572;43.1597;14.0813;0.2862;126.4325
turkish;0.0000;1.2177;26.1796;13.8508;1.3699;43.8356;13.2420;0.3044;130.3571
turkish;0.0000;0.0000;25.4959;15.2275;0.0000;43.5239;15.5193;0.2334;129.8464
turkish;0.0000;0.0499;25.2621;14.5282;0.0499;45.7813;14.2287;0.0999;134.2169
turkish;0.0000;0.1109;23.2262;16.3525;0.1663;43.4590;16.2417;0.4435;135.6820
turkish;0.0000;0.0000;25.8287;15.1934;0.0000;43.9227;15.0552;0.0000;129.8643
turkish;0.0000;0.0000;24.1158;15.8842;0.0000;43.6013;15.8842;0.5145;135.2309
turkish;0.0000;0.4054;26.1486;14.3243;0.2027;44.3919;14.0541;0.4730;129.3617
turkish;0.0000;0.0579;23.7543;15.9328;0.0579;43.8007;15.7010;0.6952;134.4569
turkish;0.0000;0.5184;22.5230;16.7627;0.5184;41.9355;17.4539;0.2880;134.1346
turkish;0.0000;0.1859;24.7212;15.1487;0.3717;43.7732;15.6134;0.1859;131.0709
turkish;0.0000;0.0000;24.6556;15.4270;0.0000;43.6639;15.2893;0.9642;134.5372
turkish;0.0000;0.0000;26.3421;13.8577;0.0000;44.8190;13.9825;0.9988;132.5773
turkish;0.0000;0.4065;25.9654;14.1260;0.4065;44.1057;14.4817;0.5081;129.8471
turkish;0.0000;0.5592;26.0019;14.0727;0.5592;44.6412;14.0727;0.0932;128.3262
turkish;0.0000;0.1280;28.0410;13.5723;0.0000;43.7900;13.5723;0.8963;127.4793
turkish;0.0000;0.0000;25.4305;14.9669;0.0000;44.3709;15.0993;0.1325;133.3333
turkish;0.0000;1.0753;27.8743;13.1514;1.9024;43.0935;12.6551;0.2481;123.3668
turkish;0.0000;0.0737;25.8850;15.5605;0.5162;43.2153;14.5280;0.2212;129.1521
turkish;0.0000;0.0000;24.3626;16.3362;0.0000;42.9651;16.1473;0.1889;134.6875
turkish;0.0000;0.0996;24.4024;15.0398;0.1992;44.9203;15.3386;0.0000;135.1974
turkish;0.0000;0.0000;29.1287;12.3537;0.1300;45.7737;12.4837;0.1300;127.2727
turkish;0.0000;0.9207;26.6289;14.3059;0.9207;43.2011;13.9518;0.0708;128.0682
turkish;0.0000;0.6536;26.0712;13.9434;0.6536;44.2992;13.8707;0.5084;129.4521
turkish;0.0000;0.3401;25.2551;14.8810;0.3401;43.3673;15.6463;0.1701;130.4348
turkish;0.0000;1.2143;22.7143;16.2857;1.2143;41.6429;16.5714;0.3571;132.8736
turkish;0.0000;0.0757;27.2521;14.1559;0.0757;44.5117;13.8531;0.0757;129.2191
turkish;0.0000;0.3913;25.1739;14.9130;0.1304;44.0870;15.1304;0.1739;130.7374
turkish;0.0000;0.3589;26.7943;13.9354;0.4187;44.2584;13.9952;0.2392;129.1706
turkish;0.0000;0.5061;24.4939;16.2955;0.6073;41.7004;15.7895;0.6073;133.4437
turkish;0.0000;0.4888;23.9492;15.7380;0.4888;44.0860;15.1515;0.0978;131.1747
turkish;0.0000;0.4739;25.1185;15.0474;0.4739;44.4313;14.3365;0.1185;130.6122
turkish;0.0000;0.4780;25.6214;14.7228;0.4780;44.2639;14.2447;0.1912;129.7337
turkish;0.0000;0.6000;22.6000;15.8000;0.6000;44.8000;15.2000;0.4000;134.5566
turkish;0.0000;0.2016;26.7137;13.9113;0.2016;45.0605;13.8105;0.1008;131.1337
turkish;0.0000;0.7157;24.3354;15.1329;0.7157;44.1718;14.8262;0.1022;130.6581
turkish;0.0000;0.6659;24.6393;15.2053;0.6659;43.8402;14.7614;0.2220;130.4729
turkish;0.0000;0.4270;28.6934;12.8096;0.5124;44.5773;12.8096;0.1708;125.6000
turkish;0.0000;1.0805;24.3639;15.3015;1.1851;42.6978;15.1272;0.2440;130.3840
turkish;0.0000;0.8102;24.3056;15.9722;1.1574;41.6667;15.9722;0.1157;128.0603
turkish;0.0000;0.5197;28.6563;12.1010;0.5197;46.2509;11.9525;0.0000;126.3341
turkish;0.0000;0.2309;25.6351;14.3649;0.2309;44.6189;14.8268;0.0924;132.0941
turkish;0.0000;1.8868;26.2055;14.0461;2.3061;41.5094;13.6268;0.4193;124.2623
turkish;0.0000;0.3040;23.4043;16.1094;0.3040;43.4650;15.8055;0.6079;135.2632
turkish;0.0000;0.0000;27.0085;13.3333;0.0000;45.4701;13.5043;0.6838;131.7549
turkish;0.0000;0.0825;24.0924;15.2640;0.0825;43.9769;15.5116;0.9901;135.1351
turkish;0.0000;0.4260;26.5977;14.5466;0.4260;43.2136;14.5466;0.2435;126.8642
turkish;0.0000;0.2165;25.2525;15.7287;0.2886;42.4964;15.5123;0.5051;129.4393
turkish;0.0000;1.2154;24.6962;15.0219;1.7501;42.1974;14.7788;0.3403;127.7228
turkish;0.0000;0.1797;24.2588;16.0827;0.1797;42.5876;16.3522;0.3594;132.9323
turkish;0.0000;0.1382;26.3303;13.5453;0.1382;45.3352;14.2364;0.2764;133.5632
turkish;0.0000;0.1289;24.3879;15.8183;0.1289;43.3312;15.9472;0.2577;132.6111
turkish;0.0000;0.0688;22.9711;16.9876;0.0688;42.4347;16.9876;0.4814;134.6062
turkish;0.0000;0.0786;27.2013;13.4434;0.0000;45.2437;13.5613;0.4717;130.5503
turkish;0.0000;0.2913;28.1553;13.2039;0.0971;44.0777;13.0097;1.1650;131.7460
turkish;0.0000;0.4515;25.8317;14.5200;0.4753;43.9163;14.0684;0.7367;132.0117
turkish;0.0000;0.1387;24.4105;15.9501;0.1387;42.7184;16.6436;0.0000;129.5011
turkish;0.0000;0.1941;26.4282;14.2263;0.1941;44.6755;14.1431;0.1387;130.0268
turkish;0.0000;0.6141;25.5374;14.8925;0.6653;42.5793;15.6090;0.1024;129.4463
turkish;0.0000;1.6965;25.4477;16.2111;1.8850;39.1140;15.4571;0.1885;122.7606
turkish;0.0000;1.5831;22.2955;16.2269;1.5831;41.4248;16.7546;0.1319;134.0909
turkish;0.0000;0.8651;25.9516;14.1869;0.8651;43.5986;14.5329;0.0000;130.6452
turkish;0.0000;0.8092;26.1272;14.6821;0.8092;42.7746;14.6821;0.1156;127.6557
turkish;0.0000;0.3277;23.5256;15.7929;0.3277;43.1193;16.7759;0.1311;133.2620
turkish;0.0000;0.8180;27.1984;14.5194;0.9543;42.5358;13.9059;0.0682;124.8904
turkish;0.0000;0.1742;25.3920;15.0044;0.2613;44.1202;14.8955;0.1524;130.7067
turkish;0.0000;0.1189;26.5755;13.6742;0.1189;44.7681;14.2687;0.4756;133.5644
turkish;0.0000;0.1937;26.2954;13.8499;0.1937;44.3584;14.5278;0.5811;134.2276
turkish;0.0000;0.0581;23.6490;16.3568;0.0581;43.2016;16.1534;0.5230;134.2373
turkish;0.0000;0.1415;22.9717;16.3679;0.1887;43.1604;15.9906;1.1792;136.9665
turkish;0.0000;0.0000;26.4271;12.8964;0.0000;45.4545;13.5307;1.6913;137.1622
turkish;0.0000;0.1031;27.8351;12.3711;0.1031;45.3608;12.2680;1.9588;135.4027
turkish;0.0000;0.7600;27.2530;12.7036;0.7600;44.5168;13.6808;0.3257;130.3602
turkish;0.0000;0.0481;26.6699;14.6084;0.0961;43.7290;14.3200;0.5286;131.3002
turkish;0.0000;1.4793;25.5424;14.5957;1.7751;42.0118;14.3984;0.1972;126.6244
turkish;0.0000;0.0000;25.5151;14.8970;0.0000;44.0571;14.8970;0.6339;130.0505
turkish;0.0000;0.7547;21.7610;16.2264;1.6352;43.1447;16.3522;0.1258;138.8773
turkish;0.0000;0.9501;24.4656;16.0728;0.5542;42.1219;14.8852;0.9501;134.5223
turkish;0.0679;0.4755;25.4755;15.1834;0.7473;43.2405;14.6399;0.1698;131.7495
turkish;0.0000;0.6309;25.4995;15.5100;1.1041;42.1136;15.0368;0.1052;128.5597
turkish;0.0000;1.0063;23.0189;17.2746;1.2579;40.7547;16.5618;0.1258;131.6279
turkish;0.0000;1.0638;27.1868;14.4208;1.3002;43.0260;12.7660;0.2364;129.7794
turkish;0.0436;0.2617;26.3410;14.9586;0.2617;44.0035;13.6502;0.4797;133.2858
turkish;0.0000;0.0000;25.9563;14.7541;0.0000;43.4426;15.5738;0.2732;131.8584
turkish;0.0000;0.5486;29.0752;11.9906;0.5486;45.1411;12.5392;0.1567;125.9580
turkish;0.0000;0.1175;24.0893;16.6863;0.1175;43.1257;15.7462;0.1175;132.7519
turkish;0.0000;0.5051;25.5556;14.6465;0.6061;42.5253;15.4545;0.7071;132.7273
turkish;0.0000;0.2944;26.2022;15.1129;0.0981;43.0815;15.2110;0.0000;127.8383
turkish;0.0000;0.0000;29.5405;12.2538;0.0000;45.7330;12.2538;0.2188;126.0417
turkish;0.0000;0.0000;30.0633;12.1835;0.0000;45.4114;12.1835;0.1582;123.8095
turkish;0.0000;0.8621;28.3046;12.6437;0.8621;43.2471;12.7874;1.2931;130.3738
turkish;0.0000;0.3328;22.2962;15.9734;0.6656;43.5940;17.1381;0.0000;135.9673
turkish;0.0000;1.2939;19.4085;18.1146;1.2939;41.0351;18.2994;0.5545;143.3022
turkish;0.0000;0.5507;23.8841;16.1449;0.5507;42.6377;15.8841;0.3478;131.9549
turkish;0.0000;0.0890;26.0018;15.0490;0.0890;44.1674;14.2476;0.3562;130.8465
turkish;0.0000;0.3529;23.8039;15.9608;0.2745;43.2549;16.1176;0.2353;131.7810
turkish;0.0000;0.2188;25.6018;15.0985;0.2188;43.6907;14.9526;0.2188;129.2254
turkish;0.0000;0.8439;25.6540;14.8523;0.9283;42.1941;15.1055;0.4219;128.8227
turkish;0.0000;0.2468;25.2160;14.8087;0.2468;44.0971;14.7676;0.6170;133.2419
turkish;0.0000;0.5618;24.1948;15.5805;0.5993;43.2210;15.2809;0.5618;133.7623
turkish;0.0000;0.3968;26.2897;15.5754;0.3968;42.4603;14.7817;0.0992;129.2962
turkish;0.0000;0.0000;28.5141;12.8514;0.0000;46.1847;12.4498;0.0000;127.0440
turkish;0.0000;1.1561;27.3121;12.8613;1.8786;43.7861;12.8613;0.1445;124.7140
turkish;0.0000;0.4307;24.6124;15.5685;0.4307;42.6787;16.0637;0.2153;130.8943
turkish;0.0000;0.1562;27.2415;13.2459;0.1874;44.4549;13.0897;1.6245;133.1505
turkish;0.0000;1.0084;28.2353;12.4370;1.0084;44.0336;12.4370;0.8403;127.0053
turkish;0.0575;1.2651;26.5670;13.5135;1.2076;43.7033;13.6285;0.0575;127.6051
turkish;0.0000;0.5892;25.4124;15.1218;0.7463;42.7337;15.2003;0.1964;129.1002
turkish;0.0000;1.2320;26.1807;13.8604;1.1294;43.0185;14.1684;0.4107;126.4516
turkish;0.0000;0.8364;26.1152;14.2193;0.6506;43.6803;14.1264;0.3717;129.9401
turkish;0.0000;0.2033;24.8645;15.3117;0.2033;43.8347;14.4309;1.1518;134.5133
turkish;0.0000;0.1818;28.3636;13.2727;0.1818;44.7273;13.2727;0.0000;124.7813
turkish;0.0000;0.3264;25.8977;14.6899;0.3264;43.8520;14.5811;0.3264;129.8574
turkish;0.0000;0.3671;28.9280;12.7753;0.3671;44.5668;12.6285;0.3671;125.6647
turkish;0.0000;0.2714;28.3582;12.8901;0.2714;44.6404;13.4328;0.1357;127.9018
turkish;0.6658;1.9973;26.2317;14.3808;2.3968;40.2130;13.8482;0.2663;120.7900
turkish;0.0000;0.1175;25.8519;14.3361;0.1175;44.4183;15.1586;0.0000;132.6810
turkish;0.0000;0.5323;24.4178;14.9701;0.5988;43.9122;14.7705;0.7984;134.4902
turkish;0.0000;0.1340;25.6032;13.5389;1.0724;43.9678;15.0134;0.6702;129.6610
turkish;0.0000;0.2294;26.6055;13.5321;0.6881;45.1835;13.3028;0.4587;129.9270
turkish;0.0000;0.8253;27.5103;13.0674;1.3755;44.7043;12.5172;0.0000;126.9737
turkish;0.0000;0.3800;26.2215;13.7894;0.9772;44.6797;13.7894;0.1629;130.0176
turkish;0.0000;0.0000;23.9130;16.1836;0.4831;43.4783;15.2174;0.7246;133.8583
turkish;0.0000;0.9605;25.0847;14.0678;1.1299;44.3503;14.2373;0.1695;131.6389
turkish;0.0000;0.0000;27.9133;13.2791;0.2710;44.1734;13.8211;0.5420;128.3843
turkish;0.0000;0.2841;28.9773;11.9318;0.2841;46.3068;12.2159;0.0000;128.6996
turkish;0.0000;0.6849;26.3699;13.3562;1.0274;43.8356;14.3836;0.3425;131.5789
turkish;0.0000;0.1224;23.2558;15.2999;0.6120;43.8188;16.6463;0.2448;136.5145
turkish;0.0000;0.5969;25.2306;15.0841;0.3798;42.9192;15.1926;0.5969;129.4719
turkish;0.0000;0.3175;29.5238;11.7460;0.3175;45.7143;12.0635;0.3175;125.2475
turkish;0.0000;0.4280;25.1070;15.2639;0.8559;42.9387;15.1213;0.2853;129.6629
turkish;0.0000;0.9831;27.8090;13.0618;0.2809;43.9607;13.6236;0.2809;124.0426
turkish;0.0000;1.3198;24.2640;14.3147;0.9137;43.3503;15.3299;0.5076;133.4432
turkish;0.0000;0.5472;26.8126;13.8167;0.2736;44.5964;13.9535;0.0000;130.5430
turkish;0.0000;1.2605;27.9412;13.0252;1.4706;42.8571;13.4454;0.0000;122.8228
turkish;0.0000;0.0000;30.2479;12.0661;0.0000;45.6198;12.0661;0.0000;124.2967
turkish;0.0000;0.4132;25.7576;13.7741;0.4132;44.9036;13.7741;0.9642;135.3488
turkish;0.0000;0.5618;25.4682;14.6067;0.3745;43.4457;15.1685;0.3745;132.0755
turkish;0.0000;1.1834;23.0769;13.9053;0.8876;43.4911;14.7929;2.6627;137.9310
turkish;0.0000;0.6954;27.9555;12.5174;0.9736;45.0626;12.3783;0.4172;125.8696
turkish;0.0000;2.7954;18.8056;19.4409;3.5578;35.8323;16.7726;2.7954;138.0000
turkish;0.0719;0.4313;24.4428;15.0971;0.4313;43.0625;15.7441;0.7189;134.9412
turkish;0.0000;0.9772;26.4929;12.7036;0.9772;43.8654;14.4408;0.5429;129.7251
turkish;0.0000;0.0000;26.7959;13.9111;0.0000;45.2680;13.9111;0.1140;131.9149
turkish;0.0000;0.1480;26.8837;14.3165;0.1346;43.3800;14.8816;0.2557;129.4931
turkish;0.0000;0.1650;27.3927;13.6964;0.1650;44.2244;13.8614;0.4950;128.5714
turkish;0.0000;0.2475;29.9505;11.8812;0.0000;45.0495;11.1386;1.7327;128.6822
turkish;0.0000;0.0000;25.7319;15.2542;0.0000;42.0647;15.4083;1.5408;131.0345
turkish;0.0000;0.2169;25.7701;15.2278;0.2603;42.8200;15.3145;0.3905;129.7491
turkish;0.0000;0.1505;26.1475;14.6727;0.1881;44.0181;14.6351;0.1881;129.0049
turkish;0.0000;0.2207;27.8034;13.5607;0.1404;44.0722;13.8415;0.3611;129.2575
turkish;0.0000;0.3271;26.4252;14.5327;0.1402;43.5514;14.7196;0.3037;128.8123
turkish;0.0000;0.4480;26.7520;14.3040;0.4480;43.2000;14.2080;0.6400;129.0835
turkish;0.0000;0.4486;23.8131;16.5981;0.4486;42.1308;16.1495;0.4112;133.4377
turkish;0.0000;0.1403;26.2272;14.4460;0.1403;43.8990;13.8850;1.2623;132.4263
turkish;0.0000;0.4539;27.8366;12.7080;0.4539;45.1589;12.4811;0.9077;131.6583
turkish;0.0000;0.5731;26.0745;14.8281;0.4298;42.9799;15.0430;0.0716;128.2635
turkish;0.0000;0.0206;27.0615;13.4279;0.0206;45.6920;13.5513;0.2262;130.5894
turkish;0.0000;0.0342;23.7444;16.6040;0.0342;42.9792;16.2965;0.3075;132.5221
turkish;0.0000;0.8465;26.4108;14.2777;0.5643;43.0587;13.8826;0.9594;130.5936
turkish;0.0000;0.7129;26.6040;14.2579;0.6157;43.1627;14.1607;0.4861;128.0992
turkish;0.0000;0.0952;24.6073;16.2304;0.0952;42.2656;16.4683;0.2380;131.8784
turkish;0.0000;0.2165;24.1703;16.1616;0.1443;42.9293;16.0173;0.3608;131.1765
turkish;0.0000;0.3745;26.8727;14.4663;0.0936;43.5393;14.5131;0.1404;126.9859
turkish;0.0000;0.0000;26.6145;14.4814;0.0000;44.2270;14.6771;0.0000;130.0676
turkish;0.0000;0.1018;26.1202;15.4277;0.1018;42.4134;15.6314;0.2037;126.6447
turkish;0.0000;0.0000;25.0866;15.9327;0.0000;42.8501;15.8337;0.2969;129.4830
turkish;0.0000;0.1213;26.1499;14.0975;0.0808;44.9115;14.3157;0.3233;130.6815
turkish;0.0000;0.0600;24.8850;15.1030;0.0600;44.5489;15.2230;0.1200;132.5981
turkish;0.0000;0.0000;30.0420;11.9748;0.0000;44.9580;13.0252;0.0000;125.0847
turkish;0.0000;0.1122;24.0180;15.6004;0.1122;44.3322;15.7127;0.1122;133.5175
turkish;0.0000;0.0477;26.9776;14.1015;0.0796;44.4692;14.0856;0.2387;128.3797
turkish;0.0000;0.0778;26.9051;13.8802;0.0778;44.6734;13.9191;0.4666;130.4130
turkish;0.0000;0.1103;26.4019;14.0283;0.1103;45.0634;14.0651;0.2206;130.4655
turkish;0.0000;0.2468;25.5676;14.5607;0.1974;44.4719;14.6594;0.2962;130.4584
turkish;0.0000;0.0569;23.7472;16.5148;0.0000;42.6538;16.8565;0.1708;132.5095
turkish;0.0000;0.6404;25.8005;14.8216;0.6404;42.0860;14.9131;1.0979;129.5421
turkish;0.0000;0.1318;29.1502;13.6364;0.0988;43.3465;13.4058;0.2306;125.0672
turkish;0.0000;0.0778;24.5723;15.0078;0.0778;44.4012;14.9300;0.9331;134.3038
turkish;0.0000;0.2326;25.1163;15.3488;0.0000;43.2558;15.3488;0.6977;131.8182
turkish;0.0000;0.8621;28.1609;13.5057;0.7184;42.7443;13.7213;0.2874;123.7136
turkish;0.0000;0.6886;27.3353;13.6527;0.4491;44.1617;13.3832;0.3293;127.4247
turkish;0.0000;0.2581;26.8710;14.5484;0.2581;43.4194;14.2258;0.4194;128.6314
turkish;0.0000;0.9299;23.8197;15.8083;0.9299;42.7039;15.3791;0.4292;133.8028
turkish;0.0000;0.1318;26.3047;14.3384;0.0791;44.4386;14.1539;0.5535;129.7872
turkish;0.0000;1.2250;26.0923;16.3332;0.9800;38.8730;16.2924;0.2042;120.1983
turkish;0.0000;0.2525;28.4220;12.7502;0.2525;44.6168;13.4536;0.2525;129.1456
turkish;0.0000;0.0898;26.5049;14.6900;0.0898;43.3513;14.6451;0.6289;129.5827
turkish;0.0000;0.1414;27.0028;15.1272;0.1414;41.8944;15.2922;0.4006;126.9291
turkish;0.0000;0.1120;28.0112;13.7815;0.1681;44.2017;13.5014;0.2241;128.4007
turkish;0.0000;0.1204;26.9200;13.9952;0.1070;44.6347;13.8614;0.3613;130.7963
turkish;0.0000;0.7016;25.6278;14.9926;0.6278;43.1684;14.4018;0.4801;132.4022
turkish;0.0000;0.1104;27.1243;13.8380;0.0662;44.4273;14.2573;0.1766;128.8841
turkish;0.0000;0.1745;24.9564;15.1832;0.0000;43.1065;14.4852;2.0942;137.8698
turkish;0.0000;0.3037;26.5715;14.1512;0.2733;43.7291;14.8800;0.0911;130.8846
turkish;0.0000;0.2010;29.0452;12.4623;0.1005;45.4271;12.6633;0.1005;127.6490
turkish;0.0000;0.3203;27.0019;13.6771;0.2562;44.4907;13.6771;0.5766;131.0776
turkish;0.0000;0.4627;24.4965;16.1949;0.4083;42.2156;16.0316;0.1905;130.2923
turkish;0.0000;0.7458;28.4746;13.9661;0.7458;42.1017;13.8305;0.1356;122.9923
turkish;0.0000;0.4558;26.7092;14.6764;0.4558;43.3911;14.0383;0.2735;127.5035
turkish;0.0000;0.5970;24.9254;15.5224;0.5970;42.8358;15.0746;0.4478;130.0716
turkish;0.0000;0.4261;23.6898;15.8500;0.4261;42.7780;16.0205;0.8095;130.4657
turkish;0.0000;0.0000;29.2831;12.0899;0.0608;45.9295;11.7861;0.8505;127.3585
turkish;0.2137;0.3205;25.7479;14.9038;0.3205;42.5748;15.0641;0.8547;128.0656
turkish;0.0000;0.1558;25.4841;15.1792;0.1558;43.5566;15.1569;0.3116;131.0061
turkish;0.0000;0.4619;27.3287;14.3187;0.8468;42.8791;14.0878;0.0770;127.5126
turkish;0.0000;0.0000;23.3255;16.5485;0.0000;44.2080;15.6816;0.2364;136.4917
turkish;0.0000;0.1955;24.9919;15.1841;0.1955;43.7602;15.2819;0.3910;132.5519
turkish;0.0000;0.6233;26.6251;14.1585;0.6233;43.2769;14.0695;0.6233;129.4630
turkish;0.0000;0.0000;23.5849;16.0377;0.0000;44.1038;16.2736;0.0000;133.9921
turkish;0.0000;0.4798;25.5278;15.3551;0.4798;42.7063;15.3551;0.0960;127.0928
turkish;0.0000;0.1816;26.6255;13.8031;0.2543;45.1144;13.6578;0.3632;131.9001
turkish;0.0000;0.8505;25.6379;13.9733;1.0936;43.3779;14.3378;0.7290;131.0139
turkish;0.0000;0.1610;24.4869;14.6881;0.1811;45.3521;14.6881;0.4427;134.7939
turkish;0.0000;0.0876;24.9343;15.1621;0.1753;44.1280;15.2936;0.2191;132.1075
turkish;0.0000;0.0766;26.2902;14.0521;0.0766;45.0179;14.3843;0.1022;131.9053
turkish;0.0000;0.0673;23.8565;15.4036;0.0897;44.9776;15.4484;0.1570;134.0608
turkish;0.0000;0.1616;26.6236;13.8611;0.1292;45.0081;14.0549;0.1616;130.5058
turkish;0.0000;0.0000;26.1094;14.0351;0.0000;44.7540;14.6199;0.4816;131.8258
turkish;0.0000;0.0956;24.9821;15.4674;0.0717;43.6051;15.5152;0.2630;131.1769
turkish;0.0000;0.3919;26.3449;14.5173;0.3919;43.8368;14.3926;0.1247;129.7145
turkish;0.0000;0.2315;25.8488;14.8920;0.3086;43.8272;14.5062;0.3858;131.7781
turkish;0.0000;0.1209;26.0431;14.5132;0.1613;44.5072;14.2915;0.3628;131.6287
turkish;0.0000;0.1292;25.3996;14.5325;0.1292;45.4545;14.1450;0.2099;133.7249
turkish;0.0000;0.3769;21.7337;16.3317;0.1256;44.7236;16.5829;0.1256;139.4958
turkish;0.0000;0.2979;27.2727;13.8330;0.2740;43.8222;14.0951;0.4051;129.5522
turkish;0.0000;0.9657;24.4635;14.4313;0.9657;44.0451;14.8605;0.2682;131.3333
turkish;0.0000;0.0000;30.2594;10.9510;0.0000;47.6465;10.9510;0.1921;126.7564
turkish;0.0000;0.4103;24.9231;14.6667;0.5128;43.7949;15.0769;0.6154;131.1258
turkish;0.0000;0.2415;26.2983;14.0097;0.2114;44.5048;14.0700;0.6643;132.5211
turkish;0.0000;0.7389;25.2463;16.1330;0.7389;42.4877;14.1626;0.4926;130.6202
turkish;0.0000;0.8314;24.3468;16.1520;0.8314;42.2803;15.0831;0.4751;131.8618
turkish;0.0000;0.8475;24.3341;16.4649;0.8475;41.7676;15.2542;0.4843;130.2326
turkish;0.0000;0.4667;26.4877;14.8191;0.4667;43.1739;14.1190;0.4667;128.9720
turkish;0.0000;0.4884;23.6874;17.2161;0.4884;41.1477;16.2393;0.7326;129.9228
turkish;0.0000;0.9646;26.0450;15.4341;0.9646;41.6399;13.9871;0.9646;127.2277
turkish;0.0000;0.9627;25.8724;15.1625;0.9627;42.2383;14.3201;0.4813;128.7091
turkish;0.0000;0.8454;25.2415;15.4589;0.8454;42.3913;14.6135;0.6039;130.8911
turkish;0.0000;1.4493;21.7391;18.2195;1.4493;40.3727;16.3561;0.4141;133.2237
turkish;0.0000;0.0943;25.7547;15.8491;0.1887;42.9245;14.2453;0.9434;131.4675
turkish;0.0000;1.0088;25.3468;15.2585;1.1349;42.2446;13.9975;1.0088;132.3944
turkish;0.0000;0.8418;24.0741;16.3300;0.8418;41.7508;14.9832;1.1785;132.5333
turkish;0.0000;0.6649;26.1968;15.2926;0.6649;42.5532;13.8298;0.7979;129.9145
turkish;0.0000;0.7299;25.0608;15.5718;0.7299;42.8224;14.2336;0.8516;131.5385
turkish;0.0000;0.3040;24.1641;15.1976;0.3040;44.0729;15.3495;0.6079;135.6589
turkish;0.0000;0.1307;26.0131;15.2941;0.0000;43.2680;15.2941;0.0000;125.8656
turkish;0.0000;0.1157;21.5278;16.4931;0.1157;45.2546;15.9144;0.5787;141.6107
turkish;0.0000;0.0504;27.2544;13.8035;0.0504;44.3577;14.1562;0.3275;129.7837
turkish;0.0000;0.2591;25.3886;14.6805;0.2591;44.4732;14.7668;0.1727;129.2781
turkish;0.0000;0.1073;25.5365;14.5923;0.1073;45.0644;14.4850;0.1073;128.5240
turkish;0.0000;0.1477;26.4402;14.3279;0.4431;43.7223;14.4756;0.4431;131.1005
turkish;0.0000;0.1167;26.2544;14.2357;0.1167;44.9242;14.3524;0.0000;130.5447
turkish;0.0000;0.3418;25.9277;14.6484;0.3418;43.7500;14.5996;0.3906;129.5918
turkish;0.0000;0.5755;25.4676;15.1079;0.1439;43.5971;14.9640;0.1439;130.3653
turkish;0.0000;0.0867;19.6707;18.1109;0.0000;43.9341;18.0243;0.1733;137.7333
turkish;0.0000;0.1050;24.5669;15.6430;0.6299;43.5171;15.3806;0.1575;129.9748
turkish;0.0000;2.2481;25.1163;14.4961;2.1705;40.6202;15.1938;0.1550;126.7003
turkish;0.0000;0.0000;26.3991;14.3962;0.0000;44.5876;14.4698;0.1473;129.5024
turkish;0.0000;0.4926;25.8621;15.0739;0.4926;43.0542;14.2365;0.7882;130.8477
turkish;0.0000;0.8639;26.3499;15.3348;0.8639;41.2527;15.1188;0.2160;122.9236
turkish;0.0000;0.1848;23.6599;16.8207;0.1848;39.9261;16.4510;2.7726;129.8817
turkish;0.0000;0.3251;26.2679;13.3940;0.3251;44.7984;13.7841;1.1053;133.2975
turkish;0.0000;0.0000;23.9391;15.8868;0.1088;43.8520;15.8868;0.3264;133.4545
turkish;0.0000;0.0564;24.2390;15.0507;0.2255;44.4194;15.4453;0.5637;134.6471
turkish;0.0000;0.7949;26.5501;13.1955;1.2719;44.5151;13.6725;0.0000;128.2500
turkish;0.0000;0.1033;22.6123;18.1208;0.1033;40.2168;18.1724;0.6711;128.3941
turkish;0.2033;0.4065;21.9512;16.4634;0.4065;41.8699;16.6667;2.0325;137.4150
turkish;0.0000;0.6649;26.2301;14.5279;0.6316;42.8191;14.6277;0.4987;126.6496
turkish;0.0000;0.1602;24.9099;14.8578;0.1602;44.7337;14.8178;0.3604;134.0551
turkish;0.0000;0.0000;27.8818;13.4975;0.0000;44.8276;13.4975;0.2956;128.6408
turkish;0.0000;0.2313;26.6628;14.4014;0.2313;43.8404;14.1122;0.5205;130.4642
turkish;0.0000;0.4164;26.9482;13.6823;0.4164;44.4973;13.8013;0.2380;129.4922
turkish;0.0000;0.2540;26.1643;14.3946;0.2540;44.2845;14.3099;0.3387;131.1174
turkish;0.0000;0.8360;22.9582;16.4630;1.2219;41.0932;16.5273;0.9003;132.0000
turkish;0.0000;0.1887;24.9057;14.6541;0.1887;44.1509;14.4025;1.5094;135.3183
turkish;0.0000;0.0481;26.3815;13.9837;0.0481;44.2576;14.0317;1.2494;133.0144
turkish;0.0000;0.1985;25.7445;14.8908;0.1985;43.6797;15.1555;0.1324;131.7873
turkish;0.0000;0.0503;26.8979;13.6249;0.0503;44.5953;14.0774;0.7039;130.6173
turkish;0.0000;0.0000;27.2452;12.8458;0.0000;46.6086;12.8837;0.4168;130.4551
turkish;0.0000;0.5448;26.6555;15.0461;0.5448;41.9950;14.9623;0.2515;125.1001
turkish;0.0000;0.0000;27.2553;14.2994;0.0960;43.4741;14.2035;0.6718;128.3282
turkish;0.0000;0.3130;24.8826;15.9624;0.6260;43.5055;14.3975;0.3130;134.0909
turkish;0.0000;0.0800;26.4800;14.2800;0.0800;44.4800;14.3600;0.2400;128.8498
turkish;0.0000;0.0000;24.5150;16.5197;0.0000;42.5632;16.2257;0.1764;127.3519
turkish;0.0000;0.8092;21.9825;17.1949;1.2812;41.8071;16.1834;0.7417;133.8883
turkish;0.0000;0.0000;24.8674;15.2033;0.0000;44.6671;15.0265;0.2357;131.7164
turkish;0.0000;0.0000;27.1930;14.2300;0.0000;44.2495;14.2300;0.0975;124.9629
turkish;0.0000;0.1079;25.2427;15.3722;0.1079;43.6354;15.2643;0.2697;129.7835
turkish;0.0000;0.2020;24.9158;15.6902;0.1347;42.4916;16.1616;0.4040;128.6017
turkish;0.0000;0.1009;22.4016;17.4571;0.1009;42.5832;17.1544;0.2018;132.1543
turkish;0.0000;0.5697;26.2558;14.3967;0.5697;44.2776;13.7752;0.1554;131.7073
turkish;0.0000;0.1009;18.9707;18.4157;0.1009;43.5419;18.5166;0.3532;141.0000
turkish;0.0000;0.0575;26.1494;15.0575;0.0575;43.2184;14.8851;0.5747;129.2322
turkish;0.0000;0.2508;27.6489;13.5423;0.1881;44.1379;13.7304;0.5016;126.5564
turkish;0.0000;0.5917;27.6416;13.0178;0.5917;44.2942;13.1868;0.6762;131.7073
turkish;0.0000;0.1251;27.3921;13.4459;0.1251;45.2158;13.4459;0.2502;129.8990
turkish;0.0000;0.0000;28.3611;13.5723;0.0000;44.4302;13.2522;0.3841;127.1885
turkish;0.0000;0.0000;24.3784;15.4033;0.0000;44.0873;15.8884;0.2426;133.0754
turkish;0.0000;0.0407;25.5285;14.7967;0.0813;44.7561;14.4309;0.3659;134.3421
turkish;0.0000;0.9908;21.5853;16.2774;0.0708;42.8875;16.2067;1.9816;138.8195
turkish;0.0000;0.3888;25.4860;15.4644;0.3888;42.9374;14.6436;0.6911;130.6787
turkish;0.0000;0.3122;24.8699;15.6087;0.3642;43.2362;14.9844;0.6243;131.6003
turkish;0.0000;0.1431;24.1412;16.2691;0.1908;42.7958;15.8397;0.6202;133.5919
turkish;0.0000;0.0000;26.1808;14.3725;0.0000;45.2767;14.0351;0.1350;130.3441
turkish;0.0000;0.1903;25.7850;15.0333;0.1903;44.5290;13.7012;0.5709;134.6032
turkish;0.0000;0.0804;26.9401;13.9928;0.1206;44.2300;14.1134;0.5227;129.1720
turkish;0.0000;0.2255;27.7339;14.0924;0.1127;42.9538;14.7689;0.1127;123.8636
turkish;0.0000;0.4897;26.0581;14.4456;0.5946;43.4418;14.2707;0.6995;131.0182
turkish;0.0000;0.2467;24.3421;15.7895;0.2467;43.6678;15.5428;0.1645;132.9381
turkish;0.0000;0.0000;24.8764;13.6738;0.0000;45.7990;14.4975;1.1532;142.0904
turkish;0.0000;0.2704;26.5008;13.6290;0.2704;44.7269;14.1698;0.4327;130.5749
turkish;0.1513;0.7564;28.5930;13.0106;0.7564;42.8139;13.7670;0.1513;125.6659
turkish;0.0000;0.1522;28.5388;12.4049;0.2283;45.8904;12.4049;0.3805;129.5567
turkish;0.0000;0.0000;27.7372;12.7737;0.0000;46.1679;13.3212;0.0000;130.9038
turkish;0.0000;0.3070;26.0936;14.4282;0.3837;43.5917;14.1980;0.9977;130.0236
turkish;0.0000;0.0879;28.5086;13.7416;0.1172;43.7738;13.5365;0.2344;124.0564
turkish;0.6490;1.3908;27.3992;13.2592;0.7881;43.3009;12.9346;0.2782;124.8000
turkish;0.0000;0.0000;28.2252;12.9007;0.0000;45.4261;12.9007;0.5473;127.2393
turkish;0.0000;0.0738;26.7159;14.3173;0.5166;43.7638;14.5387;0.0738;128.8623
turkish;0.0000;0.3891;22.5681;15.8560;0.4864;43.7743;16.1479;0.7782;134.7958
turkish;0.0000;0.0000;21.9169;16.7560;0.0000;44.5040;16.4879;0.3351;137.5412
turkish;0.0000;0.1497;24.2515;17.5150;0.1497;40.1198;17.2156;0.5988;125.4587
turkish;0.0000;0.0000;27.0903;14.3813;0.0000;44.4816;13.5452;0.5017;127.9012
turkish;0.0000;0.0499;27.2092;13.2302;0.0499;45.4319;13.2801;0.7489;130.1101
turkish;0.0000;0.1168;27.5701;13.5514;0.1168;45.2103;13.4346;0.0000;128.2243
turkish;0.0000;0.0955;27.0296;14.3266;0.0955;44.7947;13.6581;0.0000;127.9240
turkish;0.0000;0.4691;26.3487;13.8389;0.4691;43.9406;13.7608;1.1728;135.6589
turkish;0.0000;0.4142;27.5602;13.4036;0.4142;44.5783;13.3660;0.2636;128.6513
turkish;0.0000;0.0000;24.8655;14.4650;0.0000;45.4274;13.6880;1.5541;135.0419
turkish;0.0000;0.0000;26.2700;14.5138;0.0000;43.8316;15.3846;0.0000;130.1205
turkish;0.0000;0.0645;24.3950;15.7470;0.0645;43.8851;15.6825;0.1613;132.9837
turkish;0.0000;1.3729;24.6568;14.1680;1.3729;42.5590;15.4311;0.4393;132.0108
turkish;0.0000;0.2845;24.4666;15.7895;0.4267;42.5320;15.7895;0.7112;129.8851
turkish;0.0000;0.2655;27.3956;13.3961;0.1931;44.7743;13.5650;0.4103;128.2518
turkish;0.0000;0.3613;25.2710;15.0771;0.3768;43.0908;15.1121;0.7109;131.5996
turkish;0.0000;0.7067;26.8551;13.0742;0.7067;44.8763;13.0742;0.7067;129.1209
turkish;0.0000;0.3988;26.9192;13.9581;0.3988;42.8714;14.0578;1.3958;133.6683
turkish;0.0000;0.2712;26.2373;13.0847;0.2712;46.0339;13.2881;0.8136;132.9399
turkish;0.0000;0.0763;25.9542;14.4275;0.1527;44.8092;14.5420;0.0382;130.4745
turkish;0.0000;0.0882;24.9486;15.2806;0.0882;44.2845;14.8986;0.4114;131.0264
turkish;0.0000;0.2912;26.5391;14.1431;0.0832;44.8835;13.8103;0.2496;130.9589
turkish;0.0000;0.9804;22.8610;16.1765;0.9804;42.0232;16.3547;0.6239;133.3088
turkish;0.0000;0.1212;25.8586;14.8687;0.0808;44.1616;14.7071;0.2020;131.5115
turkish;0.0000;0.7147;26.5757;14.1001;0.7797;43.2099;14.0351;0.5848;128.5263
turkish;0.0000;0.0000;27.2542;13.0413;0.0509;46.0520;13.3979;0.2038;132.0364
turkish;0.0000;0.2833;26.5345;14.6364;0.2833;44.0982;13.7866;0.3777;131.9938
turkish;0.0000;0.0000;20.9479;16.9668;0.0948;44.1706;17.7251;0.0948;139.4081
turkish;0.0000;0.5136;25.3852;14.5268;0.5136;43.7638;14.7469;0.5503;133.3135
turkish;0.0000;0.4246;26.1146;15.7113;0.4246;41.8259;15.4989;0.0000;122.5080
turkish;0.0000;0.0522;25.9927;15.2299;0.0261;43.3386;15.0993;0.2612;129.2600
turkish;0.0000;0.2251;23.6309;15.9040;0.2251;44.0360;15.7539;0.2251;132.7771
turkish;0.0000;0.0000;25.6552;14.6207;0.0000;44.4828;14.4138;0.8276;133.4088
turkish;0.0000;0.0000;25.4316;15.1394;0.0664;44.0903;14.6746;0.5976;131.8670
turkish;0.0000;0.0457;24.9886;15.4408;0.0914;43.8100;15.1211;0.5025;131.9228
turkish;0.0000;0.2386;25.0497;15.5865;0.2783;43.3797;15.2286;0.2386;131.9270
turkish;0.0000;0.0825;25.4230;14.7338;0.0825;44.1189;14.6100;0.9492;134.9440
turkish;0.0000;0.4301;26.2007;14.6237;0.4301;43.6559;14.5520;0.1075;127.4499
turkish;0.0000;0.3540;28.5841;12.7434;0.5310;43.7168;13.1858;0.8850;127.8237
turkish;0.0000;0.1012;26.1559;13.6686;0.2700;45.5619;12.9598;1.2825;135.2402
turkish;0.0000;0.1851;27.6030;13.3966;0.2082;43.8454;14.4378;0.3239;130.4836
turkish;0.0000;0.4794;27.8044;12.1764;0.5273;45.0623;12.7996;1.1505;132.1786
turkish;0.0000;0.0000;26.1364;14.7159;0.0000;44.5455;14.5455;0.0568;130.1676
turkish;0.0000;0.1778;23.7333;16.6222;0.1778;42.4000;16.8000;0.0889;130.7132
turkish;0.0000;0.0978;27.2727;13.1965;0.0978;45.6989;13.2454;0.3910;130.4625
turkish;0.0000;0.2091;27.3944;13.9272;0.2928;44.0402;13.8854;0.2509;126.8824
turkish;0.0000;0.1844;23.0486;16.6564;0.1844;43.5771;16.0418;0.3073;135.2372
turkish;0.0000;0.3158;26.2105;14.0000;0.4211;44.0000;14.4211;0.6316;130.8998
turkish;0.0000;0.5255;23.8571;15.7120;0.5780;42.6695;15.6069;1.0510;137.1674
turkish;0.0000;0.2311;23.2666;16.6410;0.2311;43.4515;15.8706;0.3082;136.7960
turkish;0.0000;0.0000;25.8065;15.0335;0.0000;43.8831;15.0943;0.1826;128.9040
turkish;0.0000;0.2481;27.7916;13.6476;0.2481;44.9132;12.9032;0.2481;131.2871
turkish;0.0000;0.1309;26.5271;13.7871;0.1309;45.5061;13.5253;0.3927;132.7364
turkish;0.0000;0.3986;25.9079;13.7290;0.3986;44.7298;14.5704;0.2657;133.4074
turkish;0.0000;0.7055;26.9400;13.4039;0.6614;44.2681;13.5362;0.4850;131.2093
turkish;0.0000;0.7358;26.8896;14.0468;0.4013;43.9465;13.7793;0.2007;127.6573
turkish;0.0000;0.0896;25.5824;14.8746;0.4256;43.9516;14.3593;0.7168;133.1994
turkish;0.0000;0.0000;23.9506;15.8519;0.0000;44.0988;15.8519;0.2469;133.0120
turkish;0.0000;0.2692;27.5236;13.7954;0.2692;44.0781;13.5262;0.5384;127.3201
turkish;0.0000;0.1819;24.7423;15.1607;0.1819;43.9660;15.1607;0.6064;133.1622
turkish;0.0000;0.8519;26.7366;13.6959;0.8519;41.8087;14.5478;1.5072;129.1221
turkish;0.0000;0.3716;26.9612;13.7903;0.3303;43.9306;13.5425;1.0735;129.5169
turkish;0.0000;0.5291;28.5126;13.4039;0.4703;43.7390;12.9924;0.3527;125.0454
turkish;0.0000;0.3800;27.9335;13.0166;0.2850;45.4157;12.8266;0.1425;126.9679
turkish;0.0000;0.6253;25.3856;15.4648;0.6253;42.7261;15.0896;0.0834;127.2258
turkish;0.0000;1.0638;27.3617;13.7021;1.0213;42.7660;13.9149;0.1702;123.9610
turkish;0.0000;0.2058;25.9259;14.8148;0.2058;42.3868;16.0494;0.4115;128.0645
turkish;0.0000;0.5194;23.3720;16.4602;0.3596;41.6700;17.4590;0.1598;128.8462
turkish;0.0000;0.9625;23.7729;15.3032;0.8662;43.5996;15.1107;0.3850;132.0242
turkish;0.0000;0.4785;27.0677;13.8072;0.4785;44.6343;13.3971;0.1367;128.6797
turkish;0.0000;0.5676;26.8685;13.4342;0.6623;44.2763;13.5289;0.6623;127.8020
turkish;0.0000;0.1185;25.8294;13.7441;0.1185;46.0900;14.0995;0.0000;132.2034
turkish;0.0000;0.4621;25.3822;13.9353;0.2844;45.3964;14.1486;0.3910;133.3714
turkish;0.0000;0.7058;25.3198;14.9978;0.6617;43.5377;14.3361;0.4411;130.2596
turkish;0.0270;0.6488;25.3041;14.3823;0.6759;44.5526;14.0038;0.4055;131.8951
turkish;0.0000;0.1229;24.3753;14.4203;0.0819;45.8828;14.6661;0.4506;136.0372
turkish;0.0000;0.2579;25.7569;13.7587;0.3140;45.2792;13.9717;0.6616;133.1603
turkish;0.0000;0.3320;24.2739;14.6058;0.2905;45.7261;14.4813;0.2905;136.1688
turkish;0.0000;0.9002;21.0311;16.6121;0.8183;43.1260;16.4484;1.0638;138.8140
turkish;0.0000;0.0000;30.3241;11.1111;0.0000;46.9907;10.8796;0.6944;127.9245
turkish;0.0000;0.5510;26.4463;12.9477;0.5510;45.1791;13.4986;0.8264;132.5893
turkish;0.2198;0.6593;24.3956;14.7253;0.2198;44.6154;14.5055;0.6593;132.3630
turkish;0.0000;0.5537;24.0310;15.2824;0.5537;43.9646;14.8394;0.7752;134.5486
turkish;0.0000;0.4914;24.3243;14.0049;0.4914;45.2088;14.2506;1.2285;138.7097
turkish;0.0000;0.6154;22.0000;15.0769;0.6154;45.0769;15.3846;1.2308;139.0000
turkish;0.2041;1.0204;24.6939;13.4694;0.8163;45.5102;13.8776;0.4082;133.8816
turkish;0.0000;0.7463;24.8756;14.6766;0.7463;41.2935;17.1642;0.4975;133.1967
turkish;0.0000;0.3769;25.8794;13.5678;0.5025;45.4774;13.7353;0.4606;131.9417
turkish;0.0000;0.5482;25.0000;13.9254;0.5482;45.5044;14.4737;0.0000;135.5311
turkish;0.0000;0.6102;23.2542;15.5254;0.6102;43.7966;15.3220;0.8814;135.4626
turkish;0.0000;0.0000;26.9054;13.6823;0.0000;44.9954;13.8659;0.5510;130.5185
turkish;0.0000;0.2984;23.3163;16.0273;0.3836;42.9668;16.0699;0.9378;132.3784
turkish;0.0000;1.1628;25.1938;14.3411;1.1628;42.6357;15.5039;0.0000;130.0000
turkish;0.0000;0.0000;26.8116;13.4058;0.0000;44.5652;14.4928;0.7246;130.2326
turkish;0.0000;0.0000;24.0066;15.3146;0.0000;43.7086;15.7285;1.2417;134.3542
turkish;0.0000;0.1837;25.5739;14.1414;0.1837;45.5923;14.0955;0.2296;132.4108
turkish;0.0000;0.0000;28.7854;12.3128;0.0000;46.0899;12.3128;0.4992;128.1843
turkish;0.0000;0.2799;26.9590;14.0858;0.4664;44.1231;13.8060;0.2799;125.3147
turkish;0.0000;0.8357;25.9053;14.2990;0.8357;43.6397;13.7419;0.7428;131.9940
turkish;0.0000;0.1714;26.1227;13.2671;0.4114;46.4518;13.4042;0.1714;132.5069
turkish;0.0000;0.0636;27.6081;12.7863;0.1272;46.0560;12.8499;0.5089;129.5163
turkish;0.3096;0.8256;23.8390;14.7059;1.2384;43.6533;14.5511;0.8772;133.1990
turkish;0.0000;0.2703;24.1892;14.5946;0.5405;44.0541;16.2162;0.1351;134.2105
turkish;0.0000;0.1292;26.4858;13.3075;0.0000;45.9948;13.8243;0.2584;133.2632
turkish;0.0000;1.0317;26.4286;13.6508;0.5556;44.0476;14.0476;0.2381;126.3670
turkish;0.0000;0.9082;26.6902;13.2694;0.7568;43.4914;14.5308;0.3532;128.2051
turkish;0.0000;0.1770;27.2566;13.8053;0.1770;44.9558;13.4513;0.1770;127.9006
turkish;0.0000;0.1695;28.8136;12.3729;0.1695;45.7627;12.2034;0.5085;132.8571
turkish;0.0000;0.7431;25.1277;14.0734;0.7896;45.0070;13.9805;0.2787;131.3175
turkish;0.0000;0.6920;29.4118;12.1107;0.6920;43.5986;12.8028;0.6920;124.4565
turkish;0.3610;0.3610;26.7148;14.0794;0.3610;44.0433;13.7184;0.3610;128.9941
turkish;0.0777;1.0101;25.2525;14.3745;0.9324;42.8904;14.2191;1.2432;131.2500
turkish;0.0000;0.0000;27.3038;13.3106;0.0000;45.7338;13.3106;0.3413;131.9767
turkish;0.1471;0.5147;25.7353;13.4559;0.3676;44.0441;14.0441;1.6912;132.6365
turkish;0.0000;0.7153;23.0329;14.7353;0.7153;44.9213;14.8784;1.0014;141.4815
turkish;0.0000;0.0000;26.5537;13.5593;0.0000;45.1977;14.1243;0.5650;132.6923
turkish;0.0000;1.3182;24.8007;14.6842;1.2876;41.9681;14.7149;1.2262;131.5149
turkish;0.0000;1.1186;26.1745;13.6465;1.1186;43.4004;14.0940;0.4474;129.0323
turkish;0.0000;0.1172;26.5533;14.4783;0.1172;44.0797;14.1266;0.5275;131.2741
turkish;0.0000;0.0327;25.8265;13.8789;0.0327;45.9574;13.7807;0.4910;132.5332
turkish;0.0000;1.4961;25.7480;13.7795;1.5748;42.7559;14.4094;0.2362;129.4187
turkish;0.0000;0.0000;24.8603;14.9907;0.0000;44.1341;15.7356;0.2793;133.9506
turkish;0.0000;0.6034;24.8674;14.6279;0.6217;44.8711;14.1159;0.2926;133.3142
turkish;0.0000;0.1672;24.2475;14.2977;0.0836;46.5719;14.3813;0.2508;136.6758
turkish;0.0000;0.0000;25.0000;16.3121;0.0000;44.6809;14.0071;0.0000;133.6957
turkish;0.0000;0.2737;21.3504;16.3321;0.2737;43.8869;16.7883;1.0949;144.5687
turkish;0.0000;0.0000;28.2282;12.6126;0.0000;45.9459;12.6126;0.6006;132.3383
turkish;0.0000;0.2674;29.6791;13.1016;0.0000;44.1176;11.7647;1.0695;129.2887
turkish;0.0000;0.3759;24.8120;13.6591;0.3759;44.8622;14.7870;1.1278;137.6812
turkish;0.0000;0.2119;24.3644;15.0424;0.2119;43.2203;15.6780;1.2712;134.5070
turkish;0.0000;0.3861;24.9678;15.1866;0.3861;43.7580;15.0579;0.2574;132.3591
turkish;0.0000;0.9819;26.1499;14.0052;0.3618;43.3592;15.1421;0.0000;127.9034
turkish;0.0000;0.6089;24.9928;14.8739;0.5219;43.8678;14.7869;0.3479;129.9513
turkish;0.0957;0.4785;25.4545;15.3110;0.1914;42.7751;14.9282;0.7656;128.2511
turkish;0.0000;0.0000;28.5294;12.0588;0.0000;46.4706;12.3529;0.5882;130.8458
turkish;0.0000;0.0000;25.2809;13.7079;0.0000;46.6292;13.9326;0.4494;137.5000
turkish;0.0000;0.0000;26.8523;13.2948;0.0525;46.1902;13.4524;0.1576;130.8984
turkish;0.0000;0.2160;24.4060;15.9827;0.2160;43.8445;15.3348;0.0000;131.8021
turkish;0.0000;0.3503;27.8459;11.7338;0.3503;46.0595;12.4343;1.2259;133.8798
turkish;0.0000;0.1037;25.1037;14.6266;0.0000;44.3983;15.4564;0.3112;134.2059
turkish;0.0000;0.2717;23.8225;15.2627;0.2717;44.8822;15.3986;0.0906;132.7915
turkish;0.0000;0.1721;25.6614;14.8204;0.3011;43.9449;14.7344;0.3657;130.8849
turkish;0.0000;0.1876;23.6398;15.9475;0.1876;43.7148;16.1351;0.1876;134.6032
turkish;0.0000;0.2595;25.8626;13.6183;0.2748;45.7557;13.6031;0.6260;133.9751
turkish;0.0000;0.2108;25.3864;14.0984;0.3044;45.9719;13.8173;0.2108;132.4982
turkish;0.0000;0.0631;24.5581;16.0354;0.0631;43.3712;15.9091;0.0000;131.6770
turkish;0.0000;0.1660;25.3112;14.9970;0.1304;43.6040;15.2697;0.5216;133.1623
turkish;0.0000;0.4616;26.1435;14.1838;0.3777;44.5237;14.1418;0.1679;130.4407
turkish;0.0000;0.2361;24.9705;15.1122;0.2361;44.2739;15.0531;0.1181;132.9868
turkish;0.0000;0.3472;27.4802;13.4921;0.3472;44.4940;13.7401;0.0992;127.8560
turkish;0.0000;0.4658;25.8540;14.2081;0.4658;44.3582;14.1563;0.4917;131.5988
turkish;0.0000;0.3096;26.3600;14.1088;0.3096;44.5820;14.2415;0.0885;129.6140
turkish;0.0000;0.1538;28.1538;12.7692;0.3077;46.4615;12.0000;0.1538;130.2885
turkish;0.0000;0.0729;27.8426;13.6297;0.0729;44.5335;13.6297;0.2187;128.0294
turkish;0.0000;0.0000;27.8296;13.3822;0.0666;44.8735;13.3822;0.4660;128.1150
turkish;0.0000;0.1191;24.6227;15.8856;0.1390;43.2288;15.6473;0.3574;131.0747
turkish;0.0000;0.6565;26.2582;14.0044;0.1459;43.6907;13.8585;1.3858;131.3033
turkish;0.0000;0.2672;26.0689;14.5487;0.2375;44.1805;14.5190;0.1781;130.3075
turkish;0.0000;0.3431;27.7873;12.1784;0.3431;46.8268;12.3499;0.1715;132.6705
turkish;0.0000;0.1733;23.0503;15.7712;0.1733;44.0208;16.1179;0.6932;138.9881
turkish;0.0000;0.1035;28.6565;13.0727;0.1035;44.9133;12.8915;0.2589;128.0880
turkish;0.0000;0.1517;27.3732;13.4157;0.1734;45.3186;13.2423;0.3251;130.9869
turkish;0.0000;0.1965;27.7014;12.7701;0.0000;46.3654;12.9666;0.0000;129.7125
turkish;0.0000;0.1075;27.1229;13.1494;0.0358;45.7542;13.5794;0.2508;131.6820
turkish;0.0000;0.0000;26.8537;13.8277;0.0000;45.4910;13.6273;0.2004;131.3531
turkish;0.0000;0.0000;28.2851;12.6949;0.2227;45.6570;12.9176;0.2227;128.3088
turkish;0.0000;0.3252;29.3496;12.4390;0.3252;45.1220;12.2764;0.1626;126.5604
turkish;0.0000;0.3738;25.0000;14.7841;0.4153;44.1030;15.1578;0.1661;134.1673
turkish;0.0000;0.2010;25.3601;14.1374;0.2010;45.2261;14.4724;0.4020;134.1477
turkish;0.0000;0.0000;25.8420;14.4599;0.1161;44.0186;15.2729;0.2904;131.0507
turkish;0.0000;0.1578;26.7228;13.5192;0.2104;44.5555;14.5713;0.2630;131.4927
turkish;0.0000;0.0000;26.2931;14.0805;0.0000;45.5460;13.9368;0.1437;130.8390
turkish;0.0000;0.0000;26.9406;13.5464;0.0000;45.6621;13.6986;0.1522;128.9352
turkish;0.0000;0.2017;26.9670;13.8534;0.2017;44.7882;13.7861;0.2017;129.9663
turkish;0.0000;0.2954;27.9173;12.4077;0.2954;46.0857;12.7031;0.2954;128.1818
turkish;0.0000;0.5017;27.5920;12.8763;0.5017;45.4849;12.8763;0.1672;126.8041
turkish;0.0000;0.6791;27.5042;12.2241;0.6791;46.1800;12.5637;0.1698;129.5213
turkish;0.0000;0.3044;24.8097;14.9163;0.3044;44.2922;15.2207;0.1522;131.3869
turkish;0.0000;0.2008;28.1124;12.8514;0.2008;45.5823;12.8514;0.2008;126.4984
turkish;0.0000;0.4175;27.5574;13.9875;0.4175;43.8413;13.6743;0.1044;127.1647
turkish;0.0000;0.0941;26.8109;13.6406;0.0470;45.4374;13.7817;0.1881;130.3846
turkish;0.0000;0.0000;30.0000;11.6071;0.0000;46.3393;11.7857;0.2679;125.8890
turkish;0.0000;0.4520;24.4068;15.5932;0.4520;43.3898;15.4802;0.2260;130.7130
turkish;0.0000;0.0000;25.9722;14.7222;0.0000;44.5833;14.7222;0.0000;130.4348
turkish;0.0000;0.1995;27.5931;13.9628;0.1995;44.0824;13.7633;0.1995;127.3118
turkish;0.0000;0.2425;26.9200;13.9854;0.2425;44.0582;13.7429;0.8084;129.0743
turkish;0.0000;0.2320;26.4501;13.8051;0.2320;45.4756;13.3411;0.4640;130.3085
turkish;0.0000;0.1371;26.7992;13.7766;0.1371;45.3050;13.5024;0.3427;130.3197
turkish;0.0000;0.0000;26.2186;14.3279;0.0000;45.0517;14.3279;0.0739;130.4922
turkish;0.0000;0.5063;26.5190;14.0506;0.4430;44.6203;13.6709;0.1899;129.1291
turkish;0.0000;0.7519;26.0652;13.7845;0.7519;44.8622;13.5338;0.2506;129.8684
turkish;0.0000;0.1696;26.5055;14.2918;0.1696;44.1476;14.6310;0.0848;130.4440
turkish;0.0000;0.6349;27.9365;13.0159;0.7407;44.4444;13.0159;0.2116;126.5517
turkish;0.0000;0.3333;25.8333;14.0000;0.3333;45.3333;14.0000;0.1667;132.3288
turkish;0.0000;0.5947;27.2727;13.1691;0.9346;44.8598;13.0841;0.0850;126.3780
turkish;0.0000;0.5800;24.5940;14.5012;0.6961;44.5476;14.9652;0.1160;131.5596
turkish;0.0000;0.1066;26.7591;13.5394;0.1066;44.9893;13.7527;0.7463;129.4702
turkish;0.0000;0.0000;25.9172;13.6991;0.0337;46.4153;13.8674;0.0673;134.9057
turkish;0.0000;0.3038;26.8354;13.7215;0.4557;44.6582;13.7215;0.3038;128.9809
turkish;0.0000;0.1589;26.5890;14.3008;0.1589;44.1737;14.1419;0.4767;130.4647
turkish;0.0000;0.0000;27.7186;13.5585;0.0000;44.7478;13.7436;0.2314;127.6657
turkish;0.0000;0.0463;25.7288;14.2064;0.0463;45.5807;14.3915;0.0000;131.7437
turkish;0.0000;0.0000;26.2500;14.0179;0.0000;45.4018;14.1071;0.2232;131.4388
turkish;0.0000;0.0000;26.4979;13.8430;0.0000;45.1446;14.4112;0.1033;132.1278
turkish;0.0000;0.2262;26.5676;13.8979;0.1616;44.8610;13.9625;0.3232;129.3721
turkish;0.0000;0.3612;25.5934;14.1383;0.2580;45.4076;13.9835;0.2580;131.0090
turkish;0.0000;0.4276;26.5558;13.5867;0.2375;44.6081;13.9192;0.6651;130.9924
turkish;0.0000;0.6832;26.8944;13.4783;0.6211;44.7205;13.5404;0.0621;126.6098
turkish;0.0000;0.2549;27.1878;13.7638;0.0000;44.4350;13.7638;0.5947;128.9073
turkish;0.0000;0.2921;26.1441;13.7780;0.1461;45.6183;13.7780;0.2434;130.8756
turkish;0.0000;0.1876;27.5380;13.2166;0.1668;45.2575;13.4668;0.1668;130.4258
turkish;0.0000;0.1688;26.8776;14.1772;0.1688;44.0506;14.2616;0.2954;129.2350
turkish;0.0000;0.0500;27.8500;13.0000;0.0500;45.8000;13.0000;0.2500;129.6837
turkish;0.0000;0.1221;23.9389;15.7863;0.1221;43.4504;16.0916;0.4885;135.8233
turkish;0.0000;0.5325;24.3876;15.0160;0.5325;44.9414;14.3770;0.2130;131.7957
turkish;0.0000;0.3171;25.3700;14.9049;0.3171;44.8203;14.1649;0.1057;130.8320
turkish;0.0000;0.2198;24.7619;15.3846;0.2198;44.1758;15.0916;0.1465;130.9386
turkish;0.0000;0.1373;27.6167;13.1523;0.1373;45.1175;13.4422;0.3967;130.1756
turkish;0.0000;0.2670;24.0320;16.0214;0.4005;42.3231;16.4219;0.5340;132.2148
turkish;0.0000;0.0404;26.2434;14.1124;0.0404;45.2082;14.2742;0.0809;131.4209
turkish;0.0000;0.1709;27.4300;13.8218;0.1816;44.6913;13.6082;0.0961;128.2091
turkish;0.0000;0.1638;27.4713;13.4821;0.1560;44.7687;13.5835;0.3745;128.5679
turkish;0.0000;0.2604;26.8630;13.8221;0.2504;44.7216;13.9123;0.1703;128.8052
turkish;0.0000;0.0501;26.3527;14.1283;0.0501;44.8397;14.1784;0.4008;130.5375
turkish;0.0000;0.0634;24.2232;16.0114;0.1585;43.3735;16.0114;0.1585;132.9154
turkish;0.0000;0.0410;26.6202;14.0279;0.0410;44.9549;14.1920;0.1231;130.0000
turkish;0.0000;0.1480;26.6469;14.3227;0.1480;44.4486;14.2857;0.0000;129.4082
turkish;0.0000;0.9379;24.7362;14.8300;0.8206;42.8488;15.6506;0.1758;132.9648
turkish;0.0000;1.0160;28.4470;12.4819;1.0160;44.4122;12.4819;0.1451;125.0569
turkish;0.0000;0.0950;27.5404;13.2004;0.1899;44.1595;13.5802;1.2346;132.5545
turkish;0.0000;0.1099;25.7859;14.9923;0.0659;43.7019;15.1022;0.2418;130.8818
turkish;0.0000;0.0671;26.2911;14.5540;0.1341;44.3997;14.4199;0.1341;131.7982
turkish;0.0000;0.5917;25.5283;14.7084;0.5917;43.6179;14.6238;0.3381;129.7003
turkish;0.0000;0.4233;26.7725;13.6508;0.4233;45.2910;13.4392;0.0000;129.6980
turkish;0.0000;0.6776;26.5247;13.3591;0.6776;45.4985;13.2623;0.0000;130.0151
turkish;0.0000;0.3115;26.9990;12.9803;0.3115;45.4829;13.0841;0.8307;131.3115
turkish;0.0000;0.3115;25.8567;13.8629;0.3115;45.6386;13.8629;0.1558;133.6761
turkish;0.0000;0.4343;27.5787;12.8122;0.4343;45.9283;12.8122;0.0000;128.8136
turkish;0.0000;0.2938;24.7796;14.4956;0.2938;44.8580;14.6915;0.5877;133.6463
turkish;0.0000;0.3210;27.2873;12.6806;0.3210;46.5490;12.6806;0.1605;131.5657
turkish;0.0000;0.3922;26.5686;13.5294;0.3922;44.9020;13.6275;0.5882;130.5684
turkish;0.0000;0.4444;26.4444;13.3333;0.4444;46.0000;13.3333;0.0000;130.6620
turkish;0.0000;0.0000;26.3728;14.2305;0.0000;46.0170;13.3024;0.0773;131.3487
turkish;0.0000;0.2603;25.6744;14.7184;0.1656;44.3209;14.6711;0.1893;131.3573
turkish;0.0000;0.3279;25.6967;14.3443;0.3279;44.6311;14.2213;0.4508;132.1499
turkish;0.0000;0.2488;27.0522;13.3085;0.3109;45.5846;13.3085;0.1866;130.5221
turkish;0.0000;0.3272;25.9817;14.8233;0.3599;43.5537;14.6924;0.2618;128.5197
turkish;0.0000;0.2730;24.9829;14.7782;0.3072;44.5734;14.8123;0.2730;132.7072
turkish;0.0000;0.3873;26.8784;13.5554;0.5422;44.8490;13.7878;0.0000;128.2950
turkish;0.0000;0.1757;26.1748;14.2732;0.2635;44.5762;14.4488;0.0878;130.3824
turkish;0.0000;0.3300;25.7151;14.4939;0.3300;44.2794;14.4389;0.4125;131.4438
turkish;0.0000;0.6415;27.0492;13.5780;0.7128;44.4405;13.5780;0.0000;128.2671
turkish;0.0000;0.6718;26.3916;13.6756;0.6718;44.9136;13.5317;0.1440;129.4515
turkish;0.0000;0.0000;27.5891;13.2560;0.0000;45.8989;13.0075;0.2486;131.7549
turkish;0.0000;0.0000;26.2376;14.1089;0.0000;45.0495;14.2533;0.3507;132.1404
turkish;0.0000;0.1875;26.6292;13.6896;0.2344;44.4913;13.6428;1.1252;132.9386
turkish;0.0000;0.2976;24.7024;15.5423;0.2976;43.7169;14.8810;0.5622;135.0028
turkish;0.0000;0.1786;25.4167;14.9405;0.1786;44.5238;14.5238;0.2381;132.1023
turkish;0.0000;0.1391;25.9388;14.1168;0.1391;44.9235;14.4645;0.2782;131.6027
turkish;0.0000;0.1404;25.5498;14.5063;0.1404;44.8760;14.7871;0.0000;131.9518
turkish;0.0000;0.3198;26.6525;14.6055;0.3198;42.8571;14.3923;0.8529;127.6817
turkish;0.0000;0.3708;27.7542;13.5064;0.3708;44.1208;13.6653;0.2119;126.5876
turkish;0.0000;0.5470;24.8633;14.5699;0.5470;44.8036;14.2218;0.4475;132.6002
turkish;0.0000;0.2115;25.8724;14.7339;0.1762;44.2721;14.4166;0.3172;130.8309
turkish;0.0000;0.1222;26.5281;14.4866;0.5501;44.4988;13.7531;0.0611;130.3271
turkish;0.0000;0.1499;23.8381;15.5922;0.1499;44.3778;15.7421;0.1499;134.8039
turkish;0.0000;0.3030;25.6566;14.0404;0.3030;43.4343;14.2424;2.0202;139.5082
turkish;0.0000;0.1808;28.7523;12.2061;0.1808;46.5642;12.0253;0.0904;130.1829
turkish;0.0000;0.2304;28.9171;12.5576;0.2880;45.3917;12.4424;0.1728;126.4545
turkish;0.0000;0.0567;25.5102;14.8526;0.0000;45.1247;14.3424;0.1134;132.5476
turkish;0.0000;0.0000;25.9952;14.3885;0.0000;45.2758;13.9568;0.3837;132.0152
turkish;0.0000;0.1635;25.2861;15.1499;0.0545;44.5777;14.4414;0.3270;132.5000
turkish;0.0000;0.4688;26.7708;14.5833;0.6250;43.0208;14.2188;0.3125;128.2353
turkish;0.0000;0.1805;25.8123;14.4404;0.1805;45.3069;14.0794;0.0000;130.4225
turkish;0.0000;0.5896;27.2406;13.3255;0.5896;44.5165;13.4434;0.2948;128.2173
turkish;0.0000;2.0994;24.6409;14.8066;1.9890;41.7680;14.2541;0.4420;130.1989
turkish;0.0000;0.0615;26.0763;14.0221;0.0615;45.6335;13.7146;0.4305;135.2098
turkish;0.0000;0.2762;26.2431;15.4006;0.2762;42.9558;14.8481;0.0000;130.4094
turkish;0.0000;0.0691;27.5052;12.7160;0.0691;45.3352;13.5453;0.7602;132.2185
turkish;0.0000;0.0000;25.8873;14.7182;0.0000;44.5720;14.5094;0.3132;131.5966
turkish;0.0000;0.2320;23.2019;16.2413;0.2320;43.3875;16.4733;0.2320;135.3612
turkish;0.0000;0.5109;25.7556;15.2831;0.5534;43.0822;14.2614;0.5534;129.1205
turkish;0.0000;0.1269;26.1421;14.4670;0.1269;43.6548;14.7208;0.7614;134.1004
turkish;0.0000;0.0000;25.4846;15.2190;0.0000;44.6518;14.4293;0.2154;134.0828
turkish;0.0000;0.3261;25.7065;14.7826;0.2717;43.8587;14.7283;0.3261;128.6555
turkish;0.2477;0.3715;25.9443;14.0557;0.3715;44.8916;13.9319;0.1858;131.5152
turkish;0.0000;0.1844;26.4290;14.1364;0.1229;45.0522;13.5833;0.4917;134.4588
turkish;0.0000;0.1864;25.0291;15.0548;0.1165;44.5584;14.8217;0.2330;133.0949
turkish;0.0000;0.3910;25.1711;14.8094;0.2444;44.3793;14.8583;0.1466;131.1400
turkish;0.0000;0.4521;25.7296;14.3855;0.4521;43.8964;14.1389;0.9453;132.9538
turkish;0.0000;0.2723;26.8890;13.9551;0.2723;44.2478;14.0231;0.3404;129.0672
turkish;0.0000;0.5274;27.6421;13.1471;0.5079;44.8720;13.0299;0.2735;128.5308
turkish;0.0000;0.8338;27.9044;12.4514;0.8338;44.6915;12.7293;0.5559;128.1028
turkish;0.0000;0.0959;24.5446;15.8517;0.0959;44.1355;14.9569;0.3196;133.6608
turkish;0.0000;0.7383;28.1208;12.4832;0.4698;44.8993;13.0201;0.2685;127.7302
turkish;0.0000;0.0000;25.0000;15.0127;0.0000;44.6565;14.4402;0.8906;136.9198
turkish;0.0000;0.7398;27.7435;12.6387;0.7398;45.0678;13.0086;0.0617;126.7051
turkish;0.0000;0.7143;28.8571;12.3810;0.7619;44.1429;12.2381;0.9048;127.7099
turkish;0.0000;0.1515;23.0808;16.0101;0.1515;44.5455;15.7576;0.3030;135.7314
turkish;0.0000;0.0903;25.1805;15.3881;0.0903;43.4567;15.5686;0.2256;129.7030
turkish;0.0000;0.3794;24.6292;14.7292;0.4139;44.8430;14.8327;0.1725;132.8253
turkish;0.0000;1.0597;22.8324;16.7630;1.0597;41.7148;16.2813;0.2890;132.9073
turkish;0.0000;0.0000;27.0567;14.2596;0.0000;43.5101;14.9909;0.1828;128.2675
turkish;0.0000;0.8850;25.9432;14.2059;0.8384;43.4094;14.6716;0.0466;128.4962
turkish;0.0000;0.0764;25.1337;14.9733;0.0764;45.6837;13.6746;0.3820;136.7120
turkish;0.0000;0.5199;23.7435;15.1646;0.5199;44.3674;14.8180;0.8666;134.6797
turkish;0.0000;0.4644;25.5418;14.8607;0.4644;44.0660;14.2931;0.3096;130.8970
turkish;0.0000;0.3089;25.1737;14.3629;0.3089;45.0193;14.6718;0.1544;132.6633
turkish;0.0000;0.0000;23.0415;16.1290;0.0000;45.7757;13.9785;1.0753;143.4243
turkish;0.0000;0.1660;26.6187;14.0564;0.0553;45.3237;13.3924;0.3874;131.0835
turkish;0.0000;0.4988;23.3788;16.6279;0.0998;42.3013;16.5614;0.5321;130.3979
turkish;0.0000;0.2794;24.8673;14.5013;0.3073;45.3758;14.1660;0.5029;134.5164
turkish;0.0000;0.1335;26.8358;14.2412;0.0890;43.8362;14.5527;0.3115;128.6436
turkish;0.0000;0.2496;27.0594;13.3799;0.2496;45.0325;13.8293;0.1997;129.2197
turkish;0.0000;0.7804;28.6511;12.8205;0.7804;43.4783;13.3779;0.1115;120.7836
turkish;0.0000;0.0937;25.6795;14.4330;0.0937;43.1115;15.9325;0.6560;130.1943
turkish;0.0000;1.9802;27.2277;12.1287;1.9802;42.3267;13.6139;0.7426;121.6418
turkish;0.0000;0.1629;26.2215;14.1694;0.0000;44.2997;14.8208;0.3257;128.9203
turkish;0.0000;0.0609;29.5551;11.7611;0.1219;45.9476;12.4924;0.0609;126.1508
turkish;0.0000;0.6061;25.0000;15.1515;0.6061;42.5758;15.4545;0.6061;128.1623
turkish;0.0000;0.7841;27.3221;13.5103;0.7841;43.6671;13.3896;0.5428;126.1596
turkish;0.0000;0.1225;25.4902;14.3382;0.1225;45.3431;14.5833;0.0000;130.6163
turkish;0.0000;0.0561;27.0073;13.9248;0.0000;44.9186;13.7563;0.3369;128.9762
turkish;0.0000;0.6579;26.9737;14.0899;1.0417;42.1053;13.7610;1.3706;130.2387
turkish;0.0000;0.2417;25.6798;14.1390;0.2417;45.0151;14.4411;0.2417;131.6456
turkish;0.0000;0.1928;25.2048;15.5181;0.1928;43.4217;15.3253;0.1446;129.4531
turkish;0.0000;0.0850;26.5306;13.2653;0.0850;46.5986;13.2653;0.1701;130.7483
turkish;0.0000;0.9236;25.2729;14.7775;0.9236;43.1990;14.7355;0.1679;128.8058
turkish;0.0000;0.2676;26.0201;13.9799;0.2676;44.9498;13.6455;0.8696;130.6435
turkish;0.0000;0.0000;25.1920;14.9002;0.0000;43.7788;15.9754;0.1536;126.1682
turkish;0.0000;0.2551;27.7423;13.2015;0.2551;45.0893;13.1378;0.3189;127.9559
turkish;0.0000;0.1175;26.7920;14.8061;0.1175;43.8308;14.1011;0.2350;125.5435
turkish;0.0000;0.0646;26.6387;14.2719;0.1292;44.5915;14.2719;0.0323;127.9604
turkish;0.0000;0.1659;25.2178;15.3049;0.2489;43.1356;15.1804;0.7466;132.0318
turkish;0.0000;0.8081;24.4444;14.7475;0.8081;44.2424;14.9495;0.0000;130.1242
turkish;0.0000;0.1883;26.9240;13.3443;0.2824;45.4460;13.5091;0.3060;130.4938
turkish;0.0000;0.8349;22.7273;16.0946;0.7885;43.5065;14.5640;1.4842;144.5584
turkish;0.0000;0.8457;29.1755;12.0507;0.6342;44.3975;12.4736;0.4228;125.1634
turkish;0.0000;0.0667;24.6667;15.0667;0.0667;45.4667;14.6000;0.0667;133.0179
turkish;0.0000;0.0000;28.1155;13.7538;0.0000;44.3009;13.7538;0.0760;124.9115
turkish;0.0000;0.0000;28.2934;11.9760;0.0000;46.7066;12.1257;0.8982;130.0469
turkish;0.0000;0.0503;27.8239;13.8616;0.0252;44.8805;13.2579;0.1006;128.5996
turkish;0.0000;0.1720;26.3226;14.3226;0.0000;44.7742;14.2366;0.1720;129.4890
turkish;0.0000;0.0346;26.5674;14.2709;0.0346;44.4752;14.2016;0.4157;129.4807
turkish;0.0000;0.4180;25.2613;14.6312;0.1194;44.5208;14.8403;0.2090;132.3032
turkish;0.0000;0.0859;24.1409;15.8076;0.0859;44.1581;15.2921;0.4296;133.4250
turkish;0.0000;0.0610;25.9915;14.7651;0.0610;43.7462;14.7651;0.6101;129.5342
turkish;0.0000;0.0660;26.2706;14.3894;0.0660;44.2904;14.2574;0.6601;130.1064
turkish;0.0000;0.0901;25.8108;14.8198;0.0450;44.2793;14.8198;0.1351;130.4348
turkish;0.0000;0.0000;26.9300;13.2855;0.1197;45.8408;13.4051;0.4189;129.6331
turkish;0.0000;0.4233;28.5714;12.1693;0.5291;45.5026;12.4868;0.3175;126.5239
turkish;0.0000;0.9009;24.6246;15.0150;0.9009;43.5435;14.5646;0.4505;131.4634
turkish;0.0000;0.3656;27.3004;13.1627;0.3656;45.2773;13.4065;0.1219;129.2564
turkish;0.0000;0.0000;26.4264;14.2142;0.0000;43.7437;14.7147;0.9009;129.7078
turkish;0.0000;0.0000;25.8149;14.5372;0.0000;44.9804;14.4720;0.1956;130.7613
turkish;0.0000;0.2324;27.3678;13.5967;0.0000;45.0320;13.3643;0.4067;128.0797
turkish;0.0000;0.0000;25.8065;14.2174;0.0000;45.6392;14.3369;0.0000;131.9149
turkish;0.0000;0.2628;27.2011;13.6662;0.2628;44.3495;14.1261;0.1314;128.2474
turkish;0.0000;0.0604;26.0870;14.6739;0.0000;44.2029;14.7343;0.2415;130.5395
turkish;0.0000;0.1422;28.3886;12.7962;0.2844;45.7820;12.5118;0.0948;127.4849
turkish;0.0000;0.1582;26.5322;13.9976;0.0791;45.3144;13.6813;0.2372;128.8957
turkish;0.0000;0.0813;25.8235;14.5994;0.0407;44.6116;14.5588;0.2847;130.9067
turkish;0.0000;0.0987;25.2715;14.7088;0.0987;44.2251;15.3011;0.2962;131.0016
turkish;0.0000;0.3983;25.7551;13.9396;0.4315;45.3701;13.9728;0.1328;132.9393
turkish;0.0000;0.4904;24.9632;15.3507;0.5885;43.2565;15.3016;0.0490;130.3628
turkish;0.0000;0.0000;27.0876;14.0530;0.0000;44.1955;14.6640;0.0000;128.8079
turkish;0.0000;0.0000;26.1048;14.6968;0.0000;43.7821;15.2107;0.2055;129.4613
turkish;0.0000;0.0000;18.9310;17.3719;0.6682;45.2116;17.8174;0.0000;143.4944
turkish;0.0000;0.3252;25.5981;14.9826;0.2091;43.5772;15.0058;0.3020;129.6077
turkish;0.0000;0.8596;22.8271;16.7144;0.8596;42.0248;16.4279;0.2865;133.5938
turkish;0.0000;0.0000;25.5760;15.4378;0.0000;43.0876;15.4378;0.4608;129.8851
turkish;0.0000;0.8203;23.3238;15.7275;0.8559;43.1526;15.6919;0.4280;133.3333
turkish;0.0000;0.1479;25.2959;15.2367;0.2959;43.1953;15.3846;0.4438;130.9859
turkish;0.0000;0.2861;27.4634;13.2549;0.3179;45.0731;13.0642;0.5404;130.6385
turkish;0.0000;0.4748;24.0266;15.5745;0.8547;42.3552;15.8594;0.8547;138.3518
turkish;0.0000;0.8465;25.0730;14.8862;1.0216;42.9656;14.6235;0.5838;131.7663
turkish;0.0471;0.5658;23.8095;15.9359;1.0844;42.2442;15.7001;0.6129;129.3988
turkish;0.0000;0.4305;23.6777;15.9902;0.8610;42.1279;15.9287;0.9840;131.6667
turkish;0.0000;0.1597;23.9617;15.0160;0.7987;42.3323;15.4952;2.2364;135.5191
turkish;0.0000;0.2287;25.3145;14.7541;0.5337;43.9954;14.4491;0.7244;135.9375
turkish;0.0000;0.6098;24.5935;15.2439;0.8130;44.1057;14.4309;0.2033;133.6601
turkish;0.0000;0.3401;28.7415;11.9048;0.6803;46.4286;11.7347;0.1701;131.2329
turkish;0.0000;0.1549;27.1882;13.6328;0.6197;43.4547;13.5554;1.3943;131.1515
turkish;0.0000;0.2308;24.3077;15.3846;0.3077;44.2308;14.9231;0.6154;138.5588
turkish;0.0000;0.3394;23.9819;15.5543;0.5656;44.2308;15.2149;0.1131;135.8387
turkish;0.0000;0.0986;24.7082;15.7488;0.1151;43.3668;15.6831;0.2795;131.3377
turkish;0.0000;0.1499;25.4176;14.9893;0.1499;43.9829;15.0749;0.2355;131.1892
turkish;0.0000;0.7087;24.4619;15.2493;0.6562;43.8058;14.8294;0.2887;131.8257
turkish;0.0000;0.4330;24.7423;15.0309;0.4330;43.6907;15.3402;0.3299;132.1405
turkish;0.0000;0.4724;24.7028;15.4069;0.5334;43.0357;15.3002;0.5486;132.1716
turkish;0.0191;0.5910;26.2536;14.4519;0.6673;42.9361;14.1849;0.8961;130.7096
turkish;0.0000;0.3305;26.0191;14.5244;0.3856;43.4264;14.2490;1.0650;131.6135
turkish;0.0000;0.2828;25.0442;15.5532;0.2651;42.6299;15.8713;0.3535;130.3998
turkish;0.0000;0.3531;22.9351;16.0094;0.3139;43.2607;16.4999;0.6278;137.4068
turkish;0.0000;0.3147;25.4754;14.6668;0.3557;44.4931;14.3248;0.3694;133.7484
turkish;0.0000;0.0702;26.1704;14.9696;0.0819;43.4223;15.0866;0.1990;128.5215
turkish;0.0185;0.3146;25.4441;15.2480;0.3701;43.1532;14.9519;0.4996;129.9571
turkish;0.0000;0.3557;24.7519;15.0534;1.1796;42.5763;15.3155;0.7676;129.5434
turkish;0.0000;0.2895;25.6824;15.3019;0.3722;42.9901;15.1158;0.2481;129.0482
turkish;0.0000;1.0831;24.4505;15.3393;1.1309;42.1790;15.5941;0.2230;130.1844
turkish;0.0000;0.8690;25.5874;15.1379;0.9334;42.4847;14.7302;0.2575;128.2620
turkish;0.0180;0.3789;24.0346;15.1209;0.4150;43.9553;15.6622;0.4150;135.0512
turkish;0.0000;0.2691;25.7544;14.9337;0.3460;43.0329;14.9337;0.7303;130.8774
turkish;0.0000;0.5457;24.5111;15.1129;0.7428;43.7926;15.1584;0.1364;131.5713
turkish;0.0000;0.6598;24.7275;15.2180;0.7315;43.6030;14.9455;0.1147;130.9379
turkish;0.0000;0.2470;25.1132;14.7386;0.2470;44.9979;14.6562;0.0000;132.6544
turkish;0.0000;0.1237;24.6443;15.3434;0.1031;44.0091;15.4052;0.3712;133.0182
turkish;0.0102;0.2457;23.0320;15.9894;0.2559;43.3105;16.7980;0.3583;135.0025
turkish;0.0000;0.3391;25.1069;15.0523;0.3391;43.8744;15.1408;0.1474;131.3666
turkish;0.0000;0.2935;23.6366;16.0675;0.2690;43.1646;15.6884;0.8804;135.8877
turkish;0.0000;0.2295;26.3595;14.2655;0.2295;44.1384;14.3362;0.4414;129.6122
turkish;0.0000;0.4083;24.2287;15.5324;0.3932;43.9050;15.2299;0.3025;133.0882
turkish;0.0000;0.4797;26.1992;14.2635;0.5784;43.7359;14.5457;0.1975;129.8950
turkish;0.0000;0.9445;25.1574;14.7826;1.0045;42.8186;14.7976;0.4948;129.9397
turkish;0.0000;0.8439;26.2371;13.8090;0.8439;43.7284;14.0391;0.4987;131.1031
turkish;0.0000;0.2790;25.8369;14.8498;0.2790;43.3047;14.7639;0.6867;131.2025
turkish;0.0000;0.3828;26.8718;14.2092;0.3981;43.7605;14.2245;0.1531;128.3210
turkish;0.0000;0.2289;24.8498;15.0215;0.2718;43.7196;15.6938;0.2146;131.9149
turkish;0.0000;0.1495;25.8933;14.4117;0.1794;44.3265;14.7107;0.3289;131.7418
turkish;0.0000;0.5284;25.1083;14.9424;0.5284;43.5274;15.0269;0.3382;132.2509
turkish;0.0000;0.1498;26.8355;14.1145;0.1648;44.3063;14.2343;0.1948;127.9118
turkish;0.0000;0.4877;25.6514;14.5186;0.6688;43.3329;14.8809;0.4598;129.9199
turkish;0.0000;0.4110;27.4755;13.9139;0.4110;43.7182;13.6204;0.4501;128.6581
turkish;0.0000;0.1567;27.1421;14.0282;0.1698;44.2659;13.7670;0.4702;128.3795
turkish;0.0000;0.9509;26.8381;13.2316;1.3660;43.9534;13.4324;0.2277;126.5612
turkish;0.0000;0.3068;25.2186;14.8796;0.3221;43.4269;15.0023;0.8437;132.7399
turkish;0.0000;0.3189;25.1901;15.3544;0.3434;43.1445;15.0110;0.6377;131.6753
turkish;0.0000;0.1540;28.0216;13.1640;0.3849;44.8037;13.2410;0.2309;124.2142
turkish;0.0000;0.0000;22.9642;16.6124;0.0000;43.3225;16.6124;0.4886;137.3259
turkish;0.0000;0.3466;21.6638;17.3310;0.3466;42.8076;17.5043;0.0000;135.0148
turkish;0.0000;0.3717;21.9331;17.8439;0.3717;41.6357;17.8439;0.0000;134.3750
turkish;0.0000;0.3363;23.2063;16.5919;0.3363;42.8251;16.4798;0.2242;129.5170
turkish;0.0000;0.3386;25.0564;16.2528;0.2257;41.6479;16.2528;0.2257;127.3567
turkish;0.0000;0.1799;24.9550;15.8273;0.0450;42.9856;15.6475;0.3597;129.8540
turkish;0.0000;0.3704;22.9012;17.5926;0.3086;41.1111;17.5926;0.1235;131.9372
turkish;0.0000;0.2830;23.8679;16.4151;0.2830;42.6415;16.5094;0.0000;131.0078
turkish;0.0000;0.0000;24.4792;16.1458;0.0000;43.2292;15.8854;0.2604;131.8584
turkish;0.0000;0.0978;24.7312;15.7380;0.0978;43.1085;16.0313;0.1955;131.6476
turkish;0.0000;0.0916;23.3516;16.1172;0.2747;43.8645;15.8425;0.4579;135.9014
turkish;0.0000;0.2890;26.5896;15.3179;0.2890;41.9075;15.3179;0.2890;124.8826
turkish;0.0000;0.0887;26.5957;14.4504;0.0887;44.0603;14.7163;0.0000;128.9898
turkish;0.0000;0.2114;23.0444;16.9133;0.2114;42.7061;16.7019;0.2114;135.2727
turkish;0.0000;0.1825;26.0036;14.8723;0.1825;43.7044;14.8723;0.1825;129.1667
turkish;0.0000;0.0835;24.1437;16.2907;0.0835;42.9407;16.2072;0.2506;130.9264
turkish;0.0000;0.0000;23.9247;15.5914;0.0000;44.6237;15.8602;0.0000;135.4545
turkish;0.0000;0.2427;26.2136;14.8058;0.2427;42.9612;15.2913;0.2427;128.2353
turkish;0.0000;0.0000;26.7662;14.3596;0.0000;44.8018;13.9001;0.1723;130.5005
turkish;0.0000;0.0000;28.2230;12.8920;0.0000;45.6446;13.2404;0.0000;127.6243
turkish;0.0000;0.3759;25.1880;14.2022;0.3759;44.1520;14.0351;1.6708;137.3649
turkish;0.0000;1.0191;21.0191;17.8344;1.1465;40.7643;16.8153;1.4013;141.5449
turkish;0.0000;0.0000;26.0652;14.7870;0.0000;43.6090;15.5388;0.0000;129.6296
turkish;0.0000;0.3073;26.9207;15.0584;0.3073;42.2864;14.3208;0.7990;127.7567
turkish;0.0000;0.4598;29.1954;13.7931;0.6897;41.1494;13.7931;0.9195;122.9167
turkish;0.0000;0.1905;27.2381;14.6667;0.1905;42.8571;14.4762;0.3810;126.5306
turkish;0.0000;0.3762;25.8934;14.0439;0.3135;44.7022;14.6082;0.0627;130.3624
turkish;0.0000;0.9639;27.4699;13.2530;0.9639;44.0964;13.2530;0.0000;126.3359
turkish;0.0000;0.3205;24.3590;16.0256;0.3205;41.1058;16.1058;1.7628;130.9613
turkish;0.0000;0.4554;26.5027;15.2095;0.4554;42.4408;14.0255;0.9107;128.6319
turkish;0.0000;0.6085;26.6734;13.4888;0.3043;45.1318;13.0832;0.7099;134.1308
turkish;0.0000;0.7394;28.0961;14.0481;0.5545;41.7745;14.2329;0.5545;124.0793
turkish;0.0000;1.1407;25.0951;14.8289;1.1407;42.3954;13.6882;1.7110;135.7988
turkish;0.1992;2.3904;20.7171;18.1275;2.3904;39.4422;15.9363;0.7968;137.8205
turkish;0.0000;2.6565;19.1651;17.0778;2.8463;38.8994;16.8880;2.4668;143.9394
turkish;0.0000;0.0000;26.6586;13.8162;0.0000;45.4656;13.5727;0.4869;131.8318
turkish;0.0000;0.1249;26.4210;14.1786;0.1249;44.4097;14.3036;0.4372;128.8023
turkish;0.0000;1.7279;24.1901;15.3348;1.5119;41.2527;15.3348;0.6479;127.5748
turkish;0.0000;0.1289;23.0670;16.1082;0.1289;44.2010;16.2371;0.1289;134.6311
turkish;0.0000;0.0000;25.7335;14.6088;0.0000;44.4377;14.9144;0.3056;133.9583
turkish;0.0000;0.0000;25.5474;14.5985;0.0000;43.7956;15.1460;0.9124;135.6923
turkish;0.0000;0.7732;26.5464;13.9175;0.7732;42.7835;14.6907;0.5155;130.2128
turkish;0.0000;0.6912;25.8065;13.5369;0.8641;43.0876;13.9977;2.0161;132.5771
turkish;0.0000;0.3497;24.7086;14.3357;0.3497;45.4545;14.3357;0.4662;139.3701
turkish;0.0000;0.0000;26.3158;14.0351;0.7018;43.1579;14.3860;1.4035;130.7263
turkish;0.0000;0.0407;27.2468;13.8268;0.0407;45.1403;13.5828;0.1220;130.7796
turkish;0.0000;0.1299;25.8120;14.7683;0.0433;44.0450;14.8116;0.3898;131.6679
turkish;0.0000;0.1607;25.3114;15.5886;0.1607;43.1499;14.8654;0.7634;132.0891
turkish;0.0000;0.0000;26.5808;13.9344;0.1171;44.9649;13.7002;0.7026;133.5828
turkish;0.0000;0.3763;25.1176;14.7695;0.7526;42.8975;14.7695;1.3170;132.6687
turkish;0.0000;0.0342;27.3879;13.6597;0.0342;45.0873;13.4885;0.3081;129.1283
turkish;0.0000;0.2387;26.3723;13.7232;0.2983;44.8091;13.7828;0.7757;134.4898
turkish;0.0000;0.0651;25.2361;14.5230;0.0651;45.3924;14.3601;0.3582;133.7209
turkish;0.0000;0.1015;26.7005;13.9086;0.1015;45.1777;13.8071;0.2030;130.8072
turkish;0.0000;0.1459;25.6747;14.9161;0.1459;43.5813;15.1714;0.3647;130.9133
turkish;0.0000;0.3731;25.1244;15.6716;0.3731;42.5373;15.4229;0.4975;133.8205
turkish;0.0000;0.0545;27.8626;13.6859;0.0545;44.0022;13.8222;0.5180;128.7550
turkish;0.0000;0.0750;28.3733;12.4813;0.0375;45.7271;13.1559;0.1499;129.0712
turkish;0.0000;1.0116;29.4798;12.2832;1.3006;43.6416;12.1387;0.1445;122.5581
turkish;0.0000;1.3308;29.2776;12.1673;1.3308;43.5361;11.7871;0.5703;123.8806
turkish;0.0000;0.1585;25.3566;15.0555;0.6339;44.2155;14.1046;0.4754;134.5013
turkish;0.0000;0.1695;26.1017;14.0678;0.1695;42.7119;15.7627;1.0169;130.8511
turkish;0.0000;0.3241;28.6872;12.3177;0.3241;45.2188;12.6418;0.4862;126.7532
turkish;0.0000;0.1647;25.1372;14.8189;0.1647;44.5664;15.0933;0.0549;133.4247
turkish;0.0000;0.7115;24.4502;15.5886;0.6468;42.1734;15.9120;0.5175;130.7692
turkish;0.0000;0.5556;25.3968;15.0794;0.3968;43.3333;14.8413;0.3968;129.5511
turkish;0.0000;0.2372;27.5099;13.9921;0.2372;44.2688;13.5968;0.1581;129.4955
turkish;0.0000;0.1810;27.0818;14.0840;0.2534;44.4605;13.7219;0.2172;130.9917
turkish;0.0000;0.0000;28.6645;12.8664;0.0000;44.7883;13.1922;0.4886;127.0557
turkish;0.2929;0.4882;26.8245;13.6197;0.4638;44.2275;13.5709;0.5126;129.9761
turkish;0.0000;0.2326;27.3488;14.1860;0.1860;43.5814;14.2326;0.2326;126.7312
turkish;0.0000;0.1484;25.8160;14.0950;0.4451;44.9555;13.6499;0.8902;135.4369
turkish;0.0000;0.2235;28.0551;13.3383;0.1118;44.7094;13.4501;0.1118;127.1752
turkish;0.0000;0.3887;26.3506;14.0303;0.3887;44.1897;14.2635;0.3887;131.8933
turkish;0.0000;0.0835;26.9006;14.2022;0.0835;44.3609;14.2022;0.1671;129.7450
turkish;0.0000;0.0690;25.8966;14.3793;0.1034;44.8621;14.2069;0.4828;134.0266
turkish;0.0000;0.3531;24.2496;15.8328;0.3531;42.7310;15.5386;0.9417;134.3625
turkish;0.0000;0.3111;28.5003;12.8189;0.2489;45.3640;12.6945;0.0622;126.7928
turkish;0.0000;0.1969;25.8530;14.5013;0.1969;44.0945;14.5013;0.6562;131.1065
turkish;0.0000;0.3363;26.8498;14.3498;0.5045;43.3857;14.1256;0.4484;127.2727
turkish;0.0000;0.1878;26.9621;13.8566;0.1878;44.0856;14.5325;0.1878;130.4403
turkish;0.0000;0.1830;30.3844;12.0805;0.1220;44.2343;12.6297;0.3661;123.7162
turkish;0.0000;0.0960;26.7370;13.9539;0.1152;45.0480;13.5509;0.4990;131.7669
turkish;0.0000;0.1141;27.2105;13.5482;0.1426;45.6646;13.2059;0.1141;130.4861
turkish;0.0000;0.0000;25.2436;15.2347;0.0000;43.1355;16.3862;0.0000;132.2443
turkish;0.0000;0.4587;25.7454;14.6789;0.5734;43.8647;13.9335;0.7454;134.3570
turkish;0.0000;0.3911;28.1617;12.5163;0.3911;44.5893;12.9074;1.0430;128.9583
turkish;0.0000;0.1118;25.3773;14.8127;0.1118;44.4382;14.7568;0.3913;133.1789
turkish;0.0000;0.8087;26.0653;15.0233;0.8087;42.0840;15.0544;0.1555;127.1314
turkish;0.0000;0.0000;30.3896;11.9481;0.1299;45.4545;12.0779;0.0000;124.1309
turkish;0.0000;0.3736;27.9417;13.4105;0.3736;44.6395;13.0370;0.2241;128.1100
turkish;0.0000;0.1333;26.4000;14.2222;0.1333;44.4889;14.2667;0.3556;131.3081
turkish;0.0000;0.1783;29.5900;12.2400;0.1783;45.3951;12.0618;0.3565;125.2563
turkish;0.0000;0.7432;28.6540;13.1296;0.7432;43.6003;12.3039;0.8258;127.0513
turkish;0.0000;0.6623;27.8146;13.2450;0.3311;44.0397;13.7417;0.1656;126.9755
turkish;0.0000;1.1341;22.8819;16.2108;1.1341;42.0947;16.0774;0.4670;134.9504
turkish;0.0000;0.5115;25.3836;14.5141;0.0000;44.8210;14.4501;0.3197;130.4435
turkish;0.0000;0.1878;26.9484;13.9906;0.0939;43.8498;13.8967;1.0329;130.8271
turkish;0.0000;0.0000;24.8670;15.2926;0.0000;44.4149;14.8936;0.5319;134.8584
turkish;0.0000;0.0905;27.0588;13.1222;0.0000;45.7919;13.1222;0.8145;132.8012
turkish;0.0000;0.0000;24.1537;15.5535;0.0000;43.6414;15.5535;1.0979;136.7560
turkish;0.0000;0.1159;28.2735;13.0939;0.0000;44.6118;13.0939;0.8111;128.8355
turkish;0.0000;0.0000;25.3690;14.7601;0.0000;44.1882;14.6679;1.0148;135.3120
turkish;0.0000;0.2793;24.7672;14.9907;0.0000;44.6927;14.4320;0.8380;134.8529
turkish;0.0000;0.2079;27.8586;13.4096;0.0000;44.3867;13.3056;0.8316;128.7097
turkish;0.0000;0.5892;26.4729;13.6685;0.5499;44.5797;14.0613;0.0786;129.8784
turkish;0.0000;0.1493;26.7164;13.8433;0.0373;45.7090;13.5075;0.0373;131.1258
turkish;0.0000;0.1000;28.5000;12.5667;0.0667;46.5000;12.2000;0.0667;129.5359
turkish;0.0000;0.0885;27.1239;13.9381;0.0885;44.9115;13.7168;0.1327;128.7129
turkish;0.0000;0.3649;26.4945;13.9489;0.0842;45.0463;13.9489;0.1123;130.8462
turkish;0.0000;0.4661;26.2133;14.0664;0.5210;44.3104;14.0938;0.3290;130.3110
turkish;0.0000;0.1519;25.5696;14.1266;0.0759;45.2152;14.2785;0.5823;133.7871
turkish;0.0000;0.0457;25.9936;13.8419;0.0914;46.0027;13.7506;0.2741;133.2331
turkish;0.0000;0.0858;27.3156;13.5077;0.0429;45.4974;13.4648;0.0858;130.6193
turkish;0.0000;0.0000;29.1262;12.6214;0.0000;45.6311;12.6214;0.0000;125.1908
turkish;0.0000;0.0817;26.8100;13.6091;0.0272;45.5634;13.6908;0.2177;131.9592
turkish;0.0000;0.1589;28.0267;12.5199;0.1271;46.2345;12.4881;0.4449;131.4578
turkish;0.0000;0.1148;26.6743;13.7773;0.2296;45.0823;13.9303;0.1914;130.3735
turkish;0.0000;0.2343;26.7864;13.4323;0.1171;45.6853;13.3932;0.3514;132.0307
turkish;0.0000;0.0000;28.8546;13.8767;0.0000;44.0529;13.2159;0.0000;123.0263
turkish;0.0000;0.2747;23.8462;16.2637;0.2747;42.5824;16.4835;0.2747;131.7808
turkish;0.0000;0.1979;27.4122;13.5576;0.1979;44.7798;13.6566;0.1979;128.3570
turkish;0.0000;0.3344;24.5262;15.2731;0.7804;43.7012;15.3846;0.0000;129.9639
turkish;0.0000;0.9139;27.0962;13.5709;1.1880;42.7690;13.9593;0.5026;127.5664
turkish;0.0000;0.0000;23.9010;15.5523;0.0000;45.0314;15.3306;0.1847;134.6063
turkish;0.0000;0.6083;26.3990;14.3552;0.2433;45.1338;13.1387;0.1217;131.7554
turkish;0.0000;0.2414;26.1379;14.3793;0.2069;44.7241;14.2069;0.1034;128.4017
turkish;0.0000;0.2584;25.9044;14.6641;0.3230;43.0233;15.0517;0.7752;129.6989
turkish;0.0000;0.0705;25.8815;14.8096;0.0705;43.9351;15.0917;0.1410;130.1695
turkish;0.0000;0.4573;25.9146;15.0915;0.0000;43.5976;14.7866;0.1524;128.5366
turkish;0.0000;1.2332;28.5874;13.1166;1.2332;43.1614;12.4439;0.2242;125.5009
turkish;0.0000;0.2972;27.7117;13.6701;0.3715;44.1308;13.7444;0.0743;126.2791
turkish;0.0846;0.8460;24.1963;16.4975;1.4382;39.9323;16.4129;0.5922;126.4352
turkish;0.0000;0.2300;24.8850;15.5474;0.4600;43.5143;15.2714;0.0920;133.0697
turkish;0.0000;0.2715;25.5204;14.8416;0.9955;43.4389;14.5701;0.3620;129.7059
turkish;0.0000;0.3044;27.2451;14.1553;0.1522;43.8356;13.8508;0.4566;128.6765
turkish;0.0000;0.1114;23.7194;16.2584;0.0000;43.2071;15.3675;1.3363;137.3429
turkish;0.0000;1.0449;27.7952;12.8527;1.0449;43.8871;11.8077;1.5674;131.4381
turkish;0.0000;0.4661;25.5508;14.7458;0.5508;43.9831;14.4915;0.2119;130.5164
turkish;0.0000;0.0919;23.2537;16.2684;0.2757;44.0257;15.5331;0.5515;140.5024
turkish;0.0000;0.2492;24.1121;15.8879;0.2492;43.1776;15.5140;0.8100;134.6585
turkish;0.0000;0.3376;26.6712;14.8548;0.5402;42.5388;14.6523;0.4051;126.4579
turkish;0.0000;0.1414;27.5813;13.7199;0.2829;45.1202;12.7298;0.4243;129.5302
turkish;0.0000;0.3938;25.3507;15.3089;0.3692;43.6623;14.4475;0.4676;130.3238
turkish;0.0000;0.3781;22.3062;17.0132;0.1890;43.1002;16.8242;0.1890;138.9776
turkish;0.0000;0.7042;25.2641;15.0528;0.7042;43.1338;14.6127;0.5282;133.6750
turkish;0.0000;0.8130;26.1518;14.9051;0.8130;42.5474;14.2276;0.5420;128.0778
turkish;0.0000;0.1579;26.2036;14.4436;0.2368;44.5935;14.2857;0.0789;131.8123
turkish;0.0000;0.2597;27.0130;13.7662;0.3896;45.4545;12.9870;0.1299;130.6452
turkish;0.0000;0.2528;27.0544;13.0215;0.3793;46.9027;12.1365;0.2528;131.8898
turkish;0.0000;0.1404;26.9663;13.6236;0.2809;45.7865;13.0618;0.1404;130.6667
turkish;0.0000;0.1825;26.4599;14.0511;0.1825;45.4380;13.3212;0.3650;132.0225
turkish;0.0000;0.2195;25.2377;15.2890;0.2195;43.6723;14.6306;0.7315;132.9439
turkish;0.0000;1.9854;25.8098;14.5246;1.5674;41.3793;14.2111;0.5225;126.9481
turkish;0.0000;0.4669;23.1907;16.7315;0.5447;41.8677;16.7315;0.4669;135.8008
turkish;0.1993;0.6645;25.3156;15.2824;0.5980;41.7276;15.5482;0.6645;131.3400
turkish;0.0000;0.6940;23.8029;15.5448;0.6940;42.6093;15.8223;0.8328;135.8277
turkish;0.0000;0.0000;27.3034;13.5955;0.2247;44.8315;12.9213;1.1236;130.3887
turkish;0.0000;0.1562;27.8125;14.0625;0.1562;43.9062;13.4375;0.4688;125.2927
turkish;0.0000;0.3371;26.8539;15.1124;0.3371;44.3258;12.9213;0.1124;130.9205
turkish;0.0000;0.2711;26.9523;14.2082;0.3796;44.3059;13.7202;0.1627;128.6344
turkish;0.0000;1.0653;24.0767;15.9801;2.0597;41.3352;14.9148;0.5682;128.2135
turkish;0.0000;0.0000;28.8462;13.3013;0.3205;44.7115;12.6603;0.1603;126.6667
turkish;0.0000;0.2836;22.1172;17.4858;0.9452;41.3043;17.2023;0.6616;132.1321
turkish;0.0000;0.2502;26.1885;15.0125;0.5838;43.1193;14.6789;0.1668;127.4064
turkish;0.0000;0.1468;27.7533;13.5095;0.1468;44.7871;13.5095;0.1468;128.9538
turkish;0.0000;0.0000;24.6330;16.6395;0.0000;41.9250;15.9869;0.8157;133.3333
turkish;0.0000;0.0000;25.0820;15.0000;0.6557;43.8525;14.6721;0.7377;131.5104
turkish;0.0000;0.5430;24.7059;16.3801;0.5430;41.5385;15.2941;0.9955;132.5479
turkish;0.0000;0.0000;25.9522;14.7033;0.0886;43.8441;14.5261;0.8857;133.3333
turkish;0.0000;0.0533;26.9190;14.3923;0.0533;43.2836;15.2452;0.0533;127.8929
turkish;0.0000;0.1676;25.0629;16.3453;0.1676;41.0729;16.0939;1.0897;127.3325
turkish;0.0000;0.4060;24.8309;15.4939;0.4736;43.4371;14.4790;0.8796;136.7531
turkish;0.0000;0.7524;25.3762;15.0479;0.8208;42.9549;14.0219;1.0260;131.8386
turkish;0.0000;0.1007;22.2558;17.4220;0.1007;43.6052;15.4079;1.1078;142.3729
turkish;0.0000;0.0872;25.1090;15.2572;0.0872;43.3304;15.6931;0.4359;135.2368
turkish;0.0000;0.2805;25.1052;15.4278;0.1403;44.4600;13.8850;0.7013;134.6330
turkish;0.0000;0.8830;26.5636;14.8639;0.8830;42.1634;14.0545;0.5887;126.0563
turkish;0.0000;1.3924;25.5696;15.0633;2.6582;40.1266;14.9367;0.2532;124.8577
turkish;0.0000;1.1200;25.1200;15.5200;1.1200;42.0800;14.5600;0.4800;128.9003
turkish;0.0000;0.0000;30.6028;11.9011;0.0000;46.5224;10.8192;0.1546;125.5924
turkish;0.2921;0.9250;25.5599;14.4596;0.9250;42.3564;14.8004;0.6816;131.0289
turkish;0.0000;0.1508;22.0211;17.6471;0.0000;42.0814;18.0995;0.0000;131.1778
turkish;0.0000;0.7002;24.8250;15.7861;0.9548;41.8842;15.0223;0.8275;132.6743
turkish;0.0000;1.5244;26.9512;14.5122;1.4634;41.1585;14.2073;0.1829;122.9587
turkish;0.0000;0.0000;29.6667;12.6667;0.0000;44.6667;12.6667;0.3333;123.9130
turkish;0.0000;0.2753;25.3269;14.9346;0.4818;44.0468;14.7970;0.1376;130.8475
turkish;0.0000;0.2346;28.0938;13.9589;0.2933;44.1056;13.1378;0.1760;127.6995
turkish;0.0000;0.8264;26.8136;13.5904;0.8264;43.8935;13.6823;0.3673;125.8427
turkish;0.0000;0.1621;27.3906;13.1280;0.1621;45.8671;13.1280;0.1621;126.9136
turkish;0.0000;0.2494;27.1820;13.2170;0.2494;45.6359;13.2170;0.2494;125.8182
turkish;0.0000;1.0336;25.8398;15.5039;0.5168;41.0853;15.7623;0.2584;127.3092
turkish;0.0000;0.1825;23.1752;15.8759;0.0000;44.1606;16.6058;0.0000;135.9050
turkish;0.0000;0.3421;24.6294;14.5952;0.3421;43.8997;15.1653;1.0262;134.9146
turkish;0.0000;0.4208;25.9467;14.5863;0.7013;42.2160;14.7265;1.4025;129.7727
turkish;0.0000;0.2054;26.2924;14.2075;0.2054;44.6765;14.3102;0.1027;130.3402
turkish;0.6897;1.3793;23.4483;15.3448;1.3793;41.7241;15.8621;0.1724;130.9859
turkish;0.0000;0.7435;24.3494;15.6134;0.9294;42.1933;15.4275;0.7435;133.7349
turkish;0.0000;0.3407;25.1278;14.4804;0.3407;44.5486;14.7359;0.4259;134.8074
turkish;0.0000;0.5051;24.4108;15.3199;0.5051;43.6027;15.6566;0.0000;131.8801
turkish;0.0000;0.2621;22.1166;17.4967;0.2949;42.1363;17.4640;0.2294;135.2909
turkish;0.0000;0.6376;25.8236;14.7715;0.6376;43.0393;14.3464;0.7439;130.4940
turkish;0.0000;0.2706;27.3342;14.4790;0.1353;43.3018;13.9378;0.5413;128.7946
turkish;0.0000;0.2963;25.6296;14.8148;0.2963;43.7037;14.3704;0.8889;131.7961
turkish;0.0000;0.7185;25.2123;14.6963;0.7185;43.0438;14.6963;0.9144;134.3915
turkish;0.2796;0.4660;25.0699;14.9115;0.4660;41.4725;16.0298;1.3048;131.3162
turkish;0.0000;0.2546;24.3794;14.8950;0.5092;43.9847;14.8313;1.1458;135.7442
turkish;0.0000;0.0000;28.2123;11.8715;0.0000;46.6480;12.9888;0.2793;130.9890
turkish;0.0000;0.1397;25.1397;14.6648;0.1397;42.8771;15.0838;1.9553;138.9277
turkish;0.0000;0.1325;25.1656;14.9007;0.1325;44.6358;15.0331;0.0000;132.0594
turkish;0.0000;0.2176;28.7269;12.9489;0.4353;44.8313;12.6224;0.2176;126.8206
turkish;0.0000;0.2681;22.8776;16.1752;0.2681;43.7891;16.6220;0.0000;134.3619
turkish;0.0000;0.7833;26.2402;15.1871;0.4352;42.6458;14.3603;0.3481;127.3876
turkish;0.0000;0.1280;28.0410;13.1882;0.2561;44.1741;13.9565;0.2561;127.2908
turkish;0.0000;1.1933;27.7645;13.9220;1.5911;41.4479;13.9220;0.1591;120.6725
turkish;0.0000;0.1294;25.4808;14.9778;0.1479;43.6021;15.2182;0.4438;130.8929
turkish;0.0000;0.4452;26.4265;14.2857;0.4856;43.6665;14.4476;0.2428;128.6923
turkish;0.0000;0.4213;27.2472;13.0618;0.2809;44.6629;13.2022;1.1236;132.2581
turkish;0.1671;0.4457;25.6825;14.5961;0.7799;43.2312;13.9833;1.1142;130.0091
turkish;0.0000;0.6007;26.6218;14.0077;0.4085;44.4017;13.8155;0.1442;130.0079
turkish;0.0000;0.1244;23.9221;15.4229;0.0829;44.9005;15.4643;0.0829;133.4884
turkish;0.0000;0.4556;23.0524;17.0843;0.4100;41.6401;17.1298;0.2278;131.3146
turkish;0.0000;1.1649;24.0626;15.7262;1.0921;42.1551;15.6898;0.1092;127.8153
turkish;0.0000;1.7341;21.0405;17.5723;2.7746;39.4220;16.8786;0.5780;130.4270
turkish;0.0000;0.5848;23.7427;16.7251;0.5848;41.2865;16.8421;0.2339;130.7836
turkish;0.0000;0.6703;22.4863;17.4284;0.9750;41.3772;16.9409;0.1219;131.3919
turkish;0.0000;0.0474;25.8952;14.5601;0.0474;44.8423;14.5127;0.0949;130.7315
turkish;0.0000;0.0000;29.1328;12.7371;0.0000;45.0542;12.3984;0.6775;124.0602
turkish;0.0000;0.0000;25.4425;14.6018;0.1106;45.1327;14.4912;0.2212;134.7249
turkish;0.0000;0.0000;25.3029;15.6094;0.0000;42.9081;15.5381;0.6415;132.2115
turkish;0.0000;0.1291;25.6940;14.8483;0.1291;44.2221;14.7192;0.2582;132.5708
turkish;0.0000;0.0742;27.1715;14.0312;0.0742;44.0238;14.1054;0.5197;131.5461
turkish;0.0000;0.1302;26.5625;14.5833;0.1302;43.3594;14.5833;0.6510;131.0044
turkish;0.0000;0.8488;25.1543;14.5833;0.9259;42.7469;15.3549;0.3858;136.6667
turkish;0.0000;0.0000;27.6848;13.3891;0.0697;45.4672;13.3891;0.0000;128.8965
turkish;0.0000;0.4018;26.3158;13.5798;0.4018;45.3596;13.7806;0.1607;130.9859
turkish;0.0000;1.1858;24.5059;16.0738;1.3175;41.8972;14.6245;0.3953;133.8298
turkish;0.0000;1.2089;24.1101;15.9839;1.8133;41.4372;15.2451;0.2015;129.0254
turkish;0.0000;0.2179;27.4510;13.2898;0.3268;44.7712;13.5076;0.4357;134.4828
turkish;0.0000;0.1395;27.7545;13.9470;0.1395;44.3515;13.5286;0.1395;128.8840
turkish;0.0000;0.1682;25.5677;14.9706;0.1682;43.8183;15.2229;0.0841;131.1295
turkish;0.0000;0.9247;24.7028;16.2483;1.5852;41.0832;15.1915;0.2642;128.7212
turkish;0.0000;0.0820;26.3633;13.3661;0.2050;46.2895;13.2841;0.4100;136.5335
turkish;0.0000;0.2815;24.7713;15.4117;0.2815;44.2646;14.9191;0.0704;134.2227
turkish;0.0000;0.0884;26.4585;14.1721;0.0884;44.9322;13.8774;0.3830;133.2371
turkish;0.0000;0.1821;25.3188;15.1184;0.2732;44.6266;14.2077;0.2732;134.8331
turkish;0.0000;0.4573;23.4756;16.5396;0.4573;42.3018;16.2348;0.5335;134.0967
turkish;0.0000;0.0816;26.9388;14.2041;0.1633;43.9184;14.4490;0.2449;130.3112
turkish;0.0000;0.3584;25.6272;15.2330;0.3584;43.7276;14.5161;0.1792;131.0734
turkish;0.0000;0.0000;26.5531;14.0281;0.0000;45.4910;13.6273;0.3006;133.5484
turkish;0.0000;0.4423;25.7851;15.0376;0.3981;42.9456;15.1261;0.2654;129.4535
turkish;0.0000;0.0000;27.1255;12.9555;0.0000;46.7611;13.1579;0.0000;138.6441
turkish;0.0000;0.0000;24.8154;15.0665;0.0000;44.3131;15.0665;0.7386;134.8039
turkish;0.0000;0.1001;24.6246;15.5155;0.0000;43.7437;15.9159;0.1001;131.5526
turkish;0.0000;0.0481;25.0722;15.2551;0.0481;43.9365;15.2551;0.3850;134.7894
turkish;0.0000;0.2812;24.8360;15.4639;0.2812;43.7676;15.0890;0.2812;130.4348
turkish;0.0000;0.3322;25.9136;14.9502;0.9967;43.5216;14.2857;0.0000;127.2727
turkish;0.0000;0.1198;26.8263;14.4910;0.1198;44.1916;14.0120;0.2395;128.2443
turkish;0.0000;0.6144;24.4240;15.2074;0.9217;43.7788;15.0538;0.0000;131.6195
turkish;0.0000;0.3799;26.8997;13.6778;0.3799;43.9970;14.5897;0.0760;129.5652
turkish;0.0000;0.3607;24.9098;15.4910;0.5010;43.2265;14.8497;0.6613;132.8197
turkish;0.0000;0.1143;27.5429;13.8286;0.1143;44.5714;13.3714;0.4571;129.3260
turkish;0.0000;0.1479;25.5178;15.9763;0.0740;44.3787;13.8314;0.0740;134.2043
turkish;0.0000;0.6724;24.0568;16.4363;0.2615;42.1367;16.0254;0.4109;131.2195
turkish;0.0000;0.2742;27.8273;13.3653;0.4798;45.1679;12.5428;0.3427;129.8787
turkish;0.0000;0.5664;26.5576;13.9711;0.5979;44.4305;13.3732;0.5035;132.1626
turkish;0.0000;0.2162;28.9730;13.1892;0.1081;44.5405;12.8649;0.1081;124.1087
turkish;0.0000;0.1220;30.0183;12.4466;0.0610;44.2953;12.5686;0.4881;124.7879
turkish;0.0000;0.3642;25.2731;15.2950;0.2185;44.0641;14.7851;0.0000;131.0427
turkish;0.0000;0.2322;25.5949;14.6257;0.2902;44.9797;14.1033;0.1741;134.1808
turkish;0.0000;0.4343;24.4843;15.1466;0.2172;44.0825;15.0380;0.5972;133.6237
turkish;0.0000;0.1721;22.0310;18.0723;0.1721;41.3081;17.3838;0.8606;137.2159
turkish;0.1321;0.3963;23.3818;16.2483;0.2642;43.4610;15.8520;0.2642;132.2245
turkish;0.0000;0.3205;24.1987;15.7051;0.3205;45.3526;13.9423;0.1603;135.1807
turkish;0.0000;0.2371;27.0302;13.6337;0.2371;45.4653;13.2780;0.1186;131.2849
turkish;0.0000;1.4433;20.6186;18.1443;1.4433;41.2371;17.1134;0.0000;135.5932
turkish;0.0000;0.1733;24.6967;14.9047;0.2600;43.0676;15.7712;1.1265;133.5704
turkish;0.0000;0.1310;25.3986;15.1343;0.1310;43.7213;15.2653;0.2184;130.9763
turkish;0.0000;0.1327;23.8885;15.9257;0.1991;43.7293;15.9257;0.1991;134.0684
turkish;0.0000;0.8701;22.6238;17.1352;1.1379;41.2316;16.7336;0.2677;132.0269
turkish;0.0000;0.1174;26.2911;14.2606;0.0587;44.0141;15.0822;0.1761;131.1239
turkish;0.0000;0.0000;27.4380;13.3884;0.0000;45.7851;13.2231;0.1653;129.0488
turkish;0.1918;1.1505;27.4209;13.9981;0.8629;42.6654;13.6146;0.0959;124.8120
turkish;0.0000;0.1994;28.2154;13.2602;0.1994;44.3669;13.3599;0.3988;125.9141
turkish;0.2123;0.2123;24.9823;14.7912;0.4954;43.5952;15.2866;0.4246;133.3333
turkish;0.0000;0.0542;25.4201;15.3388;0.1626;43.4146;15.2846;0.3252;128.9136
turkish;0.0000;0.0000;24.7741;15.6831;0.0000;43.9660;15.5768;0.0000;131.5789
turkish;0.0000;0.4228;24.9471;16.2791;0.0000;41.8605;16.4905;0.0000;127.0175
turkish;0.0000;0.1464;24.7112;15.7638;0.1952;43.6473;15.4222;0.1139;131.4369
turkish;0.0000;0.0000;22.8969;17.1909;0.0000;42.7213;17.1909;0.0000;132.5000
turkish;0.0000;0.4634;24.4671;15.1066;0.1854;44.4856;14.8285;0.4634;132.9927
turkish;0.0000;0.3984;27.0916;13.6786;0.2656;44.7543;13.5458;0.2656;127.8826
turkish;0.0000;0.1971;25.8255;14.1449;0.1479;44.8497;13.9970;0.8379;132.6656
turkish;0.0000;0.3374;25.7760;14.1700;0.2024;45.0067;14.2375;0.2699;129.9578
turkish;0.0000;0.1317;27.2548;12.9032;0.0000;46.7413;12.9032;0.0658;130.3158
turkish;0.0000;0.1166;27.2145;13.5198;0.1166;45.2797;13.4615;0.2914;128.2883
turkish;0.0000;0.1330;24.3351;16.4894;0.1330;42.5532;16.3564;0.0000;131.1258
turkish;0.0000;0.7172;26.3320;14.6516;0.5123;41.1885;15.7787;0.8197;126.2810
turkish;0.0000;0.0000;24.4156;15.0649;0.0000;45.4545;14.9784;0.0866;131.2581
turkish;0.0000;0.2782;26.1474;13.6300;0.5563;45.4798;13.7691;0.1391;130.8889
turkish;0.0000;0.0000;24.1885;16.1257;0.0000;43.8743;15.7068;0.1047;133.7815
turkish;0.0000;0.4518;25.3765;15.1355;0.5271;42.2440;15.7380;0.5271;131.7690
turkish;0.0000;0.0822;26.2336;14.0625;0.1645;45.0658;14.3092;0.0822;131.0484
turkish;0.0000;0.0000;25.9781;13.9280;0.6260;45.3834;13.6150;0.4695;130.0248
turkish;0.1008;0.9572;23.1234;15.8690;1.6625;41.8136;15.9194;0.5542;132.4612
turkish;0.0000;0.9798;26.3401;14.2939;1.0951;42.8818;14.1210;0.2882;128.0323
turkish;0.0000;0.8138;26.6531;13.8352;0.9156;44.2523;13.2248;0.3052;129.1326
turkish;0.0000;0.8395;22.4554;17.8384;1.1542;40.6086;17.1039;0.0000;130.8492
turkish;0.0000;0.7362;23.9264;15.8282;0.8589;43.1902;15.4601;0.0000;131.4229
turkish;0.0000;0.8889;25.7778;14.4444;0.6667;43.6667;14.3333;0.2222;128.1915
turkish;0.0000;0.5333;25.2444;14.4889;0.6222;44.3556;14.7556;0.0000;131.3131
turkish;0.0000;1.1316;22.7516;17.0935;2.0250;39.8451;17.0339;0.1191;126.9694
turkish;0.0000;0.6075;23.9368;15.7959;0.8505;42.2843;16.4034;0.1215;134.5168
turkish;0.0000;0.9652;23.4402;15.6498;0.9652;42.8128;15.4085;0.7584;134.4451
turkish;0.0000;1.0165;23.1335;15.7378;1.0165;42.7620;15.6327;0.7010;135.1558
turkish;0.0000;0.1309;26.3089;14.5288;0.2618;44.6335;14.1361;0.0000;128.3368
turkish;0.0000;0.1333;26.5333;14.1333;0.4000;45.0667;13.7333;0.0000;127.4390
turkish;0.0000;0.8889;24.4444;16.4444;0.8889;40.5926;16.4444;0.2963;126.5258
turkish;0.0000;0.5485;23.1487;16.7855;0.8777;42.2929;16.2370;0.1097;130.3787
turkish;0.0000;0.2981;24.2921;15.6483;0.2981;43.5171;15.7973;0.1490;131.4421
turkish;0.0000;0.0829;26.6169;14.1791;0.0829;44.2786;14.5937;0.1658;129.6496
turkish;0.0000;0.0978;28.6413;13.1965;0.0978;44.8680;12.9032;0.1955;125.3394
turkish;0.0000;0.1927;24.9518;14.8362;0.1927;44.7977;14.8362;0.1927;133.8710
turkish;0.0000;0.6993;27.5270;13.7953;1.1443;43.2295;13.5410;0.0636;125.0493
turkish;0.0000;0.5310;26.1947;14.3009;0.5664;43.5044;14.8319;0.0708;130.9226
turkish;0.0000;0.9615;24.1758;15.6593;1.2363;41.9643;15.8654;0.1374;130.4299
turkish;0.0000;0.9295;26.3362;14.4849;1.3168;42.3703;14.4074;0.1549;125.5648
turkish;0.0000;0.5132;26.4663;14.1496;0.6598;43.8416;14.3695;0.0000;131.3679
turkish;0.0000;0.0702;26.2761;14.1028;0.1579;44.9395;14.1379;0.3157;130.9122
turkish;0.0000;0.7752;27.8101;12.5969;0.7752;45.0581;12.5969;0.3876;129.5950
turkish;0.0000;1.5464;24.5704;13.7457;1.5464;44.1581;14.0893;0.3436;132.8691
turkish;0.0000;0.2944;25.1892;14.7603;0.2944;42.6829;15.6854;1.0934;132.3183
turkish;0.0000;0.8081;27.3737;13.0303;0.8081;44.1414;13.2323;0.6061;129.5681
turkish;0.0000;0.4917;25.3227;14.6896;0.3688;43.7001;15.1199;0.3073;132.2874
turkish;0.0000;0.1709;26.8376;13.3333;0.1709;45.8120;13.5043;0.1709;129.7587
turkish;0.0000;0.2693;24.6858;14.9910;0.2693;43.1777;16.1580;0.4488;133.6336
turkish;0.0000;0.2530;26.6442;13.8280;0.2530;44.8567;13.9966;0.1686;128.8181
turkish;0.1167;0.8168;26.3711;13.5356;0.7001;44.1074;14.0023;0.3501;128.3122
turkish;0.0000;0.1949;28.4600;11.8908;0.1949;46.7836;12.2807;0.1949;129.9363
turkish;0.0000;0.2384;26.8176;13.5876;0.2384;44.6365;14.0644;0.4172;129.7401
turkish;0.0000;0.7353;23.3193;16.5966;0.7353;41.4916;16.3866;0.7353;134.7670
turkish;0.1221;0.8547;25.5189;13.9194;0.7326;43.9560;14.4078;0.4884;130.2554
turkish;0.0000;0.1621;26.9044;13.6143;0.1621;45.5429;13.6143;0.0000;129.0488
turkish;0.0000;0.2963;27.5556;13.0370;0.2963;45.4815;13.3333;0.0000;128.1991
turkish;0.0000;0.1439;27.5540;13.6691;0.1439;44.4604;14.0288;0.0000;127.0332
turkish;0.0000;0.7952;27.6342;14.1153;0.7952;42.1471;14.3141;0.1988;126.1830
turkish;0.0000;0.4167;26.9444;13.4722;0.4167;44.3056;14.3056;0.1389;128.8591
turkish;0.0000;0.3423;25.5746;14.6699;0.2934;43.4719;15.2567;0.3912;132.0800
turkish;0.0000;0.3708;29.2954;12.9790;0.3708;43.2633;13.4734;0.2472;123.6138
turkish;0.0000;0.4661;24.7401;14.5572;0.5020;43.8508;15.1309;0.7530;134.6131
turkish;0.0000;0.8711;28.3101;12.2822;0.8711;45.1220;12.3693;0.1742;128.5511
turkish;0.1470;0.0000;24.9082;14.8420;0.2204;43.9383;15.5033;0.4409;134.9879
turkish;0.0000;0.5780;25.2408;14.7399;0.4817;43.6416;15.0289;0.2890;130.0158
turkish;0.0000;0.0943;27.9925;13.1008;0.0943;45.4288;13.0066;0.2828;129.4753
turkish;0.0000;0.3344;29.3200;12.2631;0.5574;46.1538;11.1483;0.2230;127.7397
turkish;0.0000;0.2060;27.3944;13.5942;0.2060;44.9022;13.4912;0.2060;128.5479
turkish;0.0000;0.3513;24.0047;14.9883;0.2342;44.7307;15.2225;0.4684;134.8162
turkish;0.0000;0.5181;27.6339;13.2988;0.8636;44.0415;13.1261;0.5181;126.7409
turkish;0.0000;0.6006;28.2282;12.4625;0.6006;45.4955;12.3123;0.3003;127.4419
turkish;0.0000;0.4637;27.9753;12.5193;0.4637;46.0587;12.2102;0.3091;129.0557
turkish;0.0000;0.4115;27.2977;13.1687;0.4115;45.2675;13.1687;0.2743;128.1720
turkish;0.0000;0.3854;28.5164;12.7168;0.3854;45.2794;12.5241;0.1927;127.3529
turkish;0.0000;0.7353;27.6961;12.9902;0.7353;44.8529;12.7451;0.2451;126.2774
turkish;0.0000;0.4666;28.4603;12.4417;0.4666;45.7232;12.2862;0.1555;126.8116
turkish;0.0000;0.0847;24.8305;15.6780;0.1695;42.8814;16.1864;0.1695;130.4828
turkish;0.0000;0.0000;28.6723;12.8531;0.0000;45.7627;12.7119;0.0000;127.8422
turkish;0.0000;0.3891;26.4591;14.0078;0.5188;44.2283;14.0078;0.3891;128.8066
turkish;0.0000;0.5060;26.8817;13.3460;0.5060;45.0348;12.9032;0.8223;130.4829
turkish;0.0000;0.0797;25.9171;14.6730;0.0000;44.9761;14.1148;0.2392;132.6003
turkish;0.0000;0.5967;23.6277;15.3938;0.8353;44.0334;15.3938;0.1193;133.9181
turkish;0.0000;0.8488;26.5432;13.6574;0.8488;44.2130;13.6574;0.2315;130.3909
turkish;0.0000;0.7229;25.0602;14.9398;0.9639;43.1325;14.9398;0.2410;130.0797
turkish;0.0000;0.2490;22.5726;16.1826;0.2490;44.3154;16.0166;0.4149;134.7826
turkish;0.0000;0.1153;28.9504;13.0334;0.1153;44.0600;13.3795;0.3460;124.3682
turkish;0.0000;0.4831;25.7005;14.8792;0.4831;43.3816;15.0725;0.0000;127.9635
turkish;0.0000;0.3344;28.9298;12.0401;0.1672;46.1538;11.8729;0.5017;126.3021
turkish;0.0000;0.0000;27.2031;14.1762;0.3831;42.5287;14.5594;1.1494;126.0870
turkish;0.0000;1.0116;24.1329;15.3179;1.0116;41.3295;16.3295;0.8671;131.5914
turkish;0.0000;0.2871;27.0813;14.0670;0.2871;43.9234;13.8756;0.4785;128.0186
turkish;0.0000;0.0000;25.3244;14.7667;0.0000;44.8264;14.6615;0.4209;133.8848
turkish;0.0000;0.0000;28.2419;13.8404;0.0623;44.7631;12.9052;0.1870;127.9368
turkish;0.0000;0.5384;23.9354;16.4953;0.3916;42.5355;16.0059;0.0979;131.3107
turkish;0.0000;0.0000;26.3747;15.0047;0.0000;43.1500;15.3774;0.0932;128.8110
turkish;0.0000;0.1340;29.9397;11.7214;0.1340;46.0817;11.9223;0.0670;126.4579
turkish;0.0000;0.1589;25.5463;15.2563;0.1192;43.7426;14.5809;0.5959;134.7826
turkish;0.0000;0.0572;26.9605;14.5965;0.0000;43.5031;14.5965;0.2862;126.1883
turkish;0.0000;0.2126;23.0333;16.3005;0.0709;43.7279;15.8044;0.8505;135.1747
turkish;0.0000;0.0549;26.3591;14.2230;0.0549;45.0302;13.9484;0.3295;130.1288
turkish;0.0000;0.1349;25.6237;15.3742;0.0674;43.9649;14.6325;0.2023;132.0442
turkish;0.0000;0.9498;27.4084;13.8399;0.1357;43.2836;13.4328;0.9498;125.3763
turkish;0.0000;0.0000;25.3112;15.2144;0.0000;44.9516;14.3845;0.1383;132.7354
turkish;0.0000;0.2602;24.0243;15.6114;0.3469;44.3192;14.6574;0.7806;136.9628
turkish;0.0000;0.4098;27.6639;13.4221;0.5123;44.9795;12.8074;0.2049;131.7355
turkish;0.0000;0.3074;26.8443;12.9098;0.3074;44.5697;14.4467;0.6148;132.4415
turkish;0.0000;0.0000;26.6143;14.3106;0.0000;44.5026;13.9616;0.6108;130.5516
turkish;0.0000;0.2134;25.8890;14.5804;0.2134;44.1679;14.2248;0.7112;130.6306
turkish;0.0000;0.0530;26.0731;14.3614;0.0530;43.4022;15.4213;0.6359;130.5056
turkish;0.0000;0.2755;25.3444;15.2433;0.3673;42.6997;15.5188;0.5510;130.0587
turkish;0.0000;0.3205;27.0513;14.6154;0.3205;44.0385;13.4615;0.1923;131.7100
turkish;0.0000;0.0000;25.8714;14.3348;0.0000;45.0172;14.3348;0.4418;133.7937
turkish;0.0000;0.0681;24.9149;15.2485;0.2042;43.4309;15.7250;0.4084;133.0709
turkish;0.0000;0.5917;26.9231;13.9053;0.5917;43.6602;14.0321;0.2959;128.8066
turkish;0.0000;0.1229;25.2612;15.4886;0.1229;43.7001;14.8740;0.4302;132.5651
turkish;0.0000;0.1040;27.1310;13.6175;0.1040;44.2827;13.9293;0.8316;132.6889
turkish;0.0000;0.3344;26.2207;13.9799;0.3344;44.6823;14.2475;0.2007;129.7669
turkish;0.0000;0.0000;24.6954;14.9472;0.0000;43.9480;15.5158;0.8936;134.9270
turkish;0.0000;0.2667;26.6667;13.6000;0.2667;44.9778;13.8667;0.3556;130.0279
turkish;0.0000;0.0000;25.1445;14.4509;0.2890;44.0751;14.8844;1.1561;133.9066
turkish;0.0000;0.1912;27.3423;12.6195;0.1912;46.8451;12.4283;0.3824;130.9091
turkish;0.0000;0.1236;24.8455;15.0803;0.1236;45.1174;14.2151;0.4944;135.3116
turkish;0.0000;0.4449;25.0278;14.7942;0.4449;43.8265;14.7942;0.6674;132.1234
turkish;0.0000;0.2116;25.8201;14.6032;0.2116;43.4921;14.8148;0.8466;132.3427
turkish;0.0000;0.3488;27.4419;13.2558;0.5814;43.7209;14.3023;0.3488;127.3897
turkish;0.0000;0.1062;24.9912;15.1858;0.1062;43.5752;15.6814;0.3540;134.0818
turkish;0.0000;0.8738;27.0874;13.2039;1.0680;44.1748;13.3981;0.1942;126.3400
turkish;0.0000;0.2828;27.8982;13.5721;0.2828;44.3921;13.4779;0.0943;127.3438
turkish;0.0000;1.1450;28.2443;12.5954;0.3817;44.2748;12.4046;0.9542;126.6289
turkish;0.0000;0.0000;30.3509;12.2807;0.1754;45.0877;12.1053;0.0000;121.9895
turkish;0.0000;0.2045;28.0164;12.8834;0.2045;45.8078;12.8834;0.0000;126.4151
turkish;0.0000;0.2083;28.1250;12.7083;0.2083;46.0417;12.7083;0.0000;125.6410
turkish;0.0000;0.2398;28.2974;12.7098;0.2398;45.5635;12.9496;0.0000;125.5474
turkish;0.0000;0.2353;29.4118;12.2353;0.2353;45.4118;12.4706;0.0000;125.4753
turkish;0.0000;0.1716;25.3432;15.3890;0.1716;43.3638;15.5034;0.0572;130.2347
turkish;0.0000;0.1540;26.4049;14.7036;0.1540;44.1878;14.3957;0.0000;129.3544
turkish;0.0000;1.0031;25.0086;15.3580;1.1069;42.0962;14.5624;0.8648;130.4636
turkish;0.0000;0.0723;25.2890;14.3786;0.0723;45.1590;14.4509;0.5780;133.8942
turkish;0.0000;0.3425;26.2720;14.3836;0.3425;44.1781;14.3346;0.1468;130.3454
turkish;0.0000;0.6562;29.0026;12.7297;0.6562;43.9633;12.9921;0.0000;123.2510
turkish;0.0000;1.0742;27.1484;13.7695;1.1719;42.9688;13.6719;0.1953;125.4992
turkish;0.0000;0.1074;24.7987;15.1369;0.3221;44.2297;14.7075;0.6978;135.8627
turkish;0.0000;0.3096;24.7678;15.7895;0.3096;43.6533;15.1703;0.0000;131.9202
turkish;0.0000;0.4605;26.1184;13.8816;0.0658;45.2632;14.1447;0.0658;131.4894
turkish;0.0000;0.1078;25.0000;15.0862;0.1078;44.9353;14.5474;0.2155;132.8152
turkish;0.0000;0.1942;26.9903;13.5922;0.1942;45.2427;13.3981;0.3883;129.1411
turkish;0.0000;0.2463;28.0788;12.8079;0.2463;45.6897;12.6847;0.2463;127.0633
turkish;0.0000;0.2946;27.8351;12.9602;0.2946;45.5081;12.8130;0.2946;127.2517
turkish;0.0000;0.2291;27.7205;13.4021;0.2291;44.6735;13.4021;0.3436;127.1403
turkish;0.0000;0.1595;28.5486;12.7592;0.1595;45.4545;12.5997;0.3190;126.0000
turkish;0.0000;0.0000;27.4921;13.8510;0.0000;44.8059;13.4313;0.4197;127.4920
turkish;0.0000;0.7849;21.9780;17.5824;1.4129;41.9152;16.3265;0.0000;134.2432
turkish;0.0000;0.0000;27.9452;14.3836;0.6849;43.5616;13.2877;0.1370;124.4211
turkish;0.0000;0.5255;26.5766;15.1652;0.6006;42.3423;14.7898;0.0000;125.1732
turkish;0.0000;0.3872;26.1528;14.9595;0.4224;42.9778;14.3259;0.7744;132.6824
turkish;0.0000;0.0712;27.2080;14.3162;0.0000;44.1595;14.0313;0.2137;127.7405
turkish;0.0000;0.3086;25.9259;14.5062;0.3086;44.5679;14.1975;0.1852;130.1276
turkish;0.0000;0.2070;26.0870;14.2857;0.2070;45.3416;13.7681;0.1035;131.2292
turkish;0.0000;0.1052;26.7613;14.3533;0.1577;44.7424;13.6698;0.2103;130.6452
turkish;0.0000;0.2636;26.3574;14.4439;0.2636;44.4386;14.0221;0.2109;130.5532
turkish;0.0000;0.1993;27.9070;13.1561;0.2658;45.3821;12.8239;0.2658;129.1533
turkish;0.0000;0.1833;27.6810;13.7030;0.1833;44.6838;13.2447;0.3208;128.7373
turkish;0.0000;0.2183;27.2926;12.8821;0.2183;46.7249;12.6638;0.0000;131.3274
turkish;0.0000;0.1543;26.4660;13.8889;0.2315;45.7562;13.5031;0.0000;130.6569
turkish;0.0000;0.3091;25.1159;14.6059;0.2318;45.2087;14.5286;0.0000;131.7618
turkish;0.0000;0.3654;26.5530;13.6419;0.3654;45.9196;13.1547;0.0000;130.7992
turkish;0.0000;0.9792;22.7662;17.0135;1.5912;40.3917;17.1359;0.1224;129.6223
turkish;0.0000;0.6787;25.5656;15.2715;1.1312;42.1946;15.0452;0.1131;127.0567
turkish;0.0000;0.7477;23.3645;16.3551;1.2150;41.8692;16.4486;0.0000;130.3951
turkish;0.0000;0.8846;23.9915;15.8882;1.6277;41.4720;15.9590;0.1769;126.9461
turkish;0.0000;0.4231;27.9267;12.9760;0.4231;45.4161;12.8350;0.0000;127.4775
turkish;0.0000;0.6418;26.8293;13.6072;0.6418;44.8010;13.4788;0.0000;128.6598
turkish;0.0000;0.4843;25.7869;14.0436;0.4843;44.6731;14.1646;0.3632;132.7273
turkish;0.0000;1.1730;26.1730;14.6628;2.1994;41.4956;14.1496;0.1466;123.3446
turkish;0.0000;0.8919;27.5362;12.9320;0.7804;43.9242;13.0435;0.8919;126.6200
turkish;0.0000;0.9204;25.0249;15.2239;1.0697;42.6866;14.9005;0.1741;128.7530
turkish;0.0000;1.0124;25.9089;14.7722;1.1045;41.3254;15.3244;0.5522;126.2164
turkish;0.0000;1.6393;26.8443;14.9590;0.8197;40.9836;14.7541;0.0000;119.8767
turkish;0.0000;2.3939;26.5506;13.6017;2.2851;41.0229;13.7106;0.4353;122.0513
turkish;0.0000;1.2308;24.8205;14.8718;1.2308;42.5641;14.9744;0.3077;130.1165
turkish;0.0000;0.9777;26.8156;14.6648;1.2570;41.8994;14.3855;0.0000;123.3624
turkish;0.0000;1.7974;22.3856;18.3007;2.7778;37.2549;17.4837;0.0000;122.6700
turkish;0.0000;1.7578;25.1953;14.8438;2.9297;40.4297;14.8438;0.0000;121.2389
turkish;0.0000;1.4599;24.3796;16.6423;2.0438;39.7080;15.6204;0.1460;124.0909
turkish;0.0000;0.7590;25.6167;14.0417;1.5180;43.2638;14.6110;0.1898;126.9795
turkish;0.0000;1.3280;27.4900;12.8818;1.1952;44.6215;12.2178;0.2656;126.1569
turkish;0.0000;1.6636;28.4658;13.1238;2.0333;41.3124;12.9390;0.4621;119.9454
turkish;0.0000;1.1050;25.0460;15.6538;2.0258;40.4236;15.4696;0.2762;123.8429
turkish;0.0000;0.8825;24.3281;15.9647;1.0028;41.3357;16.2655;0.2206;128.6124
turkish;0.0000;0.2901;27.3694;13.9265;0.2901;44.3907;13.6364;0.0967;127.3292
turkish;0.0000;0.6659;26.6371;13.7625;0.6659;44.6171;13.5405;0.1110;127.6817
turkish;0.0000;0.4338;26.6811;13.7744;0.4338;44.1432;14.0998;0.4338;130.3473
turkish;0.0000;0.8584;28.5408;13.5193;0.8584;44.4206;11.5880;0.2146;128.3737
turkish;0.0000;1.5064;25.9560;14.2526;2.5492;41.2514;14.4844;0.0000;122.6714
turkish;0.0000;0.0000;26.4785;14.3817;0.0000;44.6237;14.5161;0.0000;130.3571
turkish;0.0000;0.4759;26.6485;14.0721;0.7478;43.5078;14.4799;0.0680;127.0563
turkish;0.0000;0.1773;27.6596;13.8889;0.2364;43.4397;14.2435;0.3546;126.6167
turkish;0.0000;0.5567;27.0007;13.5699;0.5567;44.5372;13.6395;0.1392;127.1459
turkish;0.0430;0.0430;27.7419;13.7634;0.3011;44.7312;13.2473;0.1290;128.2548
turkish;0.0000;0.3423;26.6400;13.6338;0.3993;45.0656;13.5767;0.3423;129.6432
turkish;0.0000;0.5690;29.0185;12.3755;0.5690;45.0925;12.2333;0.1422;123.2759
turkish;0.0000;0.4680;28.0811;12.6365;0.4680;45.7098;12.6365;0.0000;126.3285
turkish;0.0000;0.5081;27.5407;13.3130;0.5081;44.5122;13.3130;0.3049;126.1346
turkish;0.0710;0.2131;25.4972;15.1278;0.3551;43.3949;15.1278;0.2131;129.6928
turkish;0.0000;0.0912;26.3446;14.4029;0.0912;43.5734;14.7675;0.7293;130.5060
turkish;0.0000;0.1586;29.8784;12.6388;0.2115;44.3152;12.3744;0.4231;123.8455
turkish;0.0000;0.5882;28.6275;13.1373;0.5882;43.5294;12.9412;0.5882;126.2500
turkish;0.0000;0.2307;26.7589;14.1869;0.3460;43.3679;14.1869;0.9227;129.7989
turkish;0.0000;0.1345;28.1775;13.4499;0.2017;43.8467;13.3826;0.8070;127.8742
turkish;0.0000;0.0000;28.2776;13.2391;0.0000;44.8586;13.4961;0.1285;127.1255
turkish;0.0000;0.2243;28.7408;13.1048;0.2884;43.9282;13.1048;0.6088;127.0406
turkish;0.0000;0.1838;26.5625;14.5221;0.0919;43.8419;14.3382;0.4596;129.0226
turkish;0.0000;0.2312;29.8844;12.1965;0.2890;44.5665;12.2543;0.5780;126.4325
turkish;0.0000;0.2086;29.3014;12.5130;0.3128;44.4213;12.5130;0.7299;126.1084
turkish;0.0000;0.1951;29.2588;12.0286;0.1951;46.1638;12.0936;0.0650;128.0168
turkish;0.0000;0.2757;30.2550;11.6701;0.2527;45.4859;11.6701;0.3905;125.6124
turkish;0.0000;0.7825;28.6385;11.4241;0.7825;45.6964;12.2066;0.4695;128.1095
turkish;0.0000;0.2451;30.1471;12.2549;0.2451;44.6078;12.5000;0.0000;122.4719
turkish;0.0000;0.0000;22.9814;16.5927;0.0000;43.3895;16.4153;0.6211;136.1765
turkish;0.0000;0.5369;27.3826;13.4228;0.5369;44.6980;13.2886;0.1342;126.6112
turkish;0.0145;0.3043;25.9673;14.8529;0.3478;43.9357;14.3747;0.2029;131.4934
turkish;0.0000;0.3106;26.1905;14.1822;0.2588;44.7205;14.2340;0.1035;131.2552
turkish;0.0000;0.5175;27.9431;13.0660;0.5175;44.7607;13.0660;0.1294;127.1630
turkish;0.0000;0.3584;28.3154;13.2616;0.1792;43.9068;13.2616;0.7168;124.7887
turkish;0.0000;1.0309;23.3941;16.7328;1.1895;41.0785;16.2569;0.3172;129.7436
turkish;0.0000;0.0000;28.0438;13.5431;0.0000;44.8700;13.5431;0.0000;126.8559
turkish;0.0000;0.2558;27.7920;13.6402;0.2558;45.0128;12.8730;0.1705;128.5135
turkish;0.0000;0.1783;24.1533;15.5971;0.1783;44.3850;15.5080;0.0000;132.6531
turkish;0.0000;0.5040;23.8911;15.1210;0.5040;42.9435;15.0202;2.0161;139.7651
turkish;0.0000;0.8632;24.1036;14.8074;0.3320;43.2935;14.9402;1.6600;136.3234
turkish;0.0000;0.3587;24.0359;15.7848;0.3587;43.4081;15.4260;0.6278;135.7250
turkish;0.0000;0.0870;25.2609;15.1304;0.0870;44.1739;14.7391;0.5217;132.7719
turkish;0.0000;0.3040;28.1155;12.4620;0.3040;46.0486;11.8541;0.9119;131.3725
turkish;0.0000;0.9259;23.5185;16.2963;0.9259;41.8519;15.3704;1.1111;133.9080
turkish;0.0000;0.2879;26.7754;14.3954;0.1919;42.8983;13.9155;1.5355;132.3484
turkish;0.0000;0.2734;25.1538;14.8325;0.3418;44.5660;14.6275;0.2051;132.1547
turkish;0.0000;0.3704;25.8519;14.7407;0.3704;43.7778;14.5926;0.2963;129.7393
turkish;0.0000;0.0000;26.7425;13.7980;0.0000;45.3770;13.7980;0.2845;131.8807
turkish;0.0000;0.0935;25.5140;14.6729;0.0935;44.7664;14.5794;0.2804;132.7820
turkish;0.0000;0.2561;24.5412;15.3649;0.3414;43.6620;15.5356;0.2988;132.3591
turkish;0.0000;0.0000;25.0152;15.4220;0.4250;43.3515;15.3613;0.4250;130.4642
turkish;0.0000;0.5612;26.2626;14.2536;0.6734;43.5466;14.3659;0.3367;129.9083
turkish;0.0000;0.2823;26.6935;14.3145;0.4032;44.1532;13.9516;0.2016;129.5984
turkish;0.0712;0.2847;24.5552;14.9466;0.3559;44.3416;15.2313;0.2135;132.8375
turkish;0.3906;0.7812;26.1719;14.4531;0.7812;42.5781;14.8438;0.0000;124.5399
turkish;0.0000;0.2304;26.4977;13.7097;0.2304;45.0461;14.1705;0.1152;129.6564
turkish;0.0000;1.3171;26.8490;13.8804;1.3171;42.7558;13.8804;0.0000;125.4372
turkish;0.0000;0.2037;25.4582;14.5621;0.2037;45.0102;14.3585;0.2037;131.1709
turkish;0.0000;0.2901;26.0155;13.9265;0.3868;45.3578;13.8298;0.1934;129.8351
turkish;0.0000;0.1951;25.6585;14.5366;0.1951;45.0732;14.2439;0.0976;130.4545
turkish;0.0000;0.2671;25.1113;14.6037;0.2671;45.0579;14.6037;0.0890;131.8119
turkish;0.0000;0.3568;26.2266;13.8269;0.4460;45.2275;13.8269;0.0892;129.4360
turkish;0.0000;0.1828;26.0512;13.8940;0.1828;45.7952;13.8026;0.0914;131.2945
turkish;0.0000;0.3723;24.1996;16.2820;0.3971;42.2437;16.0338;0.4716;133.2538
turkish;0.0000;0.1035;26.9772;14.3271;0.1035;44.2857;13.9545;0.2484;127.1667
turkish;0.0000;0.0000;28.2787;13.3197;0.2049;44.4672;13.5246;0.2049;126.3844
turkish;0.0000;0.1874;24.3598;16.0525;0.1874;43.4104;15.6777;0.1249;133.7474
turkish;0.0000;0.0000;23.6967;15.6398;0.0000;44.5498;16.1137;0.0000;134.4961
turkish;0.0000;0.1166;24.2424;16.2005;0.1166;42.7739;16.4336;0.1166;131.0606
turkish;0.0000;0.2536;25.1902;15.3846;0.2536;42.9417;15.6382;0.3381;129.6552
turkish;0.0000;0.1592;23.8854;17.1975;0.1592;41.4013;17.0382;0.1592;130.8483
turkish;0.0000;0.1010;25.5556;15.0000;0.3030;43.9394;14.7980;0.3030;130.0800
turkish;0.0000;0.2737;24.1204;15.2854;0.3127;44.5270;15.3245;0.1564;134.2587
turkish;0.0000;0.0000;30.9368;10.8932;0.0000;45.4248;11.7647;0.9804;126.9027
turkish;0.0000;0.3229;25.9419;14.2088;0.3229;43.7029;14.8547;0.6459;130.9932
turkish;0.0000;0.1389;24.8611;15.0000;0.2778;43.3333;15.5556;0.8333;133.0275
turkish;0.0000;0.2632;26.2406;14.0226;0.3383;44.3985;14.4361;0.3008;131.4907
turkish;0.0000;0.0000;26.1905;13.1868;0.0000;46.8864;13.4615;0.2747;134.8485
turkish;0.0000;0.1616;26.0606;14.6263;0.1616;44.1212;14.7475;0.1212;131.5859
turkish;0.0000;0.0508;23.0300;17.2344;0.0508;42.5013;17.0310;0.1017;134.2930
turkish;0.0000;0.5165;26.4601;15.0179;0.5959;42.7493;14.5411;0.1192;128.2763
turkish;0.0000;0.2903;21.7997;17.0392;0.2903;43.5123;16.8070;0.2612;136.6398
turkish;0.0000;0.0000;27.3592;14.4111;0.0000;43.5991;14.2648;0.3658;127.0520
turkish;0.0000;0.0000;27.0833;12.5000;0.0000;46.3294;13.8889;0.1984;133.7662
turkish;0.0000;0.5534;24.9032;15.2739;0.4981;43.1655;15.3846;0.2214;129.6791
turkish;0.0000;0.1391;25.2627;14.3078;0.1236;45.3492;14.4159;0.4017;133.4743
turkish;0.0000;1.0799;25.9179;14.7948;0.9719;42.9806;14.1469;0.1080;126.5203
turkish;0.0000;1.0669;25.5092;14.5490;1.0669;43.3560;13.9670;0.4850;129.5559
turkish;0.0000;0.5291;25.1323;15.3439;0.5291;42.8571;15.3439;0.2646;129.7872
turkish;0.0000;0.5607;28.7850;13.0841;0.5607;44.2991;12.7103;0.0000;123.8938
turkish;0.0000;0.6504;27.9675;12.8455;0.3252;44.8780;13.1707;0.1626;125.0000
turkish;0.0000;0.5931;25.3855;14.4128;0.5931;43.9502;14.2942;0.7711;132.3985
turkish;0.0000;0.4575;24.0622;15.5535;0.3660;43.8243;15.4620;0.2745;133.2836
turkish;0.0000;0.4837;25.0907;15.1753;0.4837;43.5913;14.9335;0.2418;132.6904
turkish;0.0000;0.3992;25.4491;14.6707;0.3992;44.1118;14.7705;0.1996;130.8682
turkish;0.0000;0.4153;25.2492;15.1163;0.4153;43.3555;15.2824;0.1661;131.4325
turkish;0.0000;1.5333;23.8000;16.5333;2.0667;40.2000;15.8000;0.0667;126.3918
turkish;0.0000;0.4450;27.7813;13.3503;0.2543;44.6917;13.0324;0.4450;127.8622
turkish;0.0000;0.0000;23.2014;16.3669;0.0000;43.8849;16.3669;0.1799;140.1840
turkish;0.0000;0.1051;27.1151;14.5034;0.1051;43.4051;14.4509;0.3153;127.6316
turkish;0.0000;0.9032;26.8387;14.5806;1.0323;42.1935;14.1935;0.2581;123.6000
turkish;0.0000;0.3521;26.7606;13.7324;0.7042;45.0704;13.2042;0.1761;129.5890
turkish;0.0000;0.2125;26.7800;14.3464;0.5313;43.4644;14.2402;0.4251;128.6195
turkish;0.0000;0.0000;27.3399;13.7931;0.0000;43.8424;14.2857;0.7389;128.6853
turkish;0.0000;0.0000;30.0371;11.8665;0.2472;45.7355;11.9901;0.1236;123.5632
turkish;0.0000;0.4334;21.9935;17.4431;0.7584;41.8202;17.3348;0.2167;134.4828
turkish;0.1290;0.3226;27.0323;13.9355;0.5161;44.1290;13.5484;0.3871;126.3672
turkish;0.0000;0.1383;24.8963;14.1079;0.1383;43.8451;13.9696;2.9046;137.2807
turkish;0.0000;0.0000;23.5714;16.2857;0.0000;44.1429;16.0000;0.0000;135.1942
turkish;0.0000;0.0000;24.2553;15.4255;0.0000;45.2128;15.0000;0.1064;136.8613
turkish;0.0000;0.2920;22.5730;16.7701;0.2920;43.1387;16.5511;0.3832;134.9669
turkish;0.0000;0.0000;24.7019;15.8433;0.0000;43.6116;15.6729;0.1704;130.9859
turkish;0.0000;0.4810;26.5413;14.1233;0.4810;43.5068;14.3857;0.4810;128.8609
turkish;0.0000;0.4704;23.3302;16.0865;0.4704;41.6745;17.3095;0.6585;133.4884
turkish;0.0000;0.3586;28.2897;13.4098;0.3944;44.1377;13.3381;0.0717;125.4802
turkish;0.0000;0.0000;26.9828;14.1455;0.0818;44.6443;13.6549;0.4906;133.1063
turkish;0.0000;0.3367;28.1706;14.1414;0.3367;42.5365;14.3098;0.1684;125.8905
turkish;0.0000;1.0124;22.1597;16.8729;1.1249;40.6074;17.9978;0.2250;134.7122
turkish;0.0000;0.1616;23.2633;17.1244;0.9693;41.5994;16.6397;0.2423;130.2872
turkish;0.8273;1.4478;26.7839;13.5471;1.9648;41.9855;12.8232;0.6205;123.5955
turkish;0.0000;0.0000;28.3186;13.8643;0.2950;44.2478;13.2743;0.0000;126.6990
turkish;0.0000;0.3375;26.4904;14.5107;0.7874;43.0259;14.1732;0.6749;128.4827
turkish;0.0000;0.3759;26.1591;14.3484;0.2820;44.6115;13.8158;0.4073;132.3124
turkish;0.0000;0.0000;24.9673;15.4248;0.0000;44.9673;14.6405;0.0000;134.4609
turkish;0.0000;0.0000;24.7108;15.5626;0.0000;44.0589;15.3523;0.3155;133.4507
turkish;0.0000;0.0000;29.1667;12.8205;0.0000;44.5513;13.1410;0.3205;124.4898
turkish;0.0000;0.1914;23.1611;16.4069;0.6289;43.0681;16.4342;0.1094;132.6009
turkish;0.0000;0.9158;25.8242;14.4383;0.9768;42.9487;14.5910;0.3053;129.4795
turkish;0.0000;0.0716;26.3422;14.6027;0.0716;44.2377;14.2448;0.4295;130.9976
turkish;0.0000;0.1344;25.4032;14.2473;0.5376;44.6237;14.7849;0.2688;131.8182
turkish;0.0000;0.5369;29.2617;12.0805;0.4027;45.2349;12.0805;0.4027;126.9639
turkish;0.0000;0.3497;27.5350;14.2483;0.4371;43.3566;13.9860;0.0874;124.8295
turkish;0.0000;0.2688;28.8530;13.2616;0.2688;43.5484;13.5305;0.2688;125.2525
turkish;0.0000;0.1663;27.5977;13.3001;0.1663;44.9709;13.4386;0.3602;129.6679
turkish;0.0000;0.2472;27.9357;14.2151;0.2472;43.3869;13.9679;0.0000;124.1715
turkish;0.0000;0.2355;23.7834;15.5416;0.2355;44.5840;15.4631;0.1570;134.9741
turkish;0.0000;0.3099;25.2066;14.9793;0.3099;44.6281;14.3595;0.2066;130.3859
turkish;0.0000;0.2010;25.9296;14.7739;0.2010;44.5226;14.1709;0.2010;128.8820
turkish;0.0000;0.2237;25.7271;14.8770;0.2237;44.5190;14.2058;0.2237;129.3403
turkish;0.0000;0.3650;26.6423;13.9903;0.3650;45.1338;13.2603;0.2433;128.7850
turkish;0.0000;0.2169;26.0304;14.8590;0.2169;44.2516;14.2082;0.2169;127.8607
turkish;0.0000;0.2743;24.4103;15.1399;0.2743;44.5420;15.0850;0.2743;134.1291
turkish;0.0000;0.1733;27.2097;14.5581;0.1733;43.3276;14.5581;0.0000;125.2717
turkish;0.0000;0.6146;25.9877;14.1352;0.0878;44.1615;14.4864;0.5268;129.8295
turkish;0.0000;0.2970;27.5427;13.6600;0.1485;44.5434;13.8085;0.0000;126.5589
turkish;0.0000;0.3240;27.3218;13.1749;0.5400;45.1404;13.4989;0.0000;127.7027
turkish;0.0218;0.2178;28.1778;13.8220;0.2287;43.0345;14.1379;0.3594;126.4307
turkish;0.0000;0.2611;25.9791;14.2298;0.2611;44.9086;14.2298;0.1305;130.4440
turkish;0.0000;0.4968;26.1178;13.8396;0.4968;44.2158;14.6203;0.2129;131.8449
turkish;0.0000;0.0848;30.4495;11.6200;0.0848;45.8863;11.4504;0.4241;124.8649
turkish;0.0000;0.1025;23.6680;15.2664;0.1025;45.1844;15.2664;0.4098;141.5094
turkish;0.1443;0.2886;25.6854;15.4401;0.2886;42.4242;15.2958;0.4329;126.5909
turkish;0.0000;0.6403;24.1195;15.5816;0.4269;43.4365;15.6884;0.1067;131.5236
turkish;0.0000;0.0000;29.3638;11.7455;0.0000;46.9821;11.7455;0.1631;127.2487
turkish;0.0000;0.1121;30.2204;11.6548;0.1121;46.0217;11.7669;0.1121;125.8141
turkish;0.0000;0.1103;31.1144;11.2909;0.1103;45.7889;11.4013;0.1839;124.2477
turkish;0.0000;0.3497;26.3986;13.4615;0.5245;44.9301;13.8112;0.5245;131.4050
turkish;0.0000;0.3645;26.8530;13.2442;0.3645;45.2005;13.0012;0.9721;133.2046
turkish;0.0000;0.0000;25.6911;14.1463;0.0000;45.0407;14.4715;0.6504;132.7411
turkish;0.0000;0.5336;25.6137;14.1942;0.2134;45.0374;14.0875;0.3202;131.7949
turkish;0.0000;0.3673;28.1742;13.7461;0.4197;43.9140;13.1165;0.2623;126.6109
turkish;0.0000;1.3161;26.1200;14.7811;1.4174;41.5591;14.6039;0.2025;124.6468
turkish;0.0000;0.5193;25.7897;14.8421;0.4327;42.9684;15.4046;0.0433;130.1460
turkish;0.0000;0.2939;25.7164;14.9890;0.0735;44.1587;14.5481;0.2204;130.1643
turkish;0.0000;0.2528;26.9279;13.9064;0.1264;44.5006;14.1593;0.1264;130.9129
turkish;0.0000;0.5051;28.2828;12.6263;0.5051;45.0758;12.3737;0.6313;129.5316
turkish;0.0000;0.0000;25.0000;14.8551;0.0000;44.7464;15.2174;0.1812;133.1307
turkish;0.0000;0.1337;25.2674;14.9733;0.1337;42.9144;14.5722;2.0053;139.2157
turkish;0.0000;0.0000;28.3465;13.3858;0.0000;45.4068;12.3360;0.5249;128.2787
turkish;0.0000;0.4831;23.6715;16.4251;0.4831;41.7874;16.0225;1.1272;133.1160
turkish;0.0000;0.1267;28.2636;13.0545;0.1267;44.6134;13.1812;0.6337;128.8845
turkish;0.0000;0.4874;28.1072;13.4850;0.5686;42.7295;14.1348;0.4874;126.9231
turkish;0.0000;0.5564;25.4372;14.6264;0.4769;44.1176;14.7854;0.0000;131.5927
turkish;0.0000;0.1738;26.1512;14.0747;0.1738;44.6568;14.5960;0.1738;131.4085
turkish;0.0000;0.1763;26.9683;14.1598;0.1763;44.5358;13.6310;0.3525;132.5692
turkish;0.0000;0.1642;27.6957;13.3552;0.2189;44.7729;13.0268;0.7663;133.3041
turkish;0.0000;0.0749;26.0479;13.8473;0.2994;44.3114;14.9701;0.4491;134.9502
turkish;0.0000;0.0000;25.1276;15.3061;0.2551;44.3878;14.7959;0.1276;134.6774
turkish;0.0000;0.2034;24.4068;15.5254;0.2034;43.5254;15.4576;0.6780;135.2811
turkish;0.0000;0.8089;24.7725;16.3802;0.8089;41.9616;14.7624;0.5056;135.5305
turkish;0.0000;0.6897;25.0398;15.0663;0.7958;43.1300;14.7480;0.5305;133.0749
turkish;0.0000;0.2266;26.8127;14.7281;0.3021;44.1088;13.5196;0.3021;130.3797
turkish;0.0000;0.2040;26.2621;14.7884;0.3570;43.9062;13.9725;0.5099;133.3333
turkish;0.0000;0.2228;25.0696;15.2646;0.1671;44.3454;14.5961;0.3343;135.3261
turkish;0.0000;0.2259;26.0542;14.5331;0.2259;44.6536;14.0060;0.3012;132.3245
turkish;0.0000;1.5649;23.9437;15.6495;1.7214;41.7840;15.1800;0.1565;133.4988
turkish;0.0000;0.6838;26.1538;14.5299;0.6838;43.5897;14.0171;0.3419;132.7731
turkish;0.0000;0.2356;30.3887;12.0141;0.2356;45.4653;11.4252;0.2356;128.7091
turkish;0.0000;0.2283;27.8539;13.3181;0.3044;45.2055;12.9376;0.1522;130.6943
turkish;0.0000;0.0973;24.6109;15.3696;0.1946;44.0661;14.8833;0.7782;137.9538
turkish;0.2857;1.0857;24.8000;14.6857;1.0286;42.4571;15.0286;0.6286;132.9599
turkish;0.0000;0.0831;27.6808;13.2170;0.0831;45.2203;13.5495;0.1663;129.5014
turkish;0.0000;0.5376;23.2258;16.9892;0.6452;41.6129;16.9892;0.0000;130.7282
turkish;0.0000;0.1190;24.4048;15.5952;0.1190;44.0476;15.3571;0.3571;133.3969
turkish;0.0000;0.3511;25.5618;15.7303;0.3511;41.9944;15.7303;0.2809;130.4850
turkish;0.0000;0.1232;24.0969;15.2299;0.1232;45.3202;14.7373;0.3695;136.8526
turkish;0.0000;0.2080;25.3121;15.4646;0.1387;42.9958;15.4646;0.4161;128.6339
turkish;0.0000;0.1095;24.5345;15.9912;0.2191;43.0449;15.9912;0.1095;130.9609
turkish;0.0000;0.0968;26.0491;13.8476;0.0968;45.6423;14.1704;0.0968;132.3269
turkish;0.0000;0.0755;25.5287;14.5770;0.0755;44.2976;15.2946;0.1511;133.2085
turkish;0.0000;0.0758;26.8182;14.4697;0.0758;43.1818;14.1667;1.2121;131.9255
turkish;0.0000;0.1895;25.8604;15.3773;0.1895;42.5324;15.5036;0.3473;128.6445
turkish;0.0000;1.3963;24.1676;14.1783;1.3963;44.0387;14.0709;0.7519;135.8792
turkish;0.0000;0.4790;27.1856;14.1317;0.5988;45.1497;12.3353;0.1198;132.1773
turkish;0.0000;0.2899;24.7343;15.2657;0.2899;44.2512;14.9758;0.1932;133.0128
turkish;0.0000;0.9339;27.5486;13.8521;0.9339;43.2685;12.1401;1.3230;131.0300
turkish;0.0000;0.5597;25.0933;15.2985;0.0000;43.7500;15.2985;0.0000;130.6061
turkish;0.0000;0.7764;24.6894;14.1304;0.6211;45.4193;14.0528;0.3106;132.4940
turkish;0.0000;0.0871;24.3031;15.4181;0.0871;44.5993;15.5052;0.0000;134.0974
turkish;0.0000;0.6186;23.0928;16.5979;0.9278;42.3711;16.1856;0.2062;131.3214
turkish;0.0000;0.0000;28.9003;12.2762;0.5115;46.0358;12.2762;0.0000;124.7967
turkish;0.0000;0.3699;28.6067;12.9470;0.3699;44.7596;12.8237;0.1233;124.8062
turkish;0.0000;1.2892;24.3980;16.0545;1.4108;40.8903;15.8112;0.1459;129.4229
turkish;0.0000;0.9150;27.1895;13.8562;0.9150;43.7255;13.2680;0.1307;127.7426
turkish;0.4681;1.1118;27.4429;13.1071;1.1118;43.3587;13.1071;0.2926;125.0459
turkish;0.0000;0.9654;22.5440;16.9222;1.0221;41.6809;16.3543;0.5111;132.0943
turkish;0.0000;0.7656;24.7539;14.8742;1.1666;43.0550;14.8742;0.5104;130.5035
turkish;0.0000;0.0914;23.9488;15.8135;0.1828;43.8757;15.9963;0.0914;132.7354
turkish;0.0000;0.3984;27.0916;13.2802;0.4648;45.4847;13.2138;0.0664;130.0839
turkish;0.0000;1.1628;29.2359;12.6246;0.6645;44.1860;12.1262;0.0000;123.1579
turkish;0.0000;0.9991;22.9791;16.6213;1.8165;39.7820;17.4387;0.3633;127.3759
turkish;0.0000;0.2110;28.1997;13.9241;0.2813;43.4599;13.9241;0.0000;125.3165
turkish;0.0000;0.0719;26.1682;14.8095;0.1438;43.6377;14.9533;0.2157;127.8351
turkish;0.0000;0.3217;27.6493;13.7945;0.4424;43.2536;14.1766;0.3620;125.7404
turkish;0.0000;0.0000;26.9737;14.3421;0.0000;44.3421;13.9474;0.3947;129.0598
turkish;0.0000;0.4000;26.8000;13.6000;1.6000;44.1333;13.4667;0.0000;126.5182
turkish;0.0000;0.2006;28.1846;12.9388;0.3009;45.0351;13.1394;0.2006;127.0665
turkish;0.0000;0.0000;23.8617;15.8516;0.0000;44.4351;15.6830;0.1686;133.0163
turkish;0.0000;0.5435;26.6304;14.8551;1.2681;42.7536;13.0435;0.9058;130.2857
turkish;0.0000;0.0000;24.6622;15.2027;0.0000;43.5811;15.8784;0.6757;131.5217
turkish;0.0000;1.7903;19.1816;19.1816;1.5345;38.8747;18.9258;0.5115;138.3966
turkish;0.0000;0.6734;18.8552;17.8451;1.0101;41.0774;18.8552;1.6835;145.9770
turkish;0.0000;0.0000;24.2857;16.1905;0.2381;42.3810;15.9524;0.9524;132.8000
turkish;0.0601;2.9447;19.4712;17.4279;3.7260;37.9808;16.8870;1.5024;132.1627
turkish;0.0000;0.2928;27.3792;13.6164;0.0000;44.8023;13.7628;0.1464;129.6209
turkish;0.0000;1.3624;24.5232;15.5313;1.0899;42.2343;14.7139;0.5450;132.3144
turkish;0.0000;0.1520;26.8237;13.0699;0.9119;44.8328;13.5258;0.6839;128.3493
turkish;0.0000;1.5414;28.5164;12.3314;1.5414;43.5453;12.5241;0.0000;120.9497
turkish;0.0000;1.3393;23.4375;14.9554;1.7857;42.8571;15.6250;0.0000;131.0954
turkish;0.0000;0.0000;26.6223;13.8103;0.1664;44.7587;14.3095;0.3328;128.6472
turkish;0.0000;1.2579;23.8994;15.4088;1.2579;41.1950;16.3522;0.6289;129.1457
turkish;0.0000;0.2271;26.7222;14.1559;0.1514;44.5874;13.6260;0.5299;128.7559
turkish;0.0000;0.3125;26.2500;14.2188;0.3125;42.9688;15.4688;0.4688;128.5714
turkish;0.0000;0.5917;23.6686;16.3708;0.5917;42.0118;16.1736;0.5917;135.5769
turkish;0.0000;2.2378;25.4545;15.2448;2.3776;40.8392;13.1469;0.6993;132.1277
turkish;0.0000;0.1859;23.6059;15.9851;0.3717;42.0074;16.9145;0.9294;132.1321
turkish;0.0000;1.6539;24.8092;14.8855;1.6539;42.2392;14.7583;0.0000;130.7847
turkish;0.0000;0.6565;27.3523;13.7856;1.0941;40.9190;14.2232;1.9694;126.6892
turkish;0.0000;0.9346;26.4019;13.5514;0.9346;43.2243;14.7196;0.2336;130.4833
turkish;0.0000;0.7538;24.1206;15.8291;1.2563;42.3367;15.5779;0.1256;130.9198
turkish;0.0000;0.8043;24.5308;15.4155;0.9383;42.7614;15.5496;0.0000;131.7697
turkish;0.0000;0.7587;24.1275;14.7193;0.0000;42.6404;14.5675;3.1866;146.0317
turkish;0.0000;0.1948;25.9836;14.7448;0.1948;43.9423;14.6474;0.2922;130.3906
turkish;0.0000;0.2513;28.1407;13.8191;0.2513;43.4673;13.8191;0.2513;123.4375
turkish;0.0000;0.1456;25.9825;14.8472;0.2911;43.8137;14.7016;0.2183;129.9517
turkish;0.0000;0.6826;22.6962;16.0410;0.3413;43.3447;15.6997;1.1945;136.5169
turkish;0.0000;0.1271;26.8107;14.3583;0.1271;44.2186;14.3583;0.0000;129.1405
turkish;0.0000;0.1669;23.8042;15.5172;0.1669;43.9377;15.0723;1.3348;137.5790
turkish;0.0000;0.0000;26.6731;14.0640;0.0000;44.3259;14.5975;0.3395;132.1543
turkish;0.0000;0.0000;26.4840;14.4597;0.0000;43.6834;14.3075;1.0654;131.3676
turkish;0.0000;0.0786;26.3836;14.5755;0.0786;43.6950;14.9528;0.2358;130.7465
turkish;0.0521;0.2086;26.4859;14.4421;0.2607;43.3785;14.4943;0.6778;130.0426
turkish;0.0000;0.5751;26.0064;14.3770;0.4473;42.8115;13.8658;1.9169;133.9139
turkish;0.0000;1.2380;26.2724;14.0303;0.2751;41.9532;13.2050;3.0261;136.8304
turkish;0.0000;0.7134;23.9001;16.2901;0.3567;41.9738;15.5767;1.1891;132.1154
turkish;0.0000;0.2326;28.2558;13.6047;0.2326;42.4419;13.2558;1.9767;128.1426
turkish;0.0000;0.1252;26.6750;14.5899;0.3131;43.5191;14.0889;0.6888;129.0486
turkish;0.0000;0.9548;25.8581;15.0710;0.9290;41.9871;14.8387;0.3613;127.2238
turkish;0.0000;0.2941;27.7059;13.4706;0.2941;43.8824;13.8235;0.5294;128.0112
turkish;0.0000;0.5800;23.6659;16.8213;0.1160;41.5313;16.1253;1.1601;132.2034
turkish;0.0000;0.1283;23.7332;15.9718;0.1283;43.2970;16.6132;0.1283;134.7779
turkish;0.0000;0.0476;26.4986;15.2712;0.0476;42.6261;15.4615;0.0476;124.9630
turkish;0.0000;0.3339;28.0885;14.0234;0.3339;42.9048;14.2321;0.0835;125.6204
turkish;0.0000;0.0000;25.2636;15.3141;0.0000;43.8790;15.4058;0.1376;131.2642
turkish;0.0000;0.2001;24.8165;15.6104;0.1334;43.1621;15.6771;0.4003;132.0862
turkish;0.0000;0.1062;26.4276;13.8114;0.1062;45.3918;13.8911;0.2656;131.2794
turkish;0.0000;0.1806;27.7637;13.1684;0.1806;45.2673;13.2406;0.1987;128.4887
turkish;0.0000;0.0000;26.1387;14.7425;0.0000;44.1718;14.7611;0.1859;130.3939
turkish;0.0000;0.2226;26.5685;13.7352;0.2455;45.1162;13.7980;0.3140;130.4120
turkish;0.0000;0.9331;26.9051;14.1524;0.0000;42.9238;12.7527;2.3328;132.6683
turkish;0.0000;0.2472;25.3811;15.1215;0.2060;41.8212;15.5748;1.6481;133.4241
turkish;0.0000;0.1157;25.6361;15.2274;0.1542;43.5621;15.1503;0.1542;130.2251
turkish;0.0000;0.8865;24.1135;16.3121;0.3546;41.6667;15.4255;1.2411;130.1408
turkish;0.0000;0.7485;24.9251;15.1946;0.1497;42.5898;14.5210;1.8713;133.2542
turkish;0.0000;0.1331;26.0426;14.8033;0.0887;43.9219;14.8181;0.1923;129.6386
turkish;0.0000;0.0430;25.5694;15.5135;0.0430;44.1771;14.2243;0.4297;134.5722
turkish;0.0000;0.0000;24.3636;16.1818;0.0000;41.2727;16.5455;1.6364;137.1069
turkish;0.0000;0.5386;26.2118;14.4524;0.0000;43.0880;13.5548;2.1544;134.1007
turkish;0.0000;0.4237;20.9746;17.7966;0.2119;41.7373;16.5254;2.3305;144.4853
turkish;0.0000;0.7564;26.9289;12.8593;0.6051;44.4781;12.2542;2.1180;135.9801
turkish;0.0000;0.1256;27.8894;14.3216;0.1256;42.9648;14.5729;0.0000;124.8447
turkish;0.0000;0.0000;27.1117;14.2563;0.0412;43.9225;14.5447;0.1236;129.5813
turkish;0.0000;0.5363;25.5485;15.0658;0.5363;42.7596;15.1633;0.3901;130.7754
turkish;0.0000;0.5329;24.3339;15.0977;0.3552;42.6288;14.5648;2.4867;137.8299
turkish;0.0000;0.0935;26.7072;13.7512;0.0935;45.0421;14.0786;0.2339;130.6878
turkish;0.0000;0.1893;25.7413;14.9527;0.1893;42.9653;15.7098;0.2524;131.2903
turkish;0.0000;0.3888;24.3138;16.2855;0.3660;42.2461;16.2397;0.1601;130.7808
turkish;0.0000;0.1000;26.0000;15.3000;0.0500;43.3000;15.0500;0.2000;128.6629
turkish;0.0000;0.1016;25.7114;14.6341;0.1016;44.7154;14.0244;0.7114;132.2476
turkish;0.0000;0.0000;22.6501;15.7418;0.0000;45.6399;15.6285;0.3398;137.5458
turkish;0.0000;0.0000;24.1294;16.7910;0.0000;42.9104;16.1692;0.0000;131.6832
turkish;0.0000;0.1134;25.5102;15.7596;0.0000;42.8571;15.4195;0.3401;128.3636
turkish;0.0000;0.6889;25.9472;15.3846;0.6889;42.7095;14.4661;0.1148;127.4194
turkish;0.0000;0.6742;28.3146;14.1573;0.6742;42.3596;13.5955;0.2247;123.1047
turkish;0.0000;0.1302;27.7344;14.7135;0.2604;41.2760;15.8854;0.0000;121.5074
turkish;0.0000;0.0000;21.5795;17.5751;0.0000;41.8242;19.0211;0.0000;132.9268
turkish;0.0000;0.0934;24.1830;15.4062;0.0934;42.8571;16.8067;0.5602;134.5972
turkish;0.0000;0.0840;26.6387;14.2017;0.0840;44.2857;14.6218;0.0840;129.5606
turkish;0.0000;0.0000;24.5728;15.2156;0.0000;45.1587;14.9715;0.0814;133.4646
turkish;0.0000;0.0000;23.9040;15.8664;0.0000;44.1545;15.8664;0.2088;133.1606
turkish;0.0000;0.0758;29.5455;11.0606;0.0758;47.8030;11.2121;0.2273;128.6895
turkish;0.0000;0.2695;28.1941;13.6388;0.2695;43.9353;13.2075;0.4852;125.9041
turkish;0.0000;0.3046;28.4844;12.9474;0.3808;44.8591;12.8713;0.1523;127.6904
turkish;0.0000;0.3235;25.0708;14.6785;0.4044;44.4400;14.4763;0.6066;132.2066
turkish;0.0000;0.1024;21.6991;18.3214;0.1024;41.4534;18.2190;0.1024;132.2222
turkish;0.0000;0.2826;25.7773;13.9627;0.2826;45.2798;14.1888;0.2261;135.0095
turkish;0.0000;0.0816;25.2720;14.7443;0.0816;43.9064;14.7171;1.1970;134.5471
turkish;0.0000;1.5278;22.7778;14.8611;1.8056;42.7778;14.8611;1.3889;134.2222
turkish;0.0000;0.2192;27.1133;13.7758;0.2192;44.5836;13.9011;0.1879;129.9172
turkish;0.0000;0.0948;26.2326;14.8546;0.0632;43.6789;15.0126;0.0632;130.2067
turkish;0.0000;1.2754;26.0000;13.5652;1.2464;43.5362;14.1159;0.2609;130.5248
turkish;0.0000;0.1299;27.3807;14.0523;0.1671;44.4960;13.6068;0.1671;129.9205
turkish;0.0000;0.1664;27.3968;13.5819;0.1664;44.8069;13.6152;0.2663;131.0345
turkish;0.0000;0.0761;24.0487;15.6773;0.0761;44.2161;15.5251;0.3805;132.4195
turkish;0.0000;0.0000;27.3600;14.8800;0.0000;42.4000;14.8800;0.4800;123.9899
turkish;0.0000;0.0000;27.9687;13.5937;0.0000;43.1250;14.5313;0.7812;128.4211
turkish;0.0000;0.1447;25.1809;14.4718;0.1447;43.5601;15.7742;0.7236;137.3171
turkish;0.0000;0.0000;28.5714;12.5201;0.0000;46.2279;12.5201;0.1605;127.5064
turkish;0.0000;0.4122;22.8359;16.3232;0.3298;43.4460;16.5705;0.0824;132.5130
turkish;0.0000;0.0000;28.9157;12.9244;0.0000;44.5783;12.8149;0.7667;128.9982
turkish;0.0000;1.2632;25.5789;14.7368;1.2632;42.0000;13.8947;1.2632;130.8219
turkish;0.0000;0.6237;23.0769;17.2557;0.6237;41.9958;16.0083;0.4158;133.7793
turkish;0.0000;0.9736;25.8693;15.0209;0.9736;42.5591;13.7691;0.8345;130.3097
turkish;0.0000;0.8039;22.8296;17.0418;0.8039;41.6399;15.7556;1.1254;134.1837
turkish;0.0000;0.8475;25.8475;15.2542;0.8475;42.1610;14.5127;0.5297;128.3333
turkish;0.0000;0.7657;24.0429;16.2328;0.7657;42.1133;15.4671;0.6126;134.4304
turkish;0.0000;0.9321;23.3023;16.2450;0.9321;41.6778;15.7124;1.1984;134.6491
turkish;0.0000;0.7485;26.0479;15.4192;0.7485;42.2156;14.2216;0.5988;128.6408
turkish;0.0000;0.3580;26.0143;15.5131;0.3580;43.0788;14.0811;0.5967;131.3112
turkish;0.0000;0.7947;24.2384;16.4238;0.7947;42.1192;15.0993;0.5298;131.5011
turkish;0.0000;1.1374;24.9289;15.1659;1.1374;41.9905;14.5024;1.1374;131.8393
turkish;0.0000;0.7299;25.5474;15.6413;0.7299;42.1272;14.8071;0.4171;128.8333
turkish;0.0000;1.1450;25.4962;14.8855;1.1450;42.0611;14.3511;0.9160;131.4883
turkish;0.0000;0.0000;26.9393;13.7703;0.0000;44.4979;14.2514;0.5412;131.1601
turkish;0.0000;0.0000;26.8817;14.1935;0.0000;43.8172;15.0538;0.0538;128.4255
turkish;0.0000;0.3979;23.0327;16.3572;0.6631;41.8214;16.2246;1.5031;133.4728
turkish;0.0000;0.0000;26.4417;14.7853;0.1840;43.7423;14.4172;0.4294;129.1045
turkish;0.0000;0.3293;27.6619;13.5016;0.3293;44.1273;13.6114;0.4391;126.4957
turkish;0.0000;0.0000;27.8736;12.9310;0.5747;44.2529;12.9310;1.4368;130.9179
turkish;0.0000;0.0000;28.3163;12.7551;0.5102;44.6429;12.5000;1.2755;130.9013
turkish;0.0000;0.0291;26.2729;13.9948;0.0582;45.7958;13.5001;0.3491;133.1466
turkish;0.0000;0.1499;26.1239;14.0360;0.1499;44.9550;14.3856;0.1998;131.3725
turkish;0.0000;0.5329;25.8970;14.2806;0.3908;44.7247;13.6767;0.4973;132.6353
turkish;0.0000;0.3863;27.7527;13.7798;0.3863;43.8506;13.8442;0.0000;125.5791
turkish;0.0000;0.2099;26.8719;13.8558;0.0700;45.2064;13.6459;0.1400;128.2916
turkish;0.0000;0.1161;25.6678;14.1696;0.1161;45.5285;14.2857;0.1161;130.8394
turkish;0.0000;0.4831;23.2574;16.1491;0.4831;43.4092;16.2181;0.0000;131.5038
turkish;0.0000;0.0000;29.0000;13.4000;0.0000;45.0000;12.6000;0.0000;126.4984
turkish;0.0000;0.0000;27.4286;14.7619;0.1905;42.5714;14.7619;0.2857;122.4607
turkish;0.0000;0.0664;25.5150;14.0864;0.0000;46.3123;13.9535;0.0664;132.6722
turkish;0.0000;0.6141;26.2027;13.8178;0.6141;44.7288;13.9202;0.1024;130.3777
turkish;0.0000;0.0780;26.2090;14.6646;0.0780;45.0858;13.8066;0.0780;132.0562
turkish;0.0000;0.1399;27.9720;13.1469;0.2098;45.2448;13.0070;0.2797;127.4424
turkish;0.0000;0.1067;26.7733;13.6000;0.0533;45.8667;13.5467;0.0533;130.3466
turkish;0.0000;0.3706;25.0397;14.9815;0.1059;45.1562;14.1874;0.1588;133.4474
turkish;0.0000;0.3350;27.1357;13.8191;0.2513;44.3886;13.7353;0.3350;126.5359
turkish;0.0000;0.0000;27.9610;12.9122;0.0000;45.2392;13.7483;0.1393;130.5239
turkish;0.0000;0.0000;25.4154;15.3470;0.0000;43.4995;15.3470;0.3910;130.7317
turkish;0.0000;0.3413;23.5085;16.0285;0.3710;43.6776;15.9394;0.1336;133.0709
turkish;0.0000;0.1094;27.1335;13.3479;0.1094;45.8972;12.9103;0.4923;132.0279
turkish;0.0000;0.4132;21.2810;16.3223;0.4132;44.4215;15.4959;1.6529;142.4658
turkish;0.0000;0.1113;25.5935;14.9852;0.0742;43.2122;15.3932;0.6306;131.4994
turkish;0.0000;0.0000;25.6313;13.9052;0.0000;46.0740;14.2165;0.1730;133.5000
turkish;0.0000;0.0405;26.4182;13.9384;0.0810;45.3809;14.0194;0.1216;130.4627
turkish;0.0000;0.2502;27.0794;13.5084;0.2502;45.1532;13.3208;0.4378;128.4722
turkish;0.0000;0.0631;27.4905;13.1148;0.1892;46.0277;13.1148;0.0000;129.0224
turkish;0.0000;0.1983;27.4098;13.3677;0.1190;44.9821;13.6454;0.2777;131.0389
turkish;0.0000;0.4242;25.7688;13.9979;0.4242;44.5387;14.1039;0.7423;133.5135
turkish;0.0000;0.0000;24.5634;15.1339;0.0000;44.7031;15.0757;0.5239;133.8694
turkish;0.0000;0.0000;26.6156;14.4578;0.0000;44.9069;13.8007;0.2191;130.3602
turkish;0.0000;0.0622;26.7413;13.4950;0.0622;45.4602;13.4950;0.6841;130.2463
turkish;0.0000;1.2041;28.5370;12.8236;0.9633;43.4076;12.8236;0.2408;123.0038
turkish;0.1452;0.4356;27.0571;13.4560;0.4356;44.9177;13.3107;0.2420;128.6254
turkish;0.0000;0.0674;28.3693;13.0054;0.0000;45.6199;12.8706;0.0674;127.5641
turkish;0.0000;0.0000;28.4020;12.9870;0.0000;45.4545;12.9870;0.1694;127.3375
turkish;0.0000;0.3700;27.1142;14.1121;0.2114;43.8161;14.1121;0.2643;126.6611
turkish;0.0000;0.3221;24.4363;15.5085;0.3682;43.9945;15.2784;0.0920;131.5750
turkish;0.0000;0.0000;25.3012;14.7590;0.0000;45.0301;14.8343;0.0753;132.2263
turkish;0.0000;0.4118;25.9412;13.9412;0.4118;45.2941;13.7647;0.2353;132.1739
turkish;0.0000;0.5607;25.8410;13.7105;0.5097;45.1580;13.8634;0.3568;131.6393
turkish;0.0000;0.1238;26.7327;13.7376;0.1238;45.2970;13.3663;0.6188;131.0000
turkish;0.0000;1.6300;29.9104;11.7359;0.0815;44.8248;11.8174;0.0000;121.1810
turkish;0.0000;0.0712;27.2598;13.0249;0.0000;44.3416;14.1637;1.1388;130.5682
turkish;0.0000;0.0000;27.4961;12.8819;0.0000;46.6772;12.6614;0.2835;131.1212
turkish;0.0000;0.1361;27.3923;13.1973;0.0454;46.6213;12.5624;0.0454;131.2143
turkish;0.0000;0.0000;23.5115;16.0305;0.0763;44.0458;16.1069;0.2290;135.0699
turkish;0.0000;0.0794;26.4496;14.6148;0.3177;43.4472;14.8531;0.2383;128.0051
turkish;0.0000;0.1682;25.3154;14.4659;0.2523;45.1640;14.3818;0.2523;133.3799
turkish;0.0000;0.0640;25.2881;15.1729;0.0000;44.1741;14.9808;0.3201;130.9053
turkish;0.0000;0.4098;29.9180;13.9344;0.4098;42.6230;12.7049;0.0000;118.8235
turkish;0.0000;0.0921;26.1050;14.6869;0.0921;43.6464;14.6869;0.6906;129.7841
turkish;0.0000;0.0661;25.5614;14.5310;0.0661;44.7160;14.4650;0.5945;133.0859
turkish;0.0000;0.0000;23.2673;16.6517;0.0000;43.4743;16.5167;0.0900;134.2709
turkish;0.0000;0.3535;27.2727;14.2424;0.1515;43.7879;14.0909;0.1010;125.8347
turkish;0.0000;0.0000;27.0354;13.6109;0.0000;45.6184;13.4245;0.3108;130.9017
turkish;0.0000;0.2710;26.2873;13.0759;0.0678;46.6125;13.0759;0.6098;132.9741
turkish;0.0000;0.9430;24.0924;15.2287;0.9430;43.4701;14.7572;0.5658;133.5659
turkish;0.0000;0.2183;28.1659;12.7365;0.2183;45.2693;12.6638;0.7278;127.6018
turkish;0.0000;0.2425;27.8901;13.2579;0.2425;45.2708;12.6112;0.4850;129.8684
turkish;0.0000;0.3802;26.6160;13.5615;0.3802;45.5006;13.4347;0.1267;130.3823
turkish;0.0000;0.1638;26.8013;14.5742;0.1092;43.7773;14.5197;0.0546;125.8446
turkish;0.0000;0.0000;26.9565;13.2174;0.0000;46.3188;13.2754;0.2319;130.9677
turkish;0.0000;0.0000;26.8125;13.3125;0.0000;46.3125;13.1250;0.4375;132.3559
turkish;0.0000;0.3490;25.3927;14.8633;0.3490;44.0663;14.8051;0.1745;130.7944
turkish;0.0000;0.1806;23.6117;16.5688;0.1354;41.7607;17.3363;0.4063;131.9971
turkish;0.0000;0.0699;26.6946;15.0943;0.0000;42.6974;15.1642;0.2795;124.3562
turkish;0.0000;0.8673;23.9286;16.3265;0.8673;41.4286;16.3265;0.2551;129.8333
turkish;0.0000;0.0709;25.8682;13.7491;0.0709;46.2792;13.4656;0.4961;133.7117
turkish;0.0000;0.0000;25.0667;13.8667;0.0000;44.9333;15.4667;0.6667;138.5488
turkish;0.0539;0.1618;22.4380;16.8285;0.2157;43.6893;16.2891;0.3236;136.5402
turkish;0.0000;0.1245;24.9481;15.1515;0.1245;43.9601;15.1100;0.5812;132.5365
turkish;0.0000;0.0773;28.1516;12.7610;0.0773;46.0944;12.7610;0.0773;128.8344
turkish;0.0000;0.1718;27.8351;13.0584;0.0000;45.3608;13.0584;0.5155;129.2350
turkish;0.0000;0.4829;24.4659;14.8815;0.3073;43.8104;15.2766;0.7755;135.0656
turkish;0.0000;0.0556;27.4597;13.5631;0.0556;44.7471;13.9522;0.1668;128.4081
turkish;0.0000;0.2757;27.1537;13.4390;0.1378;45.2791;13.5079;0.2068;128.2751
turkish;0.0000;0.1020;24.2857;15.7143;0.0000;44.5918;15.1020;0.2041;133.7171
turkish;0.0000;0.0909;25.7156;13.9482;0.0454;45.7974;14.0391;0.3635;132.7325
turkish;0.0000;0.1923;28.0769;13.6538;0.1923;43.8462;13.6538;0.3846;126.7516
turkish;0.0000;0.0000;23.4155;16.7254;0.0000;42.6056;16.9014;0.3521;133.1412
turkish;0.0000;0.0573;25.2294;14.3922;0.0573;45.6995;14.2202;0.3440;134.6667
turkish;0.0000;0.1093;23.7158;16.9399;0.1093;42.1858;16.3934;0.5464;133.9286
turkish;0.0000;0.0000;26.1111;15.1852;0.0000;43.8889;14.6296;0.1852;131.6109
turkish;0.0000;0.7653;26.3180;13.5204;0.8078;43.3248;14.2007;1.0629;130.5108
turkish;0.0000;0.4938;23.9506;15.3086;0.0000;42.9630;16.7901;0.4938;132.9268
turkish;0.0000;0.2421;27.3608;13.8015;0.3632;44.3099;13.9225;0.0000;126.1194
turkish;0.0000;0.0842;22.9149;16.6807;0.0842;40.8593;16.9334;2.4431;134.6667
turkish;0.0000;0.0000;30.2462;12.0750;0.0000;46.4244;11.2544;0.0000;127.6190
turkish;0.0000;0.1582;24.2089;16.2184;0.1582;41.1392;16.4557;1.6614;133.0073
turkish;0.0000;0.0000;26.6014;14.9021;0.0000;44.1726;14.1014;0.2224;133.6296
turkish;0.0000;0.2372;27.0463;13.0486;0.2372;46.2633;12.6928;0.4745;133.2677
turkish;0.0000;0.3032;26.1488;14.9755;0.3266;43.7369;14.1124;0.3965;131.6088
turkish;0.0000;0.1936;25.6003;15.2982;0.3098;43.6096;14.0976;0.8908;133.7357
turkish;0.0000;0.0000;30.0402;11.8876;0.0000;45.9438;11.9679;0.1606;125.8929
turkish;0.0000;0.5284;26.1559;14.2668;0.5284;44.2536;13.7384;0.5284;132.7394
turkish;0.0000;0.0607;25.9259;14.5112;0.0607;44.6266;13.9648;0.8500;135.0569
turkish;0.0000;0.3268;28.5948;12.9085;0.3268;44.9346;12.9085;0.0000;126.9634
turkish;0.0000;0.0991;25.4086;15.1560;0.0991;43.9326;15.1560;0.1486;130.7195
turkish;0.0000;0.0000;24.3494;15.9851;0.0000;42.9368;16.1710;0.5576;133.4347
turkish;0.0000;0.1706;26.9625;14.3914;0.1138;44.3117;13.9932;0.0569;129.1353
turkish;0.0000;0.1012;25.9109;14.4737;0.1012;44.6356;14.3725;0.4049;133.2776
turkish;1.1268;0.8451;27.4648;12.1127;1.2676;44.2254;12.3944;0.5634;128.3224
turkish;0.0000;0.2464;27.7477;13.7999;0.2464;44.4061;13.2085;0.3450;129.2840
turkish;0.0000;0.1019;26.1978;14.7808;0.1019;43.7309;14.4750;0.6116;131.2178
turkish;0.0000;0.2809;27.1536;14.1386;0.1873;45.0375;13.1086;0.0936;131.9048
turkish;0.0000;0.0818;26.9939;13.9059;0.0818;44.9080;13.9059;0.1227;129.7154
turkish;0.0000;0.1661;28.1561;12.7907;0.1661;45.2658;13.1229;0.3322;129.6552
turkish;0.0000;0.1165;27.4761;13.5633;0.0699;45.3041;13.3069;0.1631;130.7220
turkish;0.0506;0.5058;26.2519;13.9100;0.8599;44.0567;13.8088;0.5564;132.4367
turkish;0.0000;0.8798;27.5660;14.2522;0.8798;41.5249;14.0176;0.8798;125.3998
turkish;0.0000;0.1490;26.3040;14.7541;0.0745;44.5604;13.7854;0.3726;135.7934
turkish;0.0000;0.4795;27.9452;14.4521;0.4795;43.0822;13.4932;0.0685;129.7632
turkish;0.0000;1.0376;27.1077;13.3593;0.9079;42.5422;13.3593;1.6861;132.3929
turkish;0.0000;0.6508;25.1627;15.0398;0.7231;42.9501;15.1121;0.3615;131.8563
turkish;0.0000;0.1305;27.0094;13.7265;0.1566;44.8591;14.0136;0.1044;130.1139
turkish;0.0000;0.5970;27.1642;13.4328;0.5970;44.0299;14.0299;0.1493;128.7059
turkish;0.0000;0.4885;24.3893;15.5205;0.4885;42.6156;15.8587;0.6389;134.5155
turkish;0.0000;1.0077;27.2081;14.0486;0.8892;42.7386;13.6337;0.4742;128.8911
turkish;0.0000;0.4518;28.3133;14.0060;0.4518;41.5663;14.6084;0.6024;125.1208
turkish;0.0000;0.2270;27.2418;12.9398;0.2270;44.8354;13.2804;1.2486;133.2714
turkish;0.0000;0.2882;22.3823;17.1950;0.2882;41.9789;17.5793;0.2882;140.3816
turkish;0.0000;0.0432;27.9672;13.7246;0.0432;43.8066;14.1994;0.2158;127.4576
turkish;0.0000;0.3352;27.9330;12.7374;0.3352;43.9106;14.4134;0.3352;128.4946
turkish;0.0000;0.9036;28.1124;13.4538;0.9036;43.3735;12.7510;0.5020;128.3388
turkish;0.0000;0.5206;25.8800;14.3778;0.5454;43.7779;14.4769;0.4214;131.9184
turkish;0.0000;0.1465;26.7878;14.0387;0.0879;44.7831;13.8335;0.3224;129.4310
turkish;0.0000;0.8578;26.5921;14.1149;0.8578;43.4104;13.9589;0.2080;127.8934
turkish;0.0000;0.0000;23.5507;15.8213;0.0000;44.3237;16.0628;0.2415;136.4562
turkish;0.0000;0.0824;24.1138;15.7461;0.0824;43.9406;15.4988;0.5359;131.8094
turkish;0.0000;0.2653;26.1804;13.9257;0.2918;45.1459;13.8462;0.3448;132.9560
turkish;0.0000;0.5115;27.8772;12.2762;0.5115;43.9898;13.5550;1.2788;128.9796
turkish;0.0000;0.8413;23.6779;15.3846;0.8413;42.4279;15.9856;0.8413;132.7309
turkish;0.0000;0.2381;27.6190;13.4524;0.2381;44.7619;13.5714;0.1190;128.0769
turkish;0.0000;1.2987;23.6364;15.9740;1.1688;41.2987;15.9740;0.6494;129.4363
turkish;0.0000;0.1553;24.8965;14.9068;0.1553;44.2547;14.9586;0.6729;134.2442
turkish;0.0000;0.2976;23.3631;15.4762;0.2232;43.6756;16.7411;0.2232;137.8844
turkish;0.0000;0.1757;26.3578;13.8498;0.1757;45.1757;13.9617;0.3035;131.5040
turkish;0.0000;0.5319;26.7477;13.2219;0.5319;44.9088;13.7538;0.3040;130.5925
turkish;0.0000;0.1899;25.1662;15.0997;0.1899;43.5897;15.4796;0.2849;131.1143
turkish;0.0000;0.7368;24.9474;14.9474;0.5263;43.5789;15.2632;0.0000;129.1181
turkish;0.0000;0.0000;26.1759;14.4172;0.0000;44.8875;14.4172;0.1022;132.2695
turkish;0.0000;0.0000;22.1338;17.0382;0.0000;41.8790;18.9490;0.0000;135.9788
turkish;0.0000;0.2831;25.5084;14.4659;0.2831;44.7104;14.3887;0.3604;131.7163
turkish;0.0000;0.4605;23.7145;15.6562;0.4605;43.5917;15.5411;0.5756;134.0520
turkish;0.0000;0.3788;26.7992;13.5417;0.3788;45.0758;13.7311;0.0947;130.3125
turkish;0.0000;0.2055;26.1814;14.2354;0.2055;44.2325;14.3528;0.5870;131.7354
turkish;0.0000;0.5784;23.9075;15.2314;0.5784;44.0874;15.4884;0.1285;133.8542
turkish;0.0000;0.3362;25.1834;15.2506;0.3362;42.9707;15.4951;0.4279;129.8263
turkish;0.0000;0.4852;24.9057;15.3100;0.4852;43.7197;14.8787;0.2156;132.4348
turkish;0.0000;0.6532;27.5637;13.5206;0.6532;43.8276;13.5206;0.2613;127.4059
turkish;0.0000;0.0000;26.9525;14.2420;0.0000;44.7167;13.7825;0.3063;129.3399
turkish;0.0000;0.0982;26.6208;14.3418;0.0982;43.4185;15.2259;0.1965;128.9474
turkish;0.0000;0.1668;25.2920;14.3810;0.1668;44.8782;14.9149;0.2002;133.4926
turkish;0.0000;0.6539;25.5533;14.4366;0.6539;43.5614;14.5372;0.6036;131.6206
turkish;0.0000;0.0000;27.0737;13.4705;0.0000;45.6536;13.6032;0.1991;131.4715
turkish;0.0000;0.8621;23.5632;14.0805;0.8621;45.4023;14.6552;0.5747;134.9776
turkish;0.0000;0.4800;21.7600;15.6800;0.4800;44.4800;16.8000;0.3200;140.1042
turkish;0.0000;0.2257;21.2190;16.9300;0.2257;43.6795;17.4944;0.2257;140.6872
turkish;0.0000;2.1097;21.5190;16.6667;2.1097;40.5063;16.6667;0.4219;134.6667
turkish;0.0000;0.3455;24.2571;15.5494;0.3455;43.6766;14.7201;1.1057;137.6564
turkish;0.0000;0.5058;24.0263;15.3768;0.5058;42.9439;15.9838;0.6576;134.8148
turkish;0.0000;0.5822;26.2875;14.0170;0.5822;43.4393;14.1961;0.8957;131.0467
turkish;0.0000;0.4676;25.4237;14.4944;0.4676;44.0094;14.9620;0.1753;130.7764
turkish;0.0000;0.2686;27.5353;13.2304;0.5373;44.0564;12.8946;1.4775;130.1440
turkish;0.0000;0.2574;25.6113;14.8649;0.2574;43.5006;14.8649;0.6435;130.3862
turkish;0.0000;0.2414;26.8209;13.1590;0.2414;45.5332;13.6620;0.3421;132.5512
turkish;0.0000;0.1674;27.4950;13.3624;0.2009;45.2445;13.3958;0.1340;128.6314
turkish;0.0000;0.1409;23.8816;15.9211;0.1409;43.7830;15.7098;0.4227;132.2510
turkish;0.0000;0.2247;26.7416;13.4831;0.2809;45.2809;13.4831;0.5056;132.8265
turkish;0.0000;0.2924;23.2456;16.2281;0.4386;43.4211;16.3743;0.0000;132.0366
turkish;0.0000;0.0881;24.8458;15.1542;0.0881;44.5815;14.9780;0.2643;135.3550
turkish;0.0000;0.0000;24.5928;15.1466;0.0000;44.1368;15.7980;0.3257;132.3907
turkish;0.0000;0.8696;26.0870;13.2609;0.8696;45.0000;13.9130;0.0000;131.5789
turkish;0.0000;0.4883;23.7305;15.8203;0.4883;43.3594;15.6250;0.4883;136.7164
turkish;0.0000;0.7718;24.9173;14.4432;0.5513;44.5424;14.2227;0.5513;132.4955
turkish;0.0000;0.5181;23.3161;16.3212;0.2591;43.7824;15.2850;0.5181;135.6846
turkish;0.0000;0.3367;23.5690;15.4882;0.3367;43.0976;15.6566;1.5152;138.3954
turkish;0.0000;0.5646;25.6881;15.1023;0.5646;42.4841;15.5258;0.0706;129.2737
turkish;0.0000;0.6173;23.1481;15.8951;0.6173;42.1296;16.8210;0.7716;133.0918
turkish;0.0000;0.5245;23.2517;16.2587;0.5245;43.3566;15.9091;0.1748;134.2541
turkish;0.2347;0.1565;24.5696;14.4757;0.3130;44.6009;15.0235;0.6260;136.5314
turkish;0.0000;0.5025;20.3518;18.0905;0.5025;44.2211;16.3317;0.0000;141.2879
turkish;0.0000;0.5382;21.2056;16.7922;0.7535;43.7029;16.4693;0.5382;141.6096
turkish;0.0000;0.4545;24.3939;15.6061;0.4545;43.6364;15.1515;0.3030;136.3850
turkish;0.0000;1.0703;24.1590;14.5260;1.0703;44.0367;14.3731;0.7645;137.5904
turkish;0.0000;0.9274;22.7202;16.8470;0.9274;41.2674;15.3014;2.0093;139.1204
turkish;0.0000;0.5988;22.4551;16.3174;0.7485;43.2635;15.7186;0.8982;139.8305
turkish;0.0000;0.4831;25.6039;14.3317;0.4831;44.4444;13.0435;1.6103;136.5854
turkish;0.0000;0.2291;23.7113;15.8076;0.2291;44.1008;15.6930;0.2291;132.5044
turkish;0.0000;0.4320;29.1577;11.6631;0.4320;45.7883;11.6631;0.8639;129.3515
turkish;0.0000;0.5376;25.2688;15.2330;0.7168;42.2939;15.4122;0.5376;130.8707
turkish;0.0000;0.0000;26.7677;14.1414;0.0000;43.9394;14.6465;0.5051;128.3465
turkish;0.0000;0.8403;29.9160;12.1008;0.6723;43.6975;12.4370;0.3361;119.1283
turkish;0.0000;0.0000;27.7056;13.4199;1.7316;42.4242;14.7186;0.0000;122.3684
turkish;0.0000;0.3531;24.5438;16.1271;0.3531;42.7899;15.6563;0.1766;131.5840
turkish;0.0000;0.0000;26.9036;13.8959;0.0000;45.0508;14.0863;0.0635;132.3810
turkish;0.0000;0.7853;27.8796;13.6126;0.7853;42.2775;13.9398;0.7199;126.6112
turkish;0.0000;0.8181;27.8162;13.7823;0.8811;42.9201;13.2788;0.5035;125.1232
turkish;0.0000;0.2262;26.2443;14.2534;0.2262;43.5143;14.8567;0.6787;129.3124
turkish;0.0000;0.2480;25.0465;15.5611;0.1240;43.2114;15.6851;0.1240;129.6443
turkish;0.0000;1.1287;22.1219;17.6825;1.3544;40.2558;17.0053;0.4515;133.8272
turkish;0.0000;0.5284;24.4386;15.3236;0.5284;44.1215;14.7952;0.2642;134.1719
turkish;0.0000;0.2012;29.5775;11.7706;0.2012;45.5734;12.3742;0.3018;130.6667
turkish;0.0000;0.1224;27.1429;13.5918;0.1633;45.1837;13.4694;0.3265;132.3450
turkish;0.0000;0.0000;23.7750;15.9710;0.1815;44.2831;15.7895;0.0000;133.8323
turkish;0.0000;0.3911;25.6845;14.6023;0.1304;44.3286;14.0808;0.7823;132.0755
turkish;0.0000;0.5396;23.2614;15.6475;0.4796;43.7650;15.1679;1.1391;138.9881
turkish;0.0000;0.5405;24.3243;14.9035;0.5405;44.0154;14.0541;1.6216;136.6038
turkish;0.0000;0.0000;23.8704;16.4535;0.0000;43.1373;16.0273;0.5115;132.6418
turkish;0.0000;0.4811;27.7210;13.4095;0.5412;43.7162;13.3494;0.7817;127.6062
turkish;0.0000;0.2829;23.3380;16.1245;0.2829;42.0085;17.1146;0.8487;135.5408
turkish;0.0000;0.3106;22.2050;15.3727;0.3106;44.5652;15.5280;1.7081;149.0862
turkish;0.0000;0.5014;26.1838;14.0390;0.5571;44.6797;13.4819;0.5571;134.2541
turkish;0.0000;0.6536;24.0523;16.3399;0.6536;42.3529;15.8170;0.1307;131.8966
turkish;0.0731;0.5117;26.9737;13.5234;0.7310;43.2749;13.6696;1.2427;129.8611
turkish;0.0000;0.6010;25.0000;15.2644;0.6010;42.9087;15.2644;0.3606;130.6202
turkish;0.0000;0.0673;25.9509;15.2137;0.0673;42.6456;15.3147;0.7405;129.3103
turkish;0.0000;0.1162;26.6563;14.2193;0.3100;44.2852;14.1031;0.3100;129.0423
turkish;0.0000;0.6536;25.0545;14.1612;0.6536;43.7908;15.6863;0.0000;132.8904
turkish;0.0000;1.1255;24.1558;15.4113;0.2597;42.4242;15.2381;1.3853;132.9201
turkish;0.0000;0.1878;24.0063;15.4617;0.1878;44.0376;15.4617;0.6573;135.3123
turkish;0.0000;0.8721;28.9244;12.5000;1.0174;44.0407;12.0640;0.5814;127.1111
turkish;0.0000;0.1067;25.2935;14.3010;0.1067;45.6777;14.4077;0.1067;134.4406
turkish;0.0000;0.0000;25.6757;14.9688;0.0000;43.5551;15.0728;0.7277;131.1847
turkish;0.0000;0.0481;28.2175;13.1345;0.0722;45.3211;13.0142;0.1924;127.9878
turkish;0.0000;0.7626;24.9220;15.1820;0.8319;42.6690;15.1820;0.4506;130.8314
turkish;0.0000;1.5461;28.5478;11.4854;2.8161;43.4567;11.8167;0.3313;123.9474
turkish;0.0000;0.6916;25.1297;14.7550;1.1527;42.5937;14.6974;0.9798;130.9057
turkish;0.0000;0.1992;25.5644;15.6707;0.1328;43.5591;14.2762;0.5976;132.8976
turkish;0.0000;0.2917;27.0712;14.2357;0.7001;43.4072;13.4189;0.8751;129.6903
turkish;0.0000;2.3109;26.2605;14.6008;1.4706;41.1765;13.0252;1.1555;128.1619
turkish;0.0000;0.1614;27.1994;14.0032;0.2018;43.8660;13.9225;0.6457;128.8818
turkish;0.0000;0.7638;27.3322;13.3115;0.6547;44.3535;13.3661;0.2182;127.6248
turkish;0.0000;0.1825;27.1898;13.3212;0.0000;45.6204;13.6861;0.0000;129.5858
turkish;0.0000;0.2146;28.3262;12.6609;0.0000;45.0644;13.0901;0.6438;128.3828
turkish;0.0000;0.6217;28.7744;13.0551;0.7105;43.7833;13.0551;0.0000;124.1192
turkish;0.0000;0.1202;25.5544;14.9212;0.1737;44.4162;14.5071;0.3072;133.0037
turkish;0.0000;1.6055;23.2798;15.8257;1.4908;41.5138;15.3670;0.9174;135.1103
turkish;0.0000;0.1161;21.9512;17.0732;0.1161;43.4379;17.1893;0.1161;137.4257
turkish;0.0000;1.3986;25.0350;14.6853;1.3986;41.2587;15.5245;0.6993;128.6017
turkish;0.0000;0.2051;26.5892;13.7389;0.5468;44.2925;13.6705;0.9569;131.9599
turkish;0.0000;0.2595;27.5087;13.4948;0.3460;45.3287;12.9758;0.0865;129.4278
turkish;0.0000;0.7418;23.8872;16.0237;0.7418;42.4332;15.8754;0.2967;132.6034
turkish;0.0000;0.4751;25.0198;14.8060;0.5542;43.3888;15.2811;0.4751;132.3454
turkish;0.0000;0.8929;26.1161;14.6205;1.5625;42.0759;14.0625;0.6696;127.5229
turkish;0.0000;1.0246;27.8005;12.9098;1.0246;44.1257;12.9781;0.1366;128.9730
turkish;0.0000;0.7467;27.5669;13.5034;0.7467;43.3727;14.0012;0.0622;128.0736
turkish;0.0000;0.2793;26.3966;13.6173;0.2095;44.0642;15.1536;0.2793;130.8204
turkish;0.0000;0.2024;28.1377;12.5506;0.2024;45.3441;13.5628;0.0000;129.8701
turkish;0.0000;0.8100;29.4081;12.2741;0.6231;44.4237;11.3396;1.1215;129.5050
turkish;0.0000;0.0935;23.1884;15.9420;0.0000;43.8055;16.5498;0.4208;136.9668
turkish;0.0000;0.4858;25.8300;14.8178;0.4858;43.6437;14.5749;0.1619;131.1385
turkish;0.0000;0.9972;22.6496;15.0997;0.9972;43.3048;15.3846;1.5670;140.3263
turkish;0.0000;0.5997;28.1859;13.0435;0.7496;43.7781;12.1439;1.4993;126.5351
turkish;0.0000;0.2737;25.3650;15.4197;0.3650;42.2445;15.8759;0.4562;130.9033
turkish;0.0000;0.1023;25.5711;14.3539;0.0682;43.8459;15.0699;0.9887;134.9089
turkish;0.0000;0.3914;27.9843;13.3072;0.3914;43.0528;13.1115;1.7613;130.8682
turkish;0.0000;0.5029;27.4099;13.4954;0.4191;44.5096;13.1601;0.5029;130.7801
turkish;0.0000;0.3571;26.0714;14.4643;0.3571;44.1071;14.4643;0.1786;132.8691
turkish;0.0000;0.6695;26.4435;13.7238;0.6695;43.2636;14.3933;0.8368;130.8743
turkish;0.0000;1.5132;24.2119;14.3758;1.3871;43.6318;12.9887;1.8916;139.8773
turkish;0.0000;0.1944;25.4167;15.1667;0.3889;43.8056;14.6667;0.3611;131.2943
turkish;0.0000;0.0000;24.6216;15.9435;0.0000;44.0969;15.3380;0.0000;132.2528
turkish;0.0000;0.0744;25.2976;14.7321;0.0744;44.7917;14.8065;0.2232;133.8346
turkish;0.0000;0.3311;23.6755;15.5629;0.3311;44.3709;15.3974;0.3311;133.8624
turkish;0.0000;0.5640;26.1447;14.0013;0.6636;43.6297;13.9018;1.0949;134.4280
turkish;0.0000;0.0434;25.9340;14.2919;0.2172;44.7003;14.4657;0.3475;131.3618
turkish;0.0000;0.0000;26.7554;14.0436;0.0000;44.6731;14.4068;0.1211;128.7546
turkish;0.0000;0.5020;24.4980;14.5582;0.5020;44.4779;14.3574;1.1044;134.6405
turkish;0.0000;0.4598;18.8506;18.8506;0.4598;43.2184;18.1609;0.0000;140.9266
turkish;0.0000;0.2604;30.0781;11.9792;0.6510;45.3125;11.5885;0.1302;125.1020
turkish;0.0000;1.0486;24.2826;15.8389;0.9934;41.3907;15.8940;0.5519;131.1490
turkish;0.0000;0.1230;26.3223;14.1451;0.1230;43.6654;14.6371;0.9840;132.0463
turkish;0.0000;0.1347;26.7430;13.6746;0.2021;45.4025;13.4725;0.3705;131.2398
turkish;0.0000;0.1271;26.5565;14.4854;0.2541;42.8208;15.2478;0.5083;127.2366
turkish;0.0000;0.0775;26.2138;13.9979;0.0775;45.4545;14.0754;0.1033;130.4452
turkish;0.0000;0.4711;27.0907;12.9564;0.4711;46.0542;12.8386;0.1178;130.9568
turkish;0.0000;0.5874;25.5507;15.2717;0.5874;42.4376;14.7822;0.7832;130.7456
turkish;0.0000;0.1472;25.4711;15.0177;0.0883;44.0518;14.8410;0.3828;132.5121
turkish;0.0000;0.5469;28.0606;13.0416;0.7993;43.2478;13.5044;0.7993;127.1209
turkish;0.0000;1.3889;22.7778;16.2037;1.5741;41.1111;16.0185;0.9259;134.9014
turkish;0.0000;0.2000;26.2000;13.8000;0.2000;45.0000;14.2000;0.4000;130.7937
turkish;0.0514;0.9769;24.9357;14.6530;1.1311;42.3650;14.6015;1.2853;134.5258
turkish;0.0000;1.2545;25.0000;14.7849;1.2545;42.3835;14.6057;0.7168;131.5712
turkish;0.0000;1.1988;24.6753;14.6853;1.1988;42.0579;15.6843;0.4995;132.8947
turkish;0.0000;0.0000;22.8593;17.2748;0.0000;43.2614;16.5302;0.0745;135.1220
turkish;0.0000;0.0000;24.1176;16.0000;0.1176;44.0588;15.4118;0.2941;135.3497
turkish;0.0000;0.0000;26.0684;15.2991;0.0855;43.5897;14.6154;0.3419;131.0984
turkish;0.0000;0.1947;27.0639;13.9798;0.2726;44.0031;13.9019;0.5841;130.4207
turkish;0.0000;0.0000;23.3743;16.5202;0.0000;43.5852;16.1687;0.3515;135.1429
turkish;0.0000;0.1010;26.2998;14.5886;0.1010;44.1696;14.2857;0.4543;133.0795
turkish;0.0000;0.4910;22.5859;15.3846;0.4910;43.2079;15.0573;2.7823;142.7793
turkish;0.0000;0.9538;25.0502;15.1104;1.0040;42.1185;14.7590;1.0040;132.3887
turkish;0.0000;0.3387;30.0593;12.6588;0.2964;43.6071;12.7434;0.2964;122.1515
turkish;0.0000;0.6711;25.4614;15.1426;1.8456;40.9815;15.1846;0.7131;126.9821
turkish;0.0000;1.1717;24.0448;14.7224;2.0886;41.9766;15.6393;0.3566;129.9842
turkish;0.0000;1.5228;24.6193;14.6362;3.6379;40.4399;15.0592;0.0846;124.4094
turkish;0.0000;0.9499;26.2445;14.4415;0.9850;44.3624;12.2955;0.7212;138.3821
turkish;0.0000;2.9167;23.9583;15.0000;3.1250;37.5000;16.2500;1.2500;126.3323
turkish;0.0000;1.1445;24.0343;15.1645;1.1445;43.6338;14.7353;0.1431;130.4721
turkish;0.0000;2.2472;27.7154;13.1086;1.3733;42.8215;11.8602;0.8739;126.8245
turkish;0.0000;1.3784;21.4286;16.1654;1.3784;42.8571;15.2882;1.5038;143.5701
turkish;0.0000;2.8829;21.6216;15.4955;2.8829;40.0000;15.3153;1.8018;136.9146
turkish;0.0000;3.2120;24.4111;13.9186;3.2120;39.8287;13.7045;1.7131;130.6250
turkish;0.0000;1.3043;21.9565;15.4348;1.3043;43.2609;16.7391;0.0000;135.9712
turkish;0.0000;1.2346;23.6332;16.5785;0.5291;42.3280;14.9912;0.7055;131.8801
turkish;0.0000;4.2440;22.5464;14.3236;3.7135;41.1141;13.5279;0.5305;133.0769
turkish;0.0000;0.1263;24.4949;15.7828;0.8838;43.4343;15.0253;0.2525;136.3281
turkish;0.0000;0.9242;26.6174;12.5693;1.6636;45.1017;12.7542;0.3697;134.2541
turkish;0.0000;1.8947;24.4211;15.7895;1.2632;40.0000;15.7895;0.8421;135.2542
turkish;0.0000;1.3620;26.4516;13.6918;0.5018;44.0860;13.4767;0.4301;130.7955
turkish;0.1136;0.3409;28.4091;12.8409;0.3409;45.0000;12.2727;0.6818;129.5533
turkish;0.0000;1.5581;21.6714;16.8555;0.8499;41.0765;16.9972;0.9915;136.1174
turkish;0.0000;0.8037;23.8806;14.9254;0.6889;42.8243;16.4179;0.4592;134.8399
turkish;0.0000;1.1645;26.8559;13.3188;1.3828;43.3770;13.3916;0.5095;128.4393
turkish;0.0000;0.6342;28.6117;11.9803;0.5638;44.8203;12.6145;0.7752;130.0857
turkish;0.0000;2.9369;27.0191;12.0411;2.6432;41.8502;13.2159;0.2937;126.1161
turkish;0.0000;2.1521;24.8207;13.3429;2.0086;43.0416;14.2037;0.4304;136.2587
turkish;0.0000;1.8038;27.5085;12.8523;2.0293;42.5028;13.1905;0.1127;124.2268
turkish;0.0000;1.8450;29.7048;12.1771;2.0295;42.0664;12.1771;0.0000;118.2320
turkish;0.0000;0.3003;27.3273;13.9339;0.4204;44.0240;13.0931;0.9009;133.0010
turkish;0.0589;0.2357;25.7513;14.7319;0.1179;44.9028;13.8480;0.3536;133.6058
turkish;0.0000;0.1059;26.3771;14.3538;0.1589;44.6504;13.8771;0.4767;132.8152
turkish;0.0000;0.0000;25.7707;15.6597;0.0000;43.0333;15.0432;0.4932;132.2266
turkish;0.0000;0.1542;26.3685;14.5721;0.0000;44.4102;14.4179;0.0771;131.8352
turkish;0.0000;0.6020;26.2041;14.2269;0.5387;44.5817;13.2129;0.6337;135.6061
turkish;0.0000;2.5162;26.1682;13.3717;2.7318;42.1280;12.3652;0.7189;129.9465
turkish;0.0000;0.0838;26.4040;14.6689;0.2515;43.5038;14.1660;0.9220;132.7103
turkish;0.0000;0.9987;22.7696;15.8455;1.1984;42.2104;16.8442;0.1332;131.8885
turkish;0.0000;0.7566;25.5990;13.9975;0.7566;43.7579;14.1236;1.0088;135.0097
turkish;0.0000;1.1829;24.5678;14.3767;1.0009;43.2211;15.1956;0.4550;132.5180
turkish;0.0000;0.3421;25.8267;13.7400;0.2851;44.8689;14.4812;0.4561;133.4416
turkish;0.0000;0.7313;29.0676;12.2486;0.9141;43.8757;12.9799;0.1828;128.8571
turkish;0.0000;0.2077;23.4683;15.3340;0.1385;44.4791;15.2994;1.0730;138.7188
turkish;0.0000;0.1285;26.9923;13.6247;0.2571;44.6015;13.1105;1.2853;131.3808
turkish;0.1927;1.5414;25.8189;13.2948;2.5048;42.3892;13.2948;0.9634;129.7450
turkish;0.0000;0.6054;28.4561;12.9835;0.5045;44.3996;12.5126;0.5382;128.6761
turkish;0.0327;0.3274;26.3261;14.2436;0.3929;43.6804;14.0144;0.9823;129.6451
turkish;0.0000;0.3929;23.9686;16.2083;0.2947;43.0255;15.6189;0.4912;131.2597
turkish;0.0000;0.4139;26.4901;14.4868;0.3311;42.8808;14.6523;0.7450;127.3572
turkish;0.0000;0.5288;27.7885;13.9423;0.2404;43.6058;13.1250;0.7692;127.4085
turkish;0.0000;0.4922;26.5792;14.6842;0.4922;43.3962;14.3560;0.0000;131.5862
turkish;0.0000;1.2266;26.4687;14.7192;1.2266;41.5107;14.5901;0.2582;130.1131
turkish;0.0000;1.1024;26.7717;14.8031;1.1024;41.8898;14.3307;0.0000;126.2755
turkish;0.0000;0.4995;26.1738;14.2857;0.1998;43.9560;14.4855;0.3996;130.2632
turkish;0.0000;0.0651;26.5625;13.8021;0.0000;45.4427;13.9323;0.1953;131.5457
turkish;0.0000;0.0000;25.0765;14.8012;0.0000;44.7095;14.7401;0.6728;134.2079
turkish;0.0000;1.1216;24.8524;15.5254;1.2987;41.7355;13.8135;1.6529;133.7251
turkish;0.0000;2.5862;27.3707;11.4224;3.8793;42.4569;12.2845;0.0000;127.0440
turkish;0.0000;0.0000;25.4433;14.7263;0.0771;43.8705;14.3408;1.5420;132.4519
turkish;0.0641;2.0500;23.0621;15.8232;2.8187;38.7572;16.3997;1.0250;129.3605
turkish;0.0000;0.3376;28.1827;12.8898;0.4369;45.1043;12.8103;0.2383;127.9302
turkish;0.0000;0.0000;24.4234;15.3755;0.0000;43.7020;15.6712;0.8279;136.0190
turkish;0.0000;3.2496;25.2585;12.7031;1.9202;42.5406;13.8848;0.4431;139.2610
turkish;0.0000;0.3397;27.9212;13.7228;0.4076;43.6821;13.7908;0.1359;126.6376
turkish;0.0000;0.4128;28.1734;13.0031;0.4128;43.7564;13.7255;0.5160;127.8992
turkish;0.0000;0.7343;25.9179;13.8972;1.2510;44.0305;13.7340;0.4351;131.3274
turkish;0.0000;0.8342;28.9885;12.5130;1.2513;44.1084;11.2617;1.0428;127.1293
turkish;0.0000;0.1929;27.0010;13.8862;0.1929;43.6837;14.1755;0.8679;129.6467
turkish;0.0000;0.8511;26.9504;12.9078;1.1348;43.9716;12.7660;1.4184;133.6245
turkish;0.1325;1.0596;25.9603;14.3046;1.3245;43.0464;13.5099;0.6623;126.8627
turkish;0.0000;0.0000;26.3366;14.5875;0.1320;44.2904;14.5875;0.0660;130.0214
turkish;0.0000;0.0000;24.2894;14.9871;0.0000;45.4780;14.7287;0.5168;134.6774
turkish;0.0000;0.0000;25.8835;15.5683;0.0955;42.5979;14.9952;0.8596;129.4753
turkish;0.0000;0.2112;29.3559;13.6220;0.3168;43.5058;12.9884;0.0000;125.8592
turkish;0.0000;0.1967;28.5152;13.2743;0.1967;44.3461;13.3727;0.0983;125.6610
turkish;0.0000;0.1155;25.9815;15.3580;0.1155;42.7252;15.0115;0.6928;129.3233
turkish;0.0000;0.6071;25.6722;14.2238;0.5204;43.7121;15.0043;0.2602;132.9496
turkish;0.0000;0.1613;26.0887;14.4758;0.2016;44.9597;13.9113;0.2016;132.1288
turkish;0.0000;0.1969;28.3465;12.9921;0.3937;44.4882;12.9921;0.5906;127.6692
turkish;0.0000;0.3422;26.7750;12.8315;0.2566;44.2258;13.5158;2.0530;136.8775
turkish;0.0000;0.0000;26.6319;14.8825;0.0000;42.8198;14.6214;1.0444;127.5574
turkish;0.0000;0.0000;28.8295;13.2225;0.0000;43.7861;13.2225;0.9393;127.7205
turkish;0.0000;0.3448;25.6322;14.1954;0.3448;44.4253;14.7701;0.2874;138.8988
turkish;0.0000;0.1178;27.6207;13.0742;0.1178;43.8163;13.5453;1.7079;131.9688
turkish;0.0000;0.8801;24.4224;15.5116;0.8801;42.7943;15.5116;0.0000;129.0210
turkish;0.0000;0.1149;25.8621;14.0230;0.1149;45.6322;14.1379;0.1149;130.8244
turkish;0.0000;0.2639;26.6931;14.4239;0.3518;43.4916;14.4679;0.3078;129.7160
turkish;0.0000;0.1342;26.3311;14.4072;0.0895;44.3177;14.4743;0.2461;130.3918
turkish;0.0000;0.0000;27.1511;13.3843;0.9560;43.9771;14.3403;0.1912;126.3158
turkish;0.0000;0.4107;24.0246;15.8111;0.6160;43.3265;14.9897;0.8214;132.0513
turkish;0.1404;0.5618;23.1742;15.3090;0.7022;44.2416;15.7303;0.1404;134.0136
turkish;0.0000;0.2564;26.1538;14.1026;0.2564;45.1282;13.5897;0.5128;133.4728
turkish;0.0000;0.0000;27.6630;13.3545;0.0000;45.3895;13.4340;0.1590;130.7895
turkish;0.0000;0.0000;24.4824;14.4914;0.0900;45.7246;14.5815;0.6301;135.6006
turkish;0.0000;0.0000;25.6356;14.0537;0.0000;45.9746;13.9831;0.3531;134.9355
turkish;0.0000;0.3810;23.6190;16.3810;0.3810;42.2857;16.5714;0.3810;131.8612
turkish;0.0000;0.0000;21.8391;15.5993;0.0000;47.2906;14.7783;0.4926;144.2308
turkish;0.0000;0.4093;26.0573;14.1883;0.4093;44.0655;14.0518;0.8186;129.9363
turkish;0.0000;0.3576;25.2682;13.6472;0.2980;46.1859;13.5876;0.6555;136.9082
turkish;0.0000;0.6024;25.7028;13.6546;1.2048;44.1767;14.6586;0.0000;130.3514
turkish;0.0000;0.2822;26.9991;13.2643;0.3763;44.7789;13.3584;0.9407;132.1752
turkish;0.0000;0.0448;26.3653;13.4288;0.0000;46.5980;13.3393;0.2238;142.4046
turkish;0.0000;0.2249;26.1619;13.7931;0.1499;45.4273;13.6432;0.5997;138.0488
turkish;0.0000;0.2710;26.6938;13.8211;0.1355;45.6640;13.4146;0.0000;133.4091
turkish;0.0000;0.1961;24.2647;15.5392;0.3922;43.7745;15.0980;0.7353;134.3578
turkish;0.0000;0.5736;25.3346;13.9579;0.2868;45.4111;13.7667;0.6692;135.9133
turkish;0.0000;0.0000;23.9804;15.7423;0.0000;44.4535;15.6607;0.1631;136.4499
turkish;0.0000;0.4665;26.5903;14.4614;0.5513;43.8083;13.9101;0.2120;128.2353
turkish;0.0000;0.1086;25.0814;15.1466;0.1629;45.0054;14.2780;0.2172;133.5658
turkish;0.0000;0.1812;25.7850;14.8551;0.1812;43.7802;14.8551;0.3623;130.5635
turkish;0.0000;0.1618;25.5016;15.2751;0.1618;43.1392;15.5016;0.2589;129.7212
turkish;0.0000;0.2355;27.8650;13.1868;0.1570;44.5840;13.7363;0.2355;127.9950
turkish;0.0000;0.0468;28.0636;13.2367;0.0468;44.9953;13.4705;0.1403;129.5069
turkish;0.0000;0.0890;25.2669;14.7687;0.0890;45.1512;14.5018;0.1335;135.1452
turkish;0.0000;0.0912;30.4467;11.3036;0.7293;45.6700;11.6682;0.0912;122.1925
turkish;0.0000;0.1403;28.4712;11.7111;1.1220;44.3899;13.8149;0.3506;125.5135
turkish;0.0000;0.3387;23.7934;15.8340;0.2540;43.6071;16.0034;0.1693;133.0137
turkish;0.1135;0.2838;26.7877;13.4506;0.2838;44.7787;13.7344;0.5675;131.2673
turkish;0.0000;0.1959;26.7385;13.8100;0.1959;44.9559;13.8100;0.2938;131.2012
turkish;0.0000;0.2075;26.7635;14.1770;0.2075;44.2600;14.2462;0.1383;129.8441
turkish;0.0000;0.2080;25.1664;14.9334;0.2080;43.3028;14.8087;1.3727;136.5666
turkish;0.0000;0.1919;24.3762;15.5470;0.0000;43.6980;15.9949;0.1919;131.2437
turkish;0.0000;0.1517;26.7577;13.8594;0.1012;45.1189;13.8594;0.1517;130.8652
turkish;0.0000;0.2187;27.9934;13.1219;0.1640;45.2160;13.2313;0.0547;128.7892
turkish;0.0000;0.3537;26.7905;14.3236;0.2653;43.5013;14.5004;0.2653;128.6325
turkish;0.0000;0.0946;25.9574;14.6099;0.0946;44.2553;14.8463;0.1418;130.2413
turkish;0.0000;0.0844;25.7595;14.5148;0.0422;44.6203;14.6414;0.3376;131.5251
turkish;0.0000;0.0668;26.4352;14.2857;0.1335;43.5915;14.7530;0.7343;130.2762
turkish;0.0660;0.1319;28.0343;13.3245;0.1319;44.5251;13.5884;0.1979;126.8470
turkish;0.0000;0.4007;23.4116;15.7985;0.2862;43.3887;16.0847;0.6297;135.5176
turkish;0.0000;0.1221;25.3130;15.4198;0.0916;43.1450;15.6031;0.3053;130.5823
turkish;0.0000;1.3852;27.1710;12.8929;1.5450;43.4736;13.1593;0.3729;128.3117
turkish;0.0000;0.0000;26.1799;14.3606;0.0000;44.7358;14.3203;0.4034;131.6481
turkish;0.0000;0.2520;26.1593;14.6673;0.2016;44.2036;14.5161;0.0000;129.2484
turkish;0.0000;0.0610;24.3136;15.5583;0.0610;44.9359;14.7041;0.3661;137.1170
turkish;0.0000;0.2215;26.2089;13.9166;0.1477;45.5519;13.7689;0.1846;132.9483
turkish;0.0000;0.5097;26.5060;13.7164;0.4634;44.5320;14.0408;0.2317;130.1187
turkish;0.0000;0.1932;27.8261;12.8502;0.3865;45.4106;12.9469;0.3865;128.2477
turkish;0.0000;0.7730;25.1581;14.7576;0.7730;43.4294;14.8981;0.2108;130.1479
turkish;0.0000;0.0901;26.9289;13.7796;0.0901;44.7313;13.8997;0.4803;131.1817
turkish;0.0000;0.1693;25.9029;14.5598;0.1693;43.9616;14.5598;0.6772;131.3027
turkish;0.0000;0.6225;26.8817;13.9785;0.6225;44.0294;13.8087;0.0566;128.6745
turkish;0.0000;0.1042;26.0069;14.6528;0.0347;44.3056;14.4444;0.4514;132.7293
turkish;0.0000;0.3284;26.5353;13.5961;0.2956;45.1560;13.8588;0.2299;131.6235
turkish;0.0000;0.2778;26.3194;14.9306;0.3472;42.5000;15.2083;0.4167;127.5862
turkish;0.0000;0.4933;26.7794;14.3058;0.4933;43.2699;14.2354;0.4228;128.7197
turkish;0.0000;0.3136;24.7760;15.6810;0.3136;42.8763;15.9050;0.1344;132.0324
turkish;0.0000;0.3350;29.7320;11.4740;0.1675;46.1474;11.8090;0.3350;127.9512
turkish;0.0000;0.6490;26.1011;14.0009;0.6027;43.5790;13.9082;1.1590;131.0320
turkish;0.0000;0.8880;25.6371;15.0193;0.4247;42.5869;15.2896;0.1544;127.5713
turkish;0.0000;0.1148;24.1102;14.9254;0.1148;44.2021;15.4994;1.0333;138.3104
turkish;0.0000;0.0284;26.4296;13.4282;0.0853;46.2589;13.4566;0.3129;131.2004
turkish;0.0000;0.0535;24.7859;14.7752;0.0535;45.2891;14.8822;0.1606;135.8974
turkish;0.0000;0.0000;28.5285;12.8378;0.0000;45.7958;12.7628;0.0751;128.3981
turkish;0.0000;0.3331;27.2626;13.6591;0.3887;43.9756;13.7146;0.6663;131.2090
turkish;0.0000;0.0000;29.6399;11.6343;0.2770;46.2604;11.3573;0.8310;128.6325
turkish;0.0000;0.5119;26.6212;14.2491;0.4266;43.3447;14.5904;0.2560;129.0550
turkish;0.0000;0.0635;25.6508;14.6667;0.0000;44.4444;14.6667;0.5079;133.1545
turkish;0.0000;0.1196;27.5120;13.6364;0.1196;44.4378;13.7560;0.4187;129.3886
turkish;0.0000;0.0000;25.2577;15.2921;0.0000;43.5567;15.6357;0.2577;131.3559
turkish;0.0000;0.0800;26.4000;14.0000;0.0800;44.6400;14.3200;0.4800;132.9843
turkish;0.0000;0.2134;25.6046;14.8649;0.2134;44.1679;14.5804;0.3556;131.8976
turkish;0.0000;0.3556;24.5333;15.9111;0.2667;43.3778;15.3778;0.1778;132.2157
turkish;0.0568;0.3975;23.8501;15.1051;0.3407;44.4634;15.1051;0.6814;138.1514
turkish;0.0000;0.6522;22.9710;16.3043;0.6522;43.8406;15.2174;0.3623;139.5808
turkish;0.0000;0.0000;25.2062;14.7571;0.0000;44.6379;14.9404;0.4583;139.2157
turkish;0.0000;0.1005;26.1845;14.5321;0.1005;44.4333;14.5153;0.1339;130.8363
turkish;0.0000;0.2231;26.6399;13.9670;0.2231;44.6229;13.7439;0.5801;131.0094
turkish;0.0000;0.3568;27.2079;13.2917;0.2676;45.6735;13.2025;0.0000;130.4286
turkish;0.0000;1.5714;29.1429;11.7857;1.4286;44.2143;11.7143;0.1429;125.1716
turkish;0.0000;0.0000;26.6178;14.5299;0.0000;44.2002;14.6520;0.0000;129.5316
turkish;0.0000;0.2621;24.5522;14.8973;0.2621;44.7794;15.1158;0.1311;135.0258
turkish;0.0000;1.5013;21.6057;16.5144;1.7624;40.0131;16.7102;1.8930;144.6903
turkish;0.0000;0.8413;24.6394;15.9856;0.8413;41.5865;14.7837;1.3221;135.2459
turkish;0.0000;0.2002;26.0208;14.7318;0.2002;43.7550;14.8519;0.2402;129.6824
turkish;0.0000;0.1357;26.5744;13.7622;0.1357;44.9511;14.0879;0.3529;131.6064
turkish;0.0000;0.0000;29.0801;13.0564;0.0000;45.9941;11.8694;0.0000;126.2222
turkish;0.0000;0.6803;28.2993;12.6531;0.6803;44.4898;12.6531;0.5442;129.7414
turkish;0.0000;0.5073;27.3938;14.0774;0.6341;43.3735;13.7603;0.2536;127.1000
turkish;0.0000;0.0000;25.6158;15.3941;0.0000;43.9655;14.6552;0.3695;131.8898
turkish;0.0000;0.3406;26.9586;13.8200;0.3893;45.3041;12.9927;0.1946;130.8271
turkish;0.0000;0.4862;27.2825;12.9660;0.8644;44.7866;12.7499;0.8644;128.6667
turkish;0.0000;0.7435;26.2082;14.1264;1.6729;43.4944;13.7546;0.0000;129.3051
turkish;0.0000;0.2326;25.8140;13.4884;0.6977;46.5116;12.7907;0.4651;137.5000
turkish;0.0000;0.4051;26.3797;13.9241;0.4051;45.0127;13.5190;0.3544;131.4815
turkish;0.0000;0.9662;27.2142;12.8824;0.9662;43.9614;13.2045;0.8052;130.8290
turkish;0.0000;0.0000;29.8489;11.4610;0.0000;46.7254;11.7128;0.2519;128.1690
turkish;0.0000;0.8660;24.1467;14.9771;0.7641;43.0973;14.8242;1.3245;133.3603
turkish;0.0000;0.9901;27.5990;13.3663;0.9901;43.5644;13.2426;0.2475;125.0000
turkish;0.0000;0.0000;24.4444;13.7963;0.0000;47.0370;14.6296;0.0926;141.4003
turkish;0.0000;0.5968;26.0017;14.3223;1.0230;43.5635;14.0665;0.4263;130.4575
turkish;0.0000;2.2409;25.5602;13.7255;2.3810;42.9272;12.8852;0.2801;128.8817
turkish;0.0000;0.1554;26.8262;13.6463;0.1554;45.1663;13.7084;0.3419;131.1222
turkish;0.0000;0.0594;27.6292;14.0820;0.0594;44.9792;12.9531;0.2377;129.8213
turkish;0.0000;0.0000;28.6184;12.1711;0.4934;46.5461;12.1711;0.0000;128.6458
turkish;0.0000;0.1961;24.1176;14.9020;0.0000;44.1176;15.8824;0.7843;137.6667
turkish;0.0000;0.1493;22.3881;16.5672;0.0000;44.1791;16.7164;0.0000;132.4324
turkish;0.0000;0.8922;25.8751;14.6191;1.0295;43.4454;13.7955;0.3432;130.9152
turkish;0.0000;0.2389;26.4038;14.2174;0.2987;44.3847;13.7993;0.6571;131.7829
turkish;0.0000;0.0000;26.0870;14.1304;0.2717;44.5652;14.9457;0.0000;132.0000
turkish;0.0000;0.2564;26.5385;15.6410;0.2564;42.6923;13.7179;0.8974;130.6418
turkish;0.0000;0.1288;24.3156;14.7504;0.1449;45.0242;15.0886;0.5475;134.6203
turkish;0.0000;0.0486;25.2432;14.8833;0.0486;44.3580;14.8833;0.5350;131.7167
turkish;0.0000;0.0824;26.2768;14.2092;0.0824;44.5222;14.4975;0.3295;130.4636
turkish;0.0000;1.7167;24.6066;13.7339;1.5737;42.0601;16.1660;0.1431;131.8584
turkish;0.0000;1.3430;24.2769;14.9793;1.5496;42.2521;14.7727;0.8264;135.0649
turkish;0.0000;0.1727;24.1796;16.0622;0.1727;43.1779;16.2349;0.0000;131.2155
turkish;0.0000;0.1415;26.8396;14.4340;0.1415;42.9245;15.0472;0.4717;130.2307
turkish;0.0000;0.1852;24.1358;15.1235;0.1852;43.0247;16.7901;0.5556;134.5331
turkish;0.0000;0.0000;26.2388;14.5410;0.0000;43.7855;15.1097;0.3249;131.1203
turkish;0.0000;0.2398;21.1031;17.5060;0.2398;41.4868;18.8249;0.5995;136.5455
turkish;0.0000;0.3020;23.4524;16.3563;0.2013;41.7212;17.4132;0.5536;134.9874
turkish;0.0000;0.0000;26.2634;14.1654;0.0000;44.4104;14.7779;0.3828;132.3346
turkish;0.0000;0.3403;24.3234;15.7673;0.3079;43.0724;15.4270;0.7616;132.6858
turkish;0.0000;0.5496;25.4769;14.8723;0.5496;43.5176;14.7430;0.2910;130.9043
turkish;0.0000;0.2832;27.0088;13.7345;0.2832;44.9204;13.7345;0.0354;128.4997
turkish;0.0000;0.4237;26.0593;15.1483;0.4237;43.0085;14.6186;0.3178;126.8852
turkish;0.0000;0.0514;26.2590;14.4399;0.1028;44.5529;14.3371;0.2569;131.4309
turkish;0.0000;0.1303;25.4072;14.8534;0.1303;44.4300;15.0489;0.0000;131.8085
turkish;0.0000;0.4390;24.4803;15.4680;0.4261;43.2150;15.3260;0.6456;132.4245
turkish;0.0000;0.2655;28.4652;13.1174;0.1062;45.1407;12.7987;0.1062;125.6540
turkish;0.0000;0.4386;23.0263;17.5439;0.4386;40.7895;17.5439;0.2193;128.0277
turkish;0.0000;0.2717;24.0489;16.8478;0.2717;41.7120;16.5761;0.2717;129.5964
turkish;0.0000;0.4367;28.6026;13.7555;0.8734;42.1397;13.9738;0.2183;119.8675
turkish;0.0000;0.0000;24.3934;16.3934;0.0656;42.4918;16.3279;0.3279;132.0775
turkish;0.0000;0.5531;27.9867;13.2743;0.5531;44.1372;13.1637;0.3319;129.4425
turkish;0.0000;0.2534;26.8581;14.0203;0.2534;44.8902;13.7247;0.0000;129.4872
turkish;0.0000;0.8025;26.8836;13.9099;1.1146;43.3794;13.9099;0.0000;124.1826
turkish;0.0000;0.8586;28.3326;12.8784;0.8586;43.6512;13.2851;0.1356;125.5396
turkish;0.0000;0.0000;24.9110;15.6584;0.0000;42.3488;16.3701;0.7117;133.7423
turkish;0.0000;0.9058;24.6377;17.0290;0.9058;39.4928;17.0290;0.0000;122.5434
turkish;0.0000;0.2538;27.1574;14.2132;0.2538;43.6548;14.2132;0.2538;128.4483
turkish;0.0000;0.2415;25.3140;15.1208;0.1449;43.2850;15.1208;0.7729;132.9022
turkish;0.0000;0.0998;27.1457;13.6727;0.0998;44.7106;13.3733;0.8982;130.0800
turkish;0.0000;0.1140;29.4185;12.0867;0.1140;45.6100;11.9726;0.6842;126.5823
turkish;0.0000;0.0000;24.5880;15.8207;0.0000;43.5728;15.5570;0.4614;131.3559
turkish;0.1739;0.6087;27.6522;13.0435;0.6087;43.8261;13.3913;0.6957;127.8912
turkish;0.0000;0.2903;24.0929;16.4006;0.1451;42.3803;16.5457;0.1451;129.8876
turkish;0.0000;1.3083;26.1230;14.0863;1.3083;42.5643;14.4788;0.1308;127.4238
turkish;0.0000;0.9235;21.4380;17.0185;0.9235;41.8865;17.2164;0.5937;135.6383
turkish;0.0000;0.3942;26.3863;13.6662;0.3154;45.1511;13.7976;0.2891;130.4330
turkish;0.0000;0.6726;26.4574;14.1256;0.4484;44.1704;13.9013;0.2242;127.4021
turkish;0.0000;0.0944;25.0590;15.1487;0.0944;43.8886;15.1958;0.5191;131.7411
turkish;0.0000;0.0000;25.2218;15.7795;0.1267;43.6629;14.9556;0.2535;131.1594
turkish;0.0000;0.6452;25.3959;15.0733;0.7038;43.2258;14.8387;0.1173;129.3839
turkish;0.0000;0.6583;26.5709;14.6619;0.7181;42.7289;14.6020;0.0598;126.5625
turkish;0.0000;0.3442;26.8503;13.7694;0.3442;44.2341;13.9415;0.5164;130.6180
turkish;0.0000;0.0000;24.6704;16.0075;0.0000;42.3729;16.1959;0.7533;135.8896
turkish;0.0000;0.7806;26.1058;14.6574;0.6938;43.0182;14.3972;0.3469;128.3916
turkish;0.0000;0.0000;25.6532;14.9644;0.0000;42.9929;16.3895;0.0000;130.7985
turkish;0.0000;0.0000;31.2281;11.2281;0.0000;45.9649;11.5789;0.0000;124.8649
turkish;0.0000;0.1453;24.1279;16.5698;0.1453;41.7151;16.5698;0.7267;131.9307
turkish;0.0000;0.9600;26.0000;13.9200;0.8400;43.7200;13.7200;0.8400;131.1963
turkish;0.0000;0.0000;26.1372;14.3408;0.0000;45.0270;14.3408;0.1542;129.8349
turkish;0.0000;0.0000;25.9958;15.9329;0.0000;42.1384;15.9329;0.0000;126.5306
turkish;0.0000;0.3921;25.9108;14.5483;0.4329;44.0451;14.4012;0.2696;129.5317
turkish;0.0000;0.1873;26.9095;13.7981;0.1665;44.7034;13.7565;0.4787;130.6662
turkish;0.0000;0.3356;25.1678;14.4295;0.3356;44.2953;14.7651;0.6711;130.6011
turkish;0.0000;0.4270;22.6335;17.0819;0.2135;42.3488;16.7260;0.5694;134.5433
turkish;0.0000;0.0000;27.0758;13.3574;0.0000;46.2094;13.3574;0.0000;129.4118
turkish;0.0000;0.0000;29.2929;13.1313;0.0000;44.9495;12.6263;0.0000;124.7012
turkish;0.0000;0.9554;21.3376;16.8790;0.9554;41.7197;16.8790;1.2739;135.4167
turkish;0.0000;0.5396;21.0432;17.4460;0.5396;42.8058;17.2662;0.3597;139.1026
turkish;0.0000;0.1423;24.9051;14.8482;0.1423;45.0190;14.8482;0.0949;133.2551
turkish;0.0000;0.2069;23.5862;15.4828;0.2069;44.9310;15.5172;0.0690;134.6540
turkish;0.0000;0.0000;26.3610;13.7536;0.0000;45.8453;14.0401;0.0000;131.7536
turkish;0.0000;0.8671;21.0983;17.0520;0.2890;43.9306;16.7630;0.0000;138.1643
turkish;0.0000;0.4219;23.0661;16.1744;0.9845;42.8973;16.1744;0.2813;136.1502
turkish;0.0000;0.6865;25.6293;13.2723;0.0000;46.4531;13.2723;0.6865;134.1912
turkish;0.0000;0.3327;25.8150;14.8037;0.2994;43.4132;14.8370;0.4990;130.3414
turkish;0.0000;0.2650;20.7597;17.7562;0.2650;43.1095;17.6678;0.1767;139.4817
turkish;0.0000;0.1245;26.1979;13.8146;0.1245;45.2396;14.4368;0.0622;131.5055
turkish;0.0000;0.6186;24.7423;14.8454;0.4124;44.1237;14.8454;0.4124;129.1803
turkish;0.0000;0.6932;25.3033;16.8111;0.6932;39.6880;16.8111;0.0000;121.5847
turkish;0.0000;1.2369;24.7383;15.7231;1.2369;41.3178;15.3663;0.3806;127.3581
turkish;0.0000;0.5837;25.6809;15.9533;0.9728;41.0506;15.7588;0.0000;121.7910
turkish;0.0000;0.8190;23.7910;16.1076;0.7410;42.3947;15.9906;0.1560;130.5608
turkish;0.0000;0.2635;25.6304;14.1513;0.2635;44.4863;14.3771;0.8280;134.7144
turkish;0.0000;0.4887;25.4887;14.9749;0.4386;43.4211;14.7870;0.4010;130.5517
turkish;0.0000;0.4850;26.1116;14.5513;0.0808;43.8157;14.8747;0.0808;128.7371
turkish;0.0000;0.6859;26.2003;15.5007;0.5487;41.2894;15.6379;0.1372;124.3478
turkish;0.0000;0.4249;26.9122;13.0312;0.4249;45.8924;13.0312;0.2833;130.7339
turkish;0.0000;0.2795;26.2753;14.3256;0.2795;43.4661;14.7449;0.6289;131.4010
turkish;0.0000;0.0803;27.6596;13.0470;0.1204;46.0056;13.0470;0.0401;129.0609
turkish;0.0000;0.2665;25.9248;14.6082;0.2665;43.7461;14.7022;0.4859;130.8402
turkish;0.0000;0.2092;25.9414;15.0628;0.2092;43.0962;15.4812;0.0000;126.2458
turkish;0.0000;0.7428;26.4624;14.4847;0.7428;42.3398;14.6704;0.5571;129.2354
turkish;0.0000;0.3712;25.5684;14.8028;0.1392;44.2227;14.8492;0.0464;128.7297
turkish;0.0000;0.0000;29.3069;13.0693;0.0000;44.3564;13.2673;0.0000;124.5902
turkish;0.0000;0.0000;23.8645;15.7174;0.0000;43.9798;15.7174;0.7210;135.3499
turkish;0.0000;1.5666;25.9791;14.7520;1.5666;40.9922;14.6214;0.5222;124.7423
turkish;0.0000;0.5540;24.3767;15.9280;0.5540;43.3518;14.8892;0.3463;132.4862
turkish;0.0000;0.0000;27.2101;13.5848;0.0000;45.7826;13.3414;0.0811;131.2623
turkish;0.0000;0.4908;25.0307;15.2761;0.4908;42.8221;15.2147;0.6748;133.0266
turkish;0.0000;0.5405;27.2072;14.0541;0.7207;43.2432;14.2342;0.0000;126.9565
turkish;0.0000;0.3915;24.7064;15.3545;0.3480;43.5842;15.4415;0.1740;133.9806
turkish;0.0000;0.6224;25.9336;14.7303;0.6224;43.1535;14.7303;0.2075;126.5372
turkish;0.0000;0.3509;26.7836;14.1520;0.2339;44.0936;14.0351;0.3509;129.5802
turkish;0.0000;0.4551;26.6580;14.1743;0.3901;44.4083;13.6541;0.2601;131.0969
turkish;0.0000;0.1835;25.5963;14.8624;0.0000;44.3119;15.0459;0.0000;129.7810
turkish;0.0000;0.7600;26.4929;14.9837;0.2172;42.4539;14.6580;0.4343;128.9880
turkish;0.0000;0.0000;26.7363;14.0263;0.0000;45.1203;13.9355;0.1816;129.0346
turkish;0.0000;1.0395;23.7006;15.5925;1.0395;42.2037;15.3846;1.0395;132.3944
turkish;0.0000;0.6803;27.0748;13.4694;0.6803;44.6259;13.0612;0.4082;129.2111
turkish;0.0000;0.1596;26.4964;14.5251;0.1596;42.4581;15.5626;0.6385;130.6122
turkish;0.0000;0.3165;25.9494;14.8734;0.3165;42.9325;15.1899;0.4219;128.5235
turkish;0.0000;0.5021;25.1046;15.8159;0.4184;42.0921;15.8159;0.2510;126.3979
turkish;0.0000;0.3228;26.9572;13.8822;0.3228;44.2292;13.8822;0.4036;130.5263
turkish;0.0000;0.0000;22.8070;17.7945;0.0000;41.6040;17.2932;0.5013;133.4052
turkish;0.0000;0.7106;25.8075;14.7287;0.6783;43.0233;14.1796;0.8721;131.4642
turkish;0.0000;0.2073;25.1813;15.8549;0.1036;42.4870;15.9585;0.2073;127.9933
turkish;0.0000;0.4301;26.9355;13.0645;0.4301;44.1398;13.8172;1.1828;131.1287
turkish;0.0000;1.1192;24.6229;15.4258;1.1192;41.4599;15.9124;0.3406;130.5179
turkish;0.0000;0.6897;28.9655;12.9310;0.6897;43.7931;12.9310;0.0000;123.2432
turkish;0.0000;1.3993;25.6530;14.8321;1.2127;42.0709;14.7388;0.0933;126.5367
turkish;0.0000;0.2725;26.3760;13.6240;0.1090;45.1771;13.6785;0.7629;131.8421
turkish;0.0000;0.1135;28.0363;14.1884;0.4540;43.7003;13.5074;0.0000;125.4144
turkish;0.0000;0.0583;25.9627;14.8775;0.0583;43.1739;15.2859;0.5834;130.6743
turkish;0.0000;0.1018;25.0509;15.4379;0.2037;43.2179;15.3971;0.5906;131.8273
turkish;0.0519;0.2853;25.3631;14.8081;0.3890;43.7759;15.0156;0.3112;130.5659
turkish;0.0000;0.0000;28.1163;13.4349;0.0000;44.4598;13.2964;0.6925;129.4643
turkish;0.0000;0.1916;23.3716;17.0498;0.0000;42.3372;16.6667;0.3831;132.1981
turkish;0.0000;0.1760;25.6305;15.4252;0.1760;43.4018;15.0733;0.1173;130.2415
turkish;0.0000;0.0521;28.0583;13.2223;0.0521;45.1327;13.3264;0.1562;127.1837
turkish;0.0000;1.0135;25.3378;14.6396;1.0135;41.8919;14.5270;1.5766;134.2541
turkish;0.0000;0.8904;25.7652;15.2198;0.8904;41.8753;15.0529;0.3061;127.0777
turkish;0.0000;0.3125;25.9375;15.0000;0.3125;42.1875;15.1562;1.0938;129.8734
turkish;0.0000;0.1759;27.0232;13.0190;0.2111;45.3202;13.7227;0.5278;132.5554
turkish;0.0000;0.7346;28.2828;12.7640;0.7346;44.4444;12.9477;0.0918;126.6176
turkish;0.0000;1.2241;27.5222;13.3812;0.0844;44.7868;12.8746;0.1266;126.9625
turkish;0.0000;0.2220;25.4356;14.8707;0.2441;43.9574;14.9484;0.3218;131.1879
turkish;0.0000;0.1675;26.6332;13.7353;0.0000;45.5611;13.9028;0.0000;130.0813
turkish;0.0000;0.2733;26.1503;13.9711;0.2430;45.0873;14.1078;0.1670;131.6191
turkish;0.0000;0.8319;25.2912;15.9734;0.8319;42.4293;14.6423;0.0000;129.9735
turkish;0.0000;0.7590;22.7704;17.7419;0.6641;40.7021;16.9829;0.3795;132.1375
turkish;0.0000;0.8398;25.9148;14.4571;0.8398;43.7912;14.1572;0.0000;128.1835
turkish;0.0000;0.1232;25.0000;15.6404;0.0000;43.5961;15.2709;0.3695;131.8367
turkish;0.0000;0.0000;29.1118;12.5000;0.0000;44.5724;12.3355;1.4803;131.8919
turkish;0.0000;0.0000;26.9084;14.1221;0.0000;44.4656;14.5038;0.0000;128.4830
turkish;0.0000;0.1922;25.5629;15.0467;0.1922;43.6024;15.0467;0.3569;131.8489
turkish;0.0000;0.0903;25.3008;14.9519;0.1504;44.5247;14.8014;0.1805;132.9232
turkish;0.0000;0.3667;25.7335;14.9756;0.3667;43.6430;14.7922;0.1222;129.9395
turkish;0.0000;0.1577;24.1325;16.4038;0.1577;42.5868;16.4038;0.1577;130.4910
turkish;0.0000;0.1399;23.0769;17.2028;0.1399;41.5385;17.4825;0.4196;132.5527
turkish;0.0000;0.2079;27.6507;14.3451;0.2079;43.2432;14.3451;0.0000;124.3590
turkish;0.0000;0.2907;26.4535;14.1473;0.2907;43.5078;14.8256;0.4845;129.3478
turkish;0.0000;0.0000;21.9643;18.2143;0.0000;40.7143;19.1071;0.0000;132.0475
turkish;0.0000;0.1771;27.0956;13.4002;0.1771;45.1594;13.6954;0.2952;130.9709
turkish;0.0000;0.2604;26.0417;14.0625;0.2604;45.5729;13.8021;0.0000;128.9062
turkish;0.0000;0.0725;25.3262;15.6839;0.0967;42.7260;15.8531;0.2417;129.7966
turkish;0.0000;0.4348;25.6522;15.2174;0.4348;42.6087;15.6522;0.0000;126.9896
turkish;0.0000;0.0000;26.6968;14.0271;0.0000;44.4947;14.7813;0.0000;131.2649
turkish;0.0000;0.2770;24.8384;15.7895;0.3693;42.9363;15.5125;0.2770;130.3438
turkish;0.0000;0.1184;23.5050;15.4529;0.1776;45.2931;15.3937;0.0592;136.0511
turkish;0.0000;0.1260;24.8897;15.2489;0.1890;44.0454;15.3119;0.1890;129.8793
turkish;0.0000;0.7346;25.2984;15.6566;0.7805;41.5978;15.6107;0.3214;127.9155
turkish;0.0000;0.0000;26.3538;15.2828;0.0000;42.7196;15.0421;0.6017;130.5118
turkish;0.0000;0.3630;25.9074;14.5191;0.3630;44.2831;14.4283;0.1361;129.6512
turkish;0.0000;0.0000;26.2611;14.0926;0.0000;45.3458;14.1446;0.1560;130.7435
turkish;0.0000;0.4768;27.3540;14.1836;0.3576;43.0870;14.3623;0.1788;124.4465
turkish;0.0000;0.1093;26.2985;13.9420;0.1093;45.4347;13.9420;0.1640;131.3953
turkish;0.0000;0.0585;26.1710;13.8173;0.0585;45.3747;14.1101;0.4098;132.7900
turkish;0.0000;0.2407;27.6775;13.2371;0.2407;44.8857;13.3574;0.3610;126.9962
turkish;0.0000;0.2088;27.3486;13.9875;0.2088;44.2589;13.9875;0.0000;125.5814
turkish;0.0000;0.3716;26.9507;13.3763;0.3963;45.1325;13.5249;0.2477;130.1252
turkish;0.0000;0.0000;25.5991;14.1612;0.1089;45.8606;14.1612;0.1089;133.2731
turkish;0.0000;0.0000;27.0742;14.1921;0.0000;44.2140;14.0830;0.4367;127.8261
turkish;0.0000;0.5600;24.8250;15.8189;0.6066;41.9972;16.1456;0.0467;129.0625
turkish;0.0000;0.3448;26.7816;13.2759;0.2874;45.2874;13.7931;0.2299;130.8052
turkish;0.0000;0.0000;25.5392;14.9830;0.0000;44.4949;14.7181;0.2649;133.0224
turkish;0.0000;0.1021;25.0638;14.8035;0.1021;44.8188;14.8035;0.3063;133.1115
turkish;0.0000;0.3448;26.8966;13.1034;0.3448;46.2069;13.1034;0.0000;129.3478
turkish;0.0000;0.4342;27.1712;12.6551;0.4342;46.8983;11.9727;0.4342;131.1412
turkish;0.0000;1.4772;28.4522;12.2672;1.4772;43.6095;12.2030;0.5138;125.6133
turkish;0.0000;0.5970;26.4179;14.3284;0.5970;43.4328;14.3284;0.2985;127.9412
turkish;0.0000;0.5525;28.1768;13.2597;0.5525;43.9227;13.2597;0.2762;127.5109
turkish;0.0000;0.2136;29.5392;12.0232;0.2136;45.5600;11.9316;0.5188;127.3558
turkish;0.0000;0.7916;33.2454;9.2348;0.7916;46.7018;9.2348;0.0000;119.1406
turkish;0.0000;0.4484;22.1973;16.8161;0.4484;43.2735;16.8161;0.0000;134.5588
turkish;0.0000;0.3376;24.2194;16.0338;0.3376;43.2911;15.7806;0.0000;129.2526
turkish;0.0000;0.0000;27.2890;14.5422;0.0000;43.9856;13.6445;0.5386;129.5129
turkish;0.0000;1.0252;24.2114;14.6688;1.0252;42.2713;15.1420;1.6562;136.4764
turkish;0.0000;1.0270;24.1335;14.8909;1.0270;42.7471;15.0193;1.1553;136.5591
turkish;0.0000;0.1595;28.3892;12.2807;0.0000;45.1356;11.8022;2.2329;138.1081
turkish;0.0000;0.7227;27.1003;13.6405;0.9033;44.3541;12.9178;0.3613;131.2775
turkish;0.0000;0.6397;27.2921;13.9303;0.7107;43.9943;13.0064;0.4264;130.4100
turkish;0.0000;0.0626;28.2854;13.5169;0.0000;44.4305;13.4543;0.2503;127.1682
turkish;0.0000;0.0508;27.3604;13.8071;0.0508;44.7716;13.8071;0.1523;128.9037
turkish;0.0000;0.2632;23.5965;16.4035;0.2632;43.3333;15.9649;0.1754;135.3285
turkish;0.0000;0.3594;25.9659;14.3756;0.3594;45.2830;13.4771;0.1797;132.5714
turkish;0.0000;0.0000;28.8987;12.9342;0.0000;44.7154;13.0081;0.4435;128.2082
turkish;0.0000;0.0596;26.3111;13.8856;0.0596;44.9940;13.7068;0.9833;133.4942
turkish;0.0000;0.1123;24.4806;15.7215;0.1123;44.0202;15.4969;0.0561;132.3715
turkish;0.0000;0.0000;27.2871;13.7224;0.0000;45.2681;13.7224;0.0000;129.7082
turkish;0.0000;0.1340;25.8043;14.6113;0.1340;44.0349;14.9464;0.3351;130.3062
turkish;0.0000;0.0390;26.2583;14.2411;0.0390;45.1814;14.0460;0.1951;132.2100
turkish;0.0000;0.4297;24.6777;15.2241;0.4297;44.1989;14.6102;0.4297;134.7510
turkish;0.0000;0.2439;28.6585;12.5610;0.0000;46.0976;12.4390;0.0000;127.4510
turkish;0.0000;0.0000;23.8400;15.0400;0.0000;45.1200;15.5200;0.4800;135.7702
turkish;0.0000;0.3409;23.0682;16.3636;0.2273;42.9545;15.3409;1.7045;139.5349
turkish;0.0000;0.0000;25.3916;14.8392;0.0000;44.9299;14.5095;0.3298;131.9790
turkish;0.0000;0.4515;27.7652;14.4470;0.4515;42.4379;14.2212;0.2257;126.1649
turkish;0.0000;0.6908;25.9067;14.3351;0.6908;43.6960;14.3351;0.3454;128.2967
turkish;0.0000;0.0000;28.0538;12.3188;0.0000;47.1014;12.4224;0.1035;132.1244
turkish;0.0000;0.1910;24.5463;15.2818;0.1910;43.8395;15.2818;0.6686;136.8421
turkish;0.0000;0.3387;25.1572;14.9492;0.3387;44.0252;14.0784;1.1127;135.6086
turkish;0.0000;0.6383;23.4043;17.0213;0.6383;41.9149;15.9574;0.4255;132.5088
turkish;0.0000;0.6079;27.1277;13.6018;0.4559;44.6809;13.4498;0.0760;126.9412
turkish;0.0000;0.7034;26.4947;13.4818;0.5862;44.7831;13.3646;0.5862;130.4673
turkish;0.0000;0.1019;26.3507;15.0357;0.1019;43.0173;15.0866;0.3058;128.9474
turkish;0.0000;0.2063;27.9917;13.1362;0.2063;44.2916;13.6176;0.5502;128.9823
turkish;0.0000;1.1327;27.3463;13.4304;1.1327;44.0129;12.4595;0.4854;129.0816
turkish;0.0000;0.0000;25.0489;15.4599;0.0000;43.6399;15.4599;0.3914;132.6733
turkish;0.0000;0.1602;25.5558;14.9810;0.1803;43.6812;15.1212;0.3204;131.5367
turkish;0.0000;0.4363;22.1640;16.9284;0.4363;43.0192;16.3176;0.6981;135.4926
turkish;0.0000;0.1582;29.0348;12.3418;0.1582;44.7785;13.2120;0.3165;127.0370
turkish;0.0000;0.1751;27.4956;14.1856;0.1751;43.7828;14.1856;0.0000;128.0112
turkish;0.0000;0.3937;25.8530;14.5669;0.6562;43.7008;14.6982;0.1312;128.7554
turkish;0.0000;0.0000;26.1017;14.5763;0.0000;44.9153;14.4068;0.0000;129.3963
turkish;0.0000;0.0000;20.2492;19.0031;0.0000;39.2523;18.0685;3.4268;145.9459
turkish;0.0000;0.0709;28.5613;13.5365;0.0709;44.2948;13.3239;0.1417;126.6589
turkish;0.0000;0.0000;25.9259;13.7427;0.0000;45.6140;14.0351;0.6823;132.4493
turkish;0.0000;0.2322;24.7678;14.6285;0.1548;44.8916;14.7833;0.5418;135.6955
turkish;0.0000;0.2341;26.8578;13.8092;0.1755;44.5875;13.7507;0.5851;129.4727
turkish;0.0000;0.4425;23.4071;15.9292;0.3540;42.4336;15.8850;1.5487;136.8085
turkish;0.0000;0.1993;27.2425;13.5548;0.1993;45.5814;12.6910;0.5316;131.4015
turkish;0.0000;0.4518;24.9247;14.9096;0.0000;44.6536;14.6084;0.4518;133.2117
turkish;0.0000;0.0000;23.9011;16.2088;0.0000;43.2692;16.3462;0.2747;132.2148
turkish;0.0000;0.1124;25.6180;14.4944;0.1124;44.2697;14.4944;0.8989;132.8358
turkish;0.0000;0.4376;27.1335;14.3326;0.2188;43.2166;14.4420;0.2188;126.7730
turkish;0.0000;0.7264;24.5763;14.8910;0.1211;44.1889;15.0121;0.4843;134.9398
turkish;0.0000;0.2195;27.8347;13.6064;0.1463;44.0380;13.7162;0.4389;128.6822
turkish;0.0000;0.1400;27.6417;13.7859;0.2099;43.9468;14.0658;0.2099;126.0821
turkish;0.0000;0.2372;26.4531;14.1163;0.0000;44.8399;13.9976;0.3559;132.6000
turkish;0.0000;0.1639;26.6284;13.8878;0.1639;44.8587;14.1336;0.1639;130.0645
turkish;0.0000;0.2288;26.6590;14.7216;0.2288;42.9062;14.7979;0.4577;129.3520
turkish;0.0000;0.4967;24.4205;14.2384;0.4139;44.0397;14.9834;1.4073;139.6067
turkish;0.0000;0.3652;25.7456;14.3640;0.3652;43.3962;14.9117;0.8521;132.7434
turkish;0.0000;0.1824;25.9574;14.8936;0.1824;43.1003;15.0152;0.6687;131.1459
turkish;0.0000;0.4217;26.7264;14.2857;0.1581;44.1223;13.7059;0.5799;130.2564
turkish;0.0000;0.5464;28.5974;12.7505;0.1821;45.1730;12.7505;0.0000;126.1561
turkish;0.0000;0.5247;27.7807;13.0640;0.5509;44.1238;13.0115;0.9444;130.6922
turkish;0.0000;0.1479;27.2189;13.3876;0.1479;45.1923;13.6095;0.2959;129.1375
turkish;0.0000;0.0000;25.8569;14.7925;0.0000;44.2574;14.7925;0.3007;129.6404
turkish;0.0000;0.0000;27.4600;13.7300;0.0000;44.9657;13.7300;0.1144;128.2569
turkish;0.0000;0.0000;29.6657;13.2312;0.0000;43.3148;13.6490;0.1393;125.8206
turkish;0.0000;0.9482;24.3982;15.3173;0.9482;42.9978;15.2079;0.1823;130.0875
turkish;0.0000;0.0993;19.9603;17.9742;0.0993;41.9067;18.5700;1.3903;141.3078
turkish;0.0000;0.0000;23.0769;15.6499;0.0000;45.1813;16.0035;0.0884;134.1160
turkish;0.0000;0.3009;26.6642;13.2381;0.0752;45.0545;13.8774;0.7898;131.6456
turkish;0.0000;0.3223;26.1483;14.1418;0.3223;44.1176;13.7792;1.1684;134.2563
turkish;0.0000;0.1328;23.6388;15.6707;0.1992;44.6215;15.6707;0.0664;134.1357
turkish;0.0000;1.6710;26.4781;14.0103;1.2853;41.7738;14.7815;0.0000;124.2915
turkish;0.0000;0.4357;27.5054;12.4183;0.4357;46.0784;12.4728;0.6536;130.0429
turkish;0.0000;0.5853;27.0903;13.5452;0.5853;44.6488;13.4615;0.0836;127.4045
turkish;0.0000;0.3953;26.9214;13.1313;0.2635;46.0694;13.0874;0.1318;130.1730
turkish;0.0000;0.2227;26.2806;14.8478;0.2227;43.2071;14.9220;0.2970;128.0576
turkish;0.0000;0.0000;25.8294;14.7709;0.0000;44.1548;14.5340;0.7109;130.7198
turkish;0.0000;0.1319;27.8364;14.1161;0.1319;44.1953;13.5884;0.0000;126.3598
turkish;0.0000;0.4005;26.0347;14.2190;0.2003;44.0587;14.4192;0.6676;129.6137
turkish;0.0000;0.2826;23.1769;15.6020;0.2826;44.0927;15.6586;0.9045;136.5079
turkish;0.0000;0.0873;24.4871;15.4954;0.0873;44.3474;15.2772;0.2182;133.6895
turkish;0.0000;0.1795;24.4165;15.4399;0.1795;44.4644;15.3202;0.0000;133.1992
turkish;0.0430;0.0430;26.9016;14.1813;0.0430;44.1341;14.3103;0.3438;127.5033
turkish;0.0000;0.0588;25.2644;15.3937;0.0588;43.1845;15.8049;0.2350;129.9625
turkish;0.0000;0.1916;25.7344;15.0702;0.1277;43.7420;14.9425;0.1916;129.1282
turkish;0.0000;0.2701;28.0216;13.2343;0.2701;44.9021;13.1668;0.1350;127.0270
turkish;0.0000;0.1030;27.5116;13.3952;0.0000;45.9557;12.8800;0.1546;131.6275
turkish;0.0000;0.1133;25.4391;14.6176;0.0567;44.8159;14.6176;0.3399;132.0930
turkish;0.0000;0.1079;25.2563;15.2725;0.0540;43.8208;15.1106;0.3778;130.8403
turkish;0.0000;0.2483;23.2775;15.7666;0.3724;44.1341;15.8287;0.3724;135.5304
turkish;0.0000;0.9483;23.6464;15.4481;0.9483;43.3466;15.5093;0.1530;130.6723
turkish;0.0000;0.0000;27.9468;13.0465;0.0350;45.7503;13.0815;0.1399;127.5976
turkish;0.0000;0.3578;22.0930;17.2630;0.3578;42.1288;17.5313;0.2683;133.9678
turkish;0.0000;0.6908;24.7841;15.3713;0.6908;43.0052;14.9396;0.5181;130.1370
turkish;0.0000;0.0786;25.3731;14.4540;0.1571;45.2474;14.2969;0.3928;131.6440
turkish;0.0000;0.0000;22.6761;15.6338;0.0000;45.9155;15.6338;0.1408;137.8995
turkish;0.0000;0.2503;25.5756;14.6146;0.1001;44.9449;14.3644;0.1502;130.6836
turkish;0.0000;0.0000;28.5290;12.4814;0.1486;45.9138;12.9272;0.0000;128.3981
turkish;0.0000;0.3096;25.6192;14.5511;0.3096;44.3498;14.7059;0.1548;131.0388
turkish;0.0000;0.3663;26.4469;13.7729;0.0733;45.3480;13.7729;0.2198;129.0805
turkish;0.0000;0.1463;24.4759;15.1146;0.0000;44.7587;15.1633;0.3413;132.9961
turkish;0.0000;0.5138;26.2617;14.8081;0.1813;42.8226;15.2614;0.1511;128.5998
turkish;0.0000;0.0000;26.2620;14.0024;0.0000;45.3726;14.1226;0.2404;131.8182
turkish;0.0000;0.4556;26.6515;13.4396;0.1139;45.3303;13.3257;0.6834;129.9445
turkish;0.0000;0.2987;25.9333;14.5346;0.2489;44.4998;14.4350;0.0498;128.1298
turkish;0.0000;0.1002;24.1483;16.0321;0.0000;43.5872;16.0321;0.1002;130.2652
turkish;0.0000;0.1443;25.8297;15.7287;0.1443;42.4242;15.5844;0.1443;126.4977
turkish;0.0000;0.4601;26.0225;14.8262;0.3067;42.8937;14.8773;0.6135;127.6370
turkish;0.0000;0.0778;24.4946;14.8523;0.0778;45.7232;14.6967;0.0778;134.3434
turkish;0.0000;0.2604;26.2153;15.4514;0.0000;43.0556;14.8438;0.1736;126.4075
turkish;0.0000;0.2519;26.7003;13.7280;0.2519;44.2065;14.1058;0.7557;131.5152
turkish;0.0000;0.1351;24.5946;15.4054;0.0450;44.5045;15.3153;0.0000;132.9133
turkish;0.0000;0.1642;27.6683;13.4647;0.1642;44.1708;13.7110;0.6568;128.7402
turkish;0.0000;0.3865;27.1498;13.5266;0.2899;44.9275;13.4300;0.2899;128.5714
turkish;0.0000;0.3032;25.7706;14.1486;0.9096;44.9217;13.6433;0.3032;129.1009
turkish;0.0000;0.6471;27.0588;13.3529;0.6471;44.5294;13.7059;0.0588;126.6488
turkish;0.0000;0.5877;25.8606;15.1553;0.3778;42.6952;14.5256;0.7976;127.6385
turkish;0.0000;0.7333;24.1333;15.8667;0.6667;42.6667;15.8667;0.0667;132.5658
turkish;0.0000;0.0427;26.0888;14.6456;0.0427;44.1503;14.5175;0.5124;130.9704
turkish;0.0000;0.1634;26.9608;13.8889;0.0000;45.5882;13.3170;0.0817;129.9936
turkish;0.0000;0.2194;21.7439;17.2745;0.1919;42.9394;17.3293;0.3016;138.4103
turkish;0.0000;0.3326;25.4545;15.7206;0.3548;42.9490;14.8559;0.3326;132.1721
turkish;0.0000;0.2949;26.8571;14.1751;0.3134;44.4424;13.8065;0.1106;128.9012
turkish;0.0000;0.5190;21.7646;17.4117;0.5357;41.8885;17.6963;0.1842;133.8643
turkish;0.0000;0.2410;27.0111;14.0554;0.4369;44.1398;13.9349;0.1808;127.9693
turkish;0.0000;0.2392;25.8649;14.2897;0.2760;44.0375;14.3541;0.9385;132.6756
turkish;0.0000;0.1772;25.7421;14.5990;0.1772;44.4838;14.4883;0.3323;129.5655
turkish;0.0000;0.7006;26.8455;13.8243;0.7519;44.0533;13.4655;0.3589;130.0000
turkish;0.0000;0.5953;25.5647;15.0236;0.6479;43.8977;14.0781;0.1926;131.4002
turkish;0.0000;0.2937;24.9904;15.4003;0.2682;43.2129;15.5153;0.3192;130.9715
turkish;0.0000;0.6275;26.3235;13.3824;0.9020;44.1569;13.5588;1.0490;131.1360
turkish;0.0137;0.4393;25.7241;14.6740;0.5353;43.5415;14.8936;0.1784;129.9157
turkish;0.0000;0.2209;23.6132;15.7830;0.2700;43.2744;16.6912;0.1473;133.4887
turkish;0.0188;0.2252;24.4886;15.5939;0.2815;43.1413;15.8754;0.3753;132.5913
turkish;0.0102;0.2147;24.5374;15.5199;0.2147;43.8401;15.4176;0.2454;133.9732
turkish;0.0000;0.3689;24.2147;14.6478;0.3927;44.7525;14.8144;0.8091;135.7807
turkish;0.0000;0.4465;26.8328;14.0861;0.4753;43.8715;14.0861;0.2016;127.1827
turkish;0.0000;0.2667;25.2300;14.6953;0.3200;44.4326;14.7353;0.3200;131.5579
turkish;0.0000;0.1846;26.4194;14.2637;0.2000;44.4992;14.1560;0.2770;130.1622
turkish;0.0000;0.1955;26.6426;14.1182;0.2255;44.4745;14.1934;0.1504;129.1806
turkish;0.0000;0.1941;26.6687;13.6628;0.1344;44.9306;13.9316;0.4778;131.7476
turkish;0.0000;0.0570;25.5058;14.9045;0.0570;44.3146;14.7335;0.4275;132.7056
turkish;0.0000;0.1890;25.1181;14.9134;0.2205;44.2992;14.8504;0.4094;132.4841
turkish;0.0000;0.0571;23.6654;16.2718;0.0856;43.6340;15.9435;0.3426;134.8919
turkish;0.0000;0.0649;23.2468;17.0130;0.1136;41.9805;17.2240;0.3571;132.6569
turkish;0.0000;0.2533;26.8997;14.3364;0.2786;43.4017;14.6530;0.1773;127.9474
turkish;0.0000;0.9539;22.5947;16.8438;0.5451;41.2101;17.4162;0.4361;132.5306
turkish;0.0000;0.3177;26.8467;13.8999;0.8737;45.1946;12.6291;0.2383;131.4607
turkish;0.0000;0.5478;27.8329;12.9408;1.1298;44.1287;13.2831;0.1369;124.3715
turkish;0.0000;0.3497;27.9720;13.4033;0.1166;44.7552;13.1702;0.2331;127.5992
turkish;0.0000;0.2892;26.2526;13.6505;0.2820;45.2896;13.7879;0.4483;131.5600
turkish;0.0000;0.1643;25.5546;14.0509;0.0822;45.9326;13.8866;0.3287;133.9597
turkish;0.0000;0.4427;26.1206;14.2778;0.4981;44.1616;14.2225;0.2767;131.0028
turkish;0.0000;0.5076;29.9492;13.4518;0.5076;43.6548;11.6751;0.2538;125.8065
turkish;0.0000;0.4105;26.6831;14.6141;0.7389;42.2824;14.7783;0.4926;126.6501
turkish;0.0000;0.0000;24.7557;16.1238;0.0000;42.5081;16.4495;0.1629;129.4872
turkish;0.0000;0.0000;28.3582;13.1841;0.0000;44.7761;13.4328;0.2488;127.9693
turkish;0.0000;0.0000;25.0000;15.5405;0.2252;41.8919;16.2162;1.1261;131.0954
turkish;0.0000;0.3077;26.4615;13.5385;0.3077;45.2308;13.5385;0.6154;134.5550
turkish;0.0000;0.0199;23.8361;15.3402;0.0597;44.4290;15.7780;0.5372;135.3915
turkish;0.0000;0.4751;27.8702;12.4307;0.7918;44.4972;13.3808;0.5542;127.8272
turkish;0.0000;0.0000;27.4725;13.7363;0.0000;44.7802;13.4615;0.5495;132.4324
turkish;0.0000;0.3979;24.8011;15.1194;1.1936;42.9708;15.2520;0.2653;130.2905
turkish;0.0000;0.4658;23.7578;16.3043;0.7764;41.6149;16.6149;0.4658;128.8557
turkish;0.0000;0.0000;28.8696;11.8261;0.0000;46.2609;12.6957;0.3478;129.8295
turkish;0.0000;0.0000;26.1981;14.0575;0.0000;44.7284;13.4185;1.5974;136.5000
turkish;0.0000;0.0000;28.5294;12.6471;0.0000;45.1471;12.9412;0.7353;131.4088
turkish;0.0000;0.0581;24.8837;14.7093;0.0581;45.0000;14.4186;0.8721;134.9221
turkish;0.0000;0.0000;26.5885;13.9785;0.2933;44.1838;14.5650;0.3910;132.0312
turkish;0.0000;0.1520;27.0517;14.1337;0.1520;43.3637;14.2857;0.8612;129.7364
turkish;0.0000;0.1466;24.4135;15.6891;0.1466;43.3284;15.8358;0.4399;133.5784
turkish;0.0000;0.1895;26.2649;14.7622;0.2085;43.6043;14.4021;0.5685;130.5428
turkish;0.0000;0.3611;25.5191;14.5652;0.3611;44.5080;14.2040;0.4815;133.9570
turkish;0.0000;0.0000;25.6219;16.1692;0.0000;43.0348;15.1741;0.0000;130.5835
turkish;0.0000;0.1562;25.4688;15.1562;0.3125;43.4375;15.0000;0.4688;131.4578
turkish;0.0000;0.2799;27.2854;13.0597;0.2799;44.2631;13.9459;0.8862;131.7398
turkish;0.0000;1.1094;26.2558;13.8675;1.1402;43.4206;13.8675;0.3390;129.2096
turkish;0.0000;0.8518;29.8978;12.6065;0.9370;42.8450;12.6917;0.1704;122.7209
turkish;0.0000;0.0000;24.8117;15.4194;0.0502;44.3998;14.7162;0.6027;135.5537
turkish;0.0000;0.0541;25.1218;15.8636;0.0541;43.6383;15.1056;0.1624;131.5378
turkish;0.0000;0.0815;24.9389;14.7514;0.0815;44.8248;14.6699;0.6520;134.2704
turkish;0.0000;0.1780;26.9248;14.6862;0.2225;43.3467;14.5082;0.1335;127.3361
turkish;0.0000;0.0824;24.7569;15.5101;0.0659;43.7448;15.6585;0.1813;132.4872
turkish;0.0000;0.1181;25.1476;16.6470;0.1181;42.6210;15.3483;0.0000;132.5536
turkish;0.0000;0.1681;25.6022;15.1261;0.2241;43.7535;14.7339;0.3922;131.1770
turkish;0.0000;0.3918;26.8025;14.5768;0.4702;42.8683;14.8119;0.0784;126.6583
turkish;0.0000;0.2700;26.0126;14.7615;0.1800;44.5545;13.4113;0.8101;132.3276
turkish;0.0000;0.2602;24.6584;15.8100;0.3904;42.5504;15.8751;0.4554;132.2546
turkish;0.0000;0.0000;25.2969;16.0333;0.0000;43.7055;14.9644;0.0000;132.6130
turkish;0.0000;0.0000;27.4336;14.1593;0.7965;42.4779;14.4248;0.7080;123.7838
turkish;0.0000;0.0575;26.7683;13.8585;0.2300;44.6233;13.8585;0.6038;130.8345
turkish;0.0000;0.0213;26.4718;14.5904;0.0213;44.4113;14.2278;0.2560;131.4457
turkish;0.0000;0.1576;26.9049;14.3458;0.2102;44.1408;14.0305;0.2102;130.1012
turkish;0.0246;1.4019;25.0615;14.9533;1.4019;41.8593;14.9041;0.3935;129.4703
turkish;0.0000;1.0285;27.6108;13.2911;0.7911;43.2753;13.2120;0.7911;126.7588
turkish;0.0000;0.1784;25.3864;14.3876;0.1189;45.2438;14.2687;0.4162;132.5843
turkish;0.0000;0.3540;25.3540;15.1770;0.4867;42.9204;15.0885;0.6195;130.2968
turkish;0.0000;0.1217;25.6691;14.9635;0.0000;44.2822;14.4769;0.4866;131.7739
turkish;0.0000;0.3349;26.7247;14.2666;0.1340;43.8714;14.2666;0.4019;126.5734
turkish;0.0000;0.1293;26.2443;14.5443;0.0646;44.0207;14.4796;0.5171;129.9056
turkish;0.0000;0.0480;27.2204;13.0581;0.0480;46.4234;12.8661;0.3361;132.8137
turkish;0.0000;0.0000;27.6438;12.7087;0.0000;45.7328;12.8015;1.1132;133.9312
turkish;0.0000;0.0888;26.6948;13.5435;0.1110;45.7001;13.5435;0.3182;131.5626
turkish;0.0000;0.3661;26.3575;13.4838;0.0610;44.8444;13.5448;1.3423;134.8249
turkish;0.0000;0.2004;28.2565;12.8925;0.2004;45.8250;12.4248;0.2004;127.5026
turkish;0.0000;0.2641;27.2887;13.6444;0.2641;45.0704;13.2923;0.1761;125.6065
turkish;0.0000;0.7133;27.4608;13.2668;0.0713;44.2225;13.9087;0.3566;126.0382
turkish;0.0000;0.1604;27.9872;13.0714;0.1604;45.3087;12.9110;0.4010;130.0920
turkish;0.0000;0.3333;26.5556;14.9444;0.3889;44.4444;12.8889;0.4444;133.3933
turkish;0.0000;0.0000;27.9730;13.1081;0.0000;44.8649;13.6486;0.4054;127.2727
turkish;0.0000;0.0000;27.4390;13.6179;0.0000;45.1220;13.8211;0.0000;128.4314
turkish;0.0000;0.0000;25.1519;16.2819;0.0000;42.8919;15.6744;0.0000;128.3270
turkish;0.0000;0.0000;25.9972;13.7552;0.1376;45.9422;13.7552;0.4127;133.7029
turkish;0.0000;0.1005;28.4422;13.0653;0.1005;44.9246;12.9648;0.4020;129.9679
turkish;0.0000;0.4184;23.3264;16.4749;0.4184;42.5732;16.4749;0.3138;134.8048
turkish;0.0000;0.5928;27.8008;13.3966;0.8299;44.0427;12.8038;0.5335;128.9896
turkish;0.0000;0.1857;24.6982;16.7131;0.1857;42.3398;15.5060;0.3714;133.4337
turkish;0.0000;0.2235;24.9162;15.5307;0.5587;43.9106;14.8603;0.0000;131.1388
turkish;0.0000;0.6041;25.7551;14.8819;0.6041;43.3278;14.1680;0.6590;133.6947
turkish;0.0000;0.1871;26.1385;16.0948;0.5614;43.4810;13.1628;0.3743;132.0119
turkish;0.0000;0.1019;28.4404;13.0479;0.1019;45.4638;12.5382;0.3058;129.1946
turkish;0.0000;0.2360;25.8997;14.5133;0.3540;44.6018;13.9233;0.4720;133.2692
turkish;0.0000;0.3484;25.6098;15.4181;0.2613;42.5087;15.0697;0.7840;131.1707
turkish;0.0000;0.4854;26.3754;14.5631;0.4854;43.3657;14.0777;0.6472;132.0856
turkish;0.0000;0.0000;27.4311;13.6430;0.4354;45.7184;12.0464;0.7257;134.1981
turkish;0.0000;0.1825;24.5742;16.1800;0.1825;43.3090;15.2676;0.3041;132.7553
turkish;0.0000;0.3887;25.9475;14.0914;0.7775;44.4121;13.3139;1.0690;133.1783
turkish;0.0000;0.3720;25.8185;14.5089;0.2976;45.0149;13.8393;0.1488;131.2000
turkish;0.0000;0.3534;26.6196;13.3098;0.3534;46.7609;12.3675;0.2356;132.2993
turkish;0.0000;0.6504;24.5528;15.1220;0.6504;45.2033;13.6585;0.1626;133.0882
turkish;0.0000;0.4053;27.8622;13.5765;0.4053;44.0729;13.4752;0.2026;127.0998
turkish;0.0000;0.0954;25.2863;14.9809;0.1908;43.9885;14.5992;0.8588;134.1812
turkish;0.0000;0.3313;25.8735;14.4277;0.3012;44.6988;14.1265;0.2410;131.6812
turkish;0.0000;0.4533;26.2013;13.7806;0.7253;45.1496;13.3273;0.3626;134.8416
turkish;0.0000;0.4742;25.0790;14.8051;0.3161;44.8894;14.3836;0.0527;132.3404
turkish;0.0000;0.4179;24.6552;15.4618;0.5850;42.8751;15.0439;0.9611;133.9752
turkish;0.0000;0.7345;32.0042;10.5981;0.8395;45.1207;10.3882;0.3148;121.1039
turkish;0.0000;0.0000;25.7319;14.6379;0.0000;44.8382;14.0216;0.7704;136.5000
turkish;0.0000;0.1807;26.2873;14.7245;0.1807;43.8121;14.4535;0.3613;132.7407
turkish;0.0000;0.7109;25.3555;15.0474;0.7109;43.7204;14.0995;0.3555;130.7116
turkish;0.0000;0.1157;23.8866;16.3100;0.1157;42.9728;16.1943;0.4049;136.2250
turkish;0.0000;0.7944;24.9255;14.8957;0.8937;43.6941;14.5978;0.1986;131.6913
turkish;0.0000;0.0556;25.9444;14.8889;0.2222;44.3889;14.1111;0.3889;131.4982
turkish;0.0000;0.2973;23.1272;17.0630;0.7134;42.1522;15.9929;0.6540;134.4181
turkish;0.0000;0.2250;26.7717;13.7233;0.2250;44.7694;13.8358;0.4499;129.5956
turkish;0.0000;0.1156;29.1329;12.7168;0.1156;44.8555;12.7168;0.3468;123.7931
turkish;0.0000;0.1661;28.0731;12.2924;0.1661;46.6777;12.2924;0.3322;128.3544
turkish;0.0000;0.1534;27.4540;12.5767;0.1534;46.6258;12.5767;0.4601;128.9954
turkish;0.0000;0.2116;28.3598;12.5926;0.2116;45.5026;12.6984;0.4233;128.4014
turkish;0.0000;0.5658;28.4300;12.0226;0.5658;46.1103;12.0226;0.2829;126.7241
turkish;0.0000;0.6667;29.3333;12.6667;0.6667;43.0000;12.6667;1.0000;122.6316
turkish;0.0000;0.0000;25.6243;15.0923;0.0000;43.4311;15.6352;0.2172;129.1667
turkish;0.0000;0.0703;24.1913;14.9086;0.0000;44.7961;15.7525;0.2813;136.1582
turkish;0.0000;0.1574;22.8227;16.5268;0.1574;42.9171;17.2088;0.2099;133.7849
turkish;0.0000;0.5316;27.6412;13.2226;0.5316;44.3854;13.0897;0.5980;129.6907
turkish;0.0000;0.3788;27.4621;13.6364;0.3788;44.6970;13.4470;0.0000;125.5072
turkish;0.1571;0.2618;23.9791;15.3927;0.3141;43.7173;15.2356;0.9424;134.1858
turkish;0.0000;0.0833;23.6667;16.7500;0.0833;42.8333;16.1667;0.4167;131.5033
turkish;0.4398;0.7916;23.6588;15.6552;0.7916;41.8646;15.9191;0.8795;135.9420
turkish;0.0000;0.0000;28.7302;12.4603;0.1587;46.1905;12.3016;0.1587;126.9620
turkish;0.0000;0.0964;27.4831;13.7898;0.2893;44.7445;13.5005;0.0964;126.9767
turkish;0.0000;0.0956;25.6570;15.2413;0.1433;43.0483;15.3846;0.4300;130.6656
turkish;0.0000;0.2670;26.4686;13.7183;0.2670;45.0935;13.9186;0.2670;131.0420
turkish;0.0000;0.3540;27.1976;13.5693;0.3540;44.6018;13.5693;0.3540;126.5869
turkish;0.0000;0.3256;27.2431;13.1331;0.2894;45.3329;13.3502;0.3256;128.7679
turkish;0.0000;0.1621;27.1475;13.9384;0.4862;43.5170;14.5057;0.2431;127.1768
turkish;0.0000;0.6959;27.4878;13.7091;0.6263;43.8413;13.5699;0.0696;126.0000
turkish;0.0000;0.7802;28.7386;12.8088;0.6502;44.1482;12.8088;0.0650;124.1986
turkish;0.0000;0.2871;28.8995;11.6746;0.2871;47.0813;11.5789;0.1914;129.4753
turkish;0.0000;0.1742;28.0488;13.0662;0.1742;45.4704;12.8920;0.1742;128.3379
turkish;0.0000;0.3398;24.9377;14.1789;1.1552;44.6433;14.0883;0.6569;131.3876
turkish;0.0000;0.0000;26.7262;13.9724;0.0000;45.3290;13.2413;0.7311;132.6260
turkish;0.0000;0.0000;25.4341;15.8325;0.1021;43.6159;14.9132;0.1021;130.7047
turkish;0.0000;0.0000;24.5828;14.6983;0.0000;44.9294;15.0193;0.7702;136.9121
turkish;0.0000;0.3046;27.2081;12.9949;0.3553;45.5838;13.5025;0.0508;131.2709
turkish;0.0000;0.7657;25.5743;13.9357;0.7657;44.4104;14.5482;0.0000;132.7320
turkish;0.0000;0.5659;22.7971;16.3298;0.4850;41.3905;18.0275;0.4042;136.5591
turkish;0.0000;0.4065;26.5389;13.8211;0.4065;44.5412;14.1696;0.1161;129.4618
turkish;0.0000;0.2540;27.9424;12.9551;0.2540;45.1312;13.2938;0.1693;127.7322
turkish;0.0000;0.4138;27.4483;13.5172;0.4138;44.1379;13.6552;0.4138;128.2805
turkish;0.0000;0.4444;27.0476;13.5238;0.3175;44.6984;13.8413;0.1270;128.8639
turkish;0.0000;0.5256;26.2812;12.8778;0.6570;44.4152;14.5861;0.6570;134.1935
turkish;0.0000;0.3901;22.1843;16.3335;0.4876;42.2233;17.7962;0.5851;139.0461
turkish;0.0000;0.0665;26.0146;14.6374;0.1996;43.9787;14.6374;0.4657;128.9419
turkish;0.0000;0.6165;26.8804;13.4402;0.6165;44.6363;13.8101;0.0000;131.0621
turkish;0.0000;0.0000;25.6805;14.0828;0.1183;44.8521;14.3195;0.9467;134.8399
turkish;0.0000;0.1748;26.2238;14.8601;0.1748;44.4056;14.0734;0.0874;132.4786
turkish;0.0000;0.8410;27.2936;14.7554;0.9939;41.8960;13.9908;0.2294;124.8244
turkish;0.0000;0.0000;24.1512;15.8232;0.0000;44.0743;15.7591;0.1922;136.1749
turkish;0.0000;0.4689;25.8540;14.2666;0.7368;44.3403;14.3336;0.0000;130.5286
turkish;0.0000;0.1901;23.7643;15.7795;0.1901;44.6768;15.3992;0.0000;137.5385
turkish;0.0000;0.1564;26.8960;14.3081;0.0782;43.9406;13.7608;0.8600;134.0789
turkish;0.0000;0.1691;26.7963;14.6238;0.1691;43.9560;14.2857;0.0000;129.6044
turkish;0.0000;0.0000;25.0871;14.6341;0.0000;45.2962;14.9826;0.0000;135.4651
turkish;0.0000;1.2769;24.6608;15.0838;1.1173;42.3783;14.6848;0.7981;132.0253
turkish;0.0000;0.1743;26.6124;14.5264;0.2905;43.5793;14.2940;0.5230;129.3900
turkish;0.0000;0.0000;29.1045;12.3134;0.0000;46.0821;12.3134;0.1866;127.3810
turkish;0.0000;0.3396;27.0798;13.9219;0.0849;44.3124;13.7521;0.5093;130.0554
turkish;0.0000;0.1786;28.2143;12.6786;0.1786;45.7143;12.6786;0.3571;128.2486
turkish;0.0000;0.3205;28.5256;12.3397;0.3205;45.6731;12.5000;0.3205;127.2727
turkish;0.0000;0.5190;25.0865;15.3979;0.5190;42.2145;15.9170;0.3460;130.6818
turkish;0.0000;0.1094;25.4830;14.5461;0.1094;43.8935;14.4732;1.3853;134.5379
turkish;0.0000;0.0000;26.4388;13.6691;0.0000;45.9532;13.6691;0.2698;132.1586
turkish;0.0000;0.3300;26.0726;14.9175;0.3960;43.6964;14.4554;0.1320;128.9749
turkish;0.0000;0.3470;25.7517;14.8805;0.3470;43.4850;14.9576;0.2313;132.0649
turkish;0.0000;0.0000;25.4881;15.1844;0.1085;43.6009;15.2928;0.3254;131.5018
turkish;0.0000;1.0840;24.4806;15.3568;1.6260;41.5537;14.9051;0.9937;132.7988
turkish;0.0000;0.3411;27.4898;13.7790;0.8186;44.1337;13.1651;0.2729;125.9794
turkish;0.0000;0.2378;29.7265;11.5339;0.2378;46.6112;11.2961;0.3567;126.3838
turkish;0.0000;0.5084;27.7415;12.7814;0.5084;45.1707;12.9267;0.3631;129.7076
turkish;0.0000;0.3984;28.6853;11.7530;0.3984;46.4143;11.7530;0.5976;128.2609
turkish;0.0000;0.5787;26.8519;13.4259;0.5787;44.5602;13.1944;0.8102;130.6985
turkish;0.0000;0.0000;26.2967;15.5609;0.0000;44.9940;12.7865;0.3619;135.3053
turkish;0.0000;1.1004;26.0660;14.5117;1.1692;42.9849;14.0303;0.1376;127.5138
turkish;0.0000;0.2285;24.6763;15.3846;0.2285;43.1835;15.2323;1.0663;132.8715
turkish;0.0000;0.2188;25.8206;13.7856;0.3282;45.2954;13.6761;0.8753;134.0463
turkish;0.0000;0.0000;25.1732;15.2425;0.0000;44.1109;15.4734;0.0000;131.5985
turkish;0.0000;0.8052;25.3623;15.1369;0.9662;42.9952;14.0097;0.7246;134.2742
turkish;0.0000;0.0000;27.2947;14.3720;0.0000;44.0821;14.0097;0.2415;128.4585
turkish;0.0000;0.0000;26.6470;13.3727;0.0983;45.7227;13.9626;0.1967;134.1667
turkish;0.0000;0.1985;25.4136;14.6261;0.3309;43.8120;15.2879;0.3309;135.4322
turkish;0.0000;0.5188;28.2750;12.3217;0.5188;45.3956;12.5811;0.3891;128.4823
turkish;0.0000;0.0448;24.9327;15.0673;0.0000;44.8430;14.8879;0.2242;133.0709
turkish;0.0000;0.0655;26.0813;14.8755;0.0655;42.6606;15.0066;1.2451;134.1731
turkish;0.1131;0.7914;25.4381;14.2453;0.7914;44.0362;14.2453;0.3392;130.8378
turkish;0.0000;0.1934;24.3230;15.4255;0.2901;44.0039;15.6190;0.1451;131.2308
turkish;0.0000;0.6560;24.1254;16.1808;0.7289;42.7114;15.3790;0.2187;131.9298
turkish;0.0000;0.1132;25.8714;14.5767;0.2037;44.1603;14.8031;0.2716;130.2965
turkish;0.0000;0.7928;24.8018;15.2888;0.9060;44.0544;14.0430;0.1133;137.6953
turkish;0.0000;1.4075;25.5454;14.5672;1.4778;42.2942;14.4968;0.2111;127.8409
turkish;0.0000;0.0000;29.2969;12.3698;0.0000;45.9635;12.2396;0.1302;126.4033
turkish;0.0000;1.3462;26.5881;13.8830;1.4724;42.8271;13.7989;0.0841;125.0166
turkish;0.0000;1.0998;26.0575;14.8054;1.0152;42.3012;14.5516;0.1692;127.5960
turkish;0.0000;0.2613;27.1718;13.4553;0.2613;45.3298;13.5206;0.0000;129.7521
turkish;0.0000;0.1823;27.4605;13.7303;0.1823;44.8360;13.4872;0.1215;128.6555
turkish;0.0000;0.2123;25.9023;14.8620;0.2831;43.9490;14.7912;0.0000;130.0116
turkish;0.1601;0.3203;25.7006;13.9311;0.4003;44.8359;14.3315;0.3203;133.6461
turkish;0.1027;0.2567;29.8255;11.9097;0.2567;44.4045;12.7310;0.5133;126.2200
turkish;0.0000;0.4808;26.9231;12.9808;0.4808;45.6731;13.4615;0.0000;128.7879
turkish;0.0000;0.1953;28.4180;12.2070;0.1953;46.1914;12.5977;0.1953;128.7284
turkish;0.0000;0.3247;28.4091;11.8506;0.3247;46.9156;12.0130;0.1623;129.4574
turkish;0.0000;0.3960;27.5248;12.2772;0.3960;46.7327;12.4752;0.1980;130.9148
turkish;0.1325;0.6623;26.0927;13.7748;0.6623;43.5762;14.7020;0.3974;130.0640
turkish;0.0000;0.7163;24.3553;15.4728;0.8596;42.9799;15.3295;0.2865;131.0658
turkish;0.0000;0.8468;27.2517;14.1647;0.7698;42.6482;14.0108;0.3079;128.6232
turkish;0.0000;0.7236;26.1939;15.1954;0.4342;42.1129;15.0507;0.2894;124.6606
turkish;0.0000;0.4862;24.6353;16.0454;0.4862;42.1394;15.8833;0.3241;127.8061
turkish;0.0000;0.0936;26.2985;14.3191;0.4212;43.6593;14.6935;0.5147;129.0630
turkish;0.0000;0.0934;24.5565;15.4995;0.0934;43.9776;15.0327;0.7470;134.7759
turkish;0.0000;0.3546;23.9362;15.3369;0.5319;43.9716;15.4255;0.4433;135.0501
turkish;0.0000;0.1484;28.9318;11.8694;0.1484;47.0326;11.7211;0.1484;130.6024
turkish;0.0000;0.7667;25.8488;14.3483;0.6572;43.9211;14.2388;0.2191;129.4014
turkish;0.0000;0.6604;27.1698;13.5849;0.8491;43.4906;14.0566;0.1887;128.0597
turkish;0.0000;0.2833;27.7620;12.6062;0.2833;46.3173;12.3229;0.4249;128.6334
turkish;0.0000;0.9583;27.0011;13.7542;0.7328;43.6866;13.6979;0.1691;126.0262
turkish;0.0000;0.0000;28.0539;13.4794;0.2527;45.8298;11.7102;0.6740;132.2751
turkish;0.0000;0.4062;26.3201;15.0284;0.3249;42.7295;13.8099;1.3810;131.1518
turkish;0.0000;0.0973;24.1245;15.7588;0.0973;42.9961;16.0506;0.8755;131.9508
turkish;0.0000;0.0000;24.5345;15.1150;0.0000;44.7974;14.3483;1.2048;137.2727
turkish;0.0000;0.0000;24.5997;17.6128;0.0000;42.2125;15.5750;0.0000;131.1475
turkish;0.0000;0.0000;23.5723;16.6464;0.1215;43.1349;16.4034;0.1215;134.0509
turkish;0.0000;0.0663;26.1110;15.0564;0.1548;43.0024;15.2996;0.3095;128.7447
turkish;0.0000;0.2357;28.4620;13.2587;0.1768;44.0189;13.0819;0.7661;127.1415
turkish;0.0000;0.3494;26.4151;13.5570;0.3494;45.0734;13.9064;0.3494;132.1226
turkish;0.0000;0.1169;27.6447;13.8515;0.1169;44.8276;13.2086;0.2338;128.8553
turkish;0.0000;0.3960;27.7228;13.3663;0.3960;44.6535;13.2673;0.1980;127.6899
turkish;0.0000;0.1781;28.0879;13.3610;0.1781;44.3587;13.1235;0.7126;128.8650
turkish;0.0000;0.1075;25.4839;14.5161;0.1075;44.3011;14.0860;1.3978;134.7985
turkish;0.0000;0.0000;27.3392;13.5965;0.0000;45.7602;12.4269;0.8772;132.3944
turkish;0.0000;0.4141;27.1222;12.8364;0.4141;46.1698;12.8364;0.2070;129.9003
turkish;0.1472;0.8830;26.2693;14.0545;0.8830;42.8992;13.7601;1.1038;129.2200
turkish;0.0000;0.1575;28.1890;14.1732;0.1575;43.9370;13.2283;0.1575;126.6010
turkish;0.0000;1.3393;24.9107;15.0000;1.3393;42.3214;14.9107;0.1786;129.6784
turkish;0.0000;0.3202;27.3102;13.5865;0.3202;44.9222;13.3577;0.1830;129.5540
turkish;0.0000;0.3721;25.2997;14.9649;0.6201;43.6957;14.8822;0.1654;130.8468
turkish;0.0000;0.2022;27.0981;12.9424;0.2022;46.5116;12.9424;0.1011;130.8186
turkish;0.0000;0.1361;25.4422;14.0136;0.1361;46.1224;13.7415;0.4082;135.2018
turkish;0.0000;0.1092;26.0917;13.8646;0.1092;46.0699;13.4279;0.3275;132.8647
turkish;0.0000;0.6645;25.5482;14.1860;0.6645;43.8206;14.4186;0.6977;131.2500
turkish;0.0000;0.1259;28.5894;11.9647;0.1259;47.2292;11.8388;0.1259;130.1230
turkish;0.0000;0.4845;27.8101;14.3411;0.0969;43.8953;13.1783;0.1938;127.0710
turkish;0.0000;1.0400;25.9442;14.5047;1.2589;43.0213;14.0668;0.1642;126.7011
turkish;0.0000;1.5162;28.4113;12.8543;1.5162;43.0455;12.3929;0.2637;124.2392
turkish;0.0000;0.2398;28.7770;13.4293;0.2398;44.1247;13.1894;0.0000;123.3333
turkish;0.0000;0.4601;27.7607;13.1135;0.4601;44.9387;12.9601;0.3067;127.3709
turkish;0.0751;0.3005;26.7468;13.8993;0.3757;44.7032;13.6739;0.2254;128.7915
turkish;0.0000;0.1114;25.9465;13.9198;0.1114;45.8797;13.9198;0.1114;133.3955
turkish;0.0000;0.4531;27.2492;13.5922;0.4531;44.7896;13.2686;0.1942;126.9041
turkish;0.0000;1.2563;24.2462;16.2060;1.7588;40.4523;16.0804;0.0000;124.8485
turkish;0.0000;1.7316;23.2143;15.8009;1.5152;41.5584;15.8009;0.3788;130.0433
turkish;0.0000;0.2653;26.1273;13.9257;0.2653;45.2255;14.0584;0.1326;130.5263
turkish;0.0000;0.1453;25.2179;15.2237;0.3486;43.1145;15.3109;0.6392;131.0509
turkish;0.0000;0.0775;26.0263;14.6398;0.1549;43.6871;14.7947;0.6197;129.3601
turkish;0.0000;0.1613;27.0968;13.5484;0.1613;44.1935;13.8710;0.9677;129.8153
turkish;0.0000;0.5727;27.1478;13.0584;1.2600;44.2153;13.6312;0.1145;126.2970
turkish;0.0000;0.2587;26.8435;13.5188;0.3234;45.4075;13.3894;0.2587;129.3936
turkish;0.0000;0.3490;28.9703;11.6928;0.3490;46.9459;11.5183;0.1745;127.7174
turkish;0.2129;0.3549;27.3953;13.4847;0.5678;44.3577;13.4847;0.1419;125.7426
turkish;0.0000;0.4071;29.1723;11.3976;0.4071;47.2185;11.2619;0.1357;127.5424
turkish;0.0000;0.5445;27.9492;11.9782;0.5445;46.8240;11.7967;0.3630;129.7143
turkish;0.0000;0.2990;25.8074;14.7727;0.2990;43.8098;14.6830;0.3289;129.7852
turkish;0.0000;0.1386;28.2051;13.3749;0.1386;44.3520;13.5828;0.2079;126.4317
turkish;0.4570;0.4570;28.5192;12.7971;1.0055;43.3272;13.0713;0.3656;123.0769
turkish;0.0000;0.0000;25.0547;14.5514;0.0000;45.6236;14.6608;0.1094;136.9403
turkish;0.0000;0.5780;24.6821;15.4913;0.5780;42.1387;16.1272;0.4046;128.7138
turkish;0.0000;0.1401;28.2913;13.8655;0.2801;43.6975;13.1653;0.5602;125.0545
turkish;0.0000;0.4657;23.6321;15.1339;0.4657;44.3539;15.2503;0.6985;133.9552
turkish;0.0000;0.3284;26.2726;14.1215;0.4926;44.1708;14.6141;0.0000;129.8942
turkish;0.0000;0.2088;28.3925;13.7787;0.2088;43.6326;13.7787;0.0000;123.3553
turkish;0.0000;0.4410;24.9173;15.1047;0.4410;42.7784;15.4355;0.8820;129.8932
turkish;0.0000;0.0834;25.5940;14.7145;0.0834;44.2684;14.5894;0.6669;132.4658
turkish;0.0000;0.1913;25.5102;14.9872;0.1913;43.8138;14.9235;0.3827;130.9671
turkish;0.0000;0.4261;27.2727;13.4943;0.3551;44.3892;13.0682;0.9943;132.8324
turkish;0.0000;0.2104;26.7677;14.2677;0.2104;43.4764;14.1414;0.9259;129.7334
turkish;0.0000;0.0000;28.0827;12.8878;0.0000;44.3119;12.5696;2.1480;134.1755
turkish;0.0000;0.3494;27.4633;13.5570;0.3494;44.6541;13.4172;0.2096;127.3023
turkish;0.0000;0.2564;26.4103;14.2308;0.2564;43.2051;14.8718;0.7692;130.8617
turkish;0.0414;0.2484;25.2588;14.6998;0.3313;44.3478;14.6998;0.3727;130.6242
turkish;0.0000;0.3248;27.2854;13.6891;0.2784;44.4548;13.5963;0.3712;127.2923
turkish;0.0000;0.1022;25.5303;15.1802;0.1022;43.9049;15.0268;0.1533;130.0448
turkish;0.0000;0.0000;26.8734;13.5659;0.3876;45.3488;13.5659;0.2584;129.5547
turkish;0.0000;0.0000;27.0519;12.9816;0.0838;46.3149;12.9816;0.5863;132.3288
turkish;0.0000;0.3750;26.6250;13.8750;0.3750;45.0000;13.5000;0.2500;129.3436
turkish;0.0000;0.4039;27.7553;13.3006;0.5193;44.2874;13.3006;0.4328;128.0000
turkish;0.0000;0.7310;26.3158;13.3041;1.0234;44.9561;13.3041;0.3655;127.8579
turkish;0.0000;0.0622;26.8202;14.3124;0.0933;44.2750;14.1257;0.3111;128.7718
turkish;0.0000;0.0909;28.2253;13.0830;0.0909;44.9122;13.4161;0.1817;127.7401
turkish;0.0000;0.6816;25.0200;14.9158;0.7217;43.5846;14.7153;0.3609;131.4636
turkish;0.0000;0.5090;27.8778;13.2341;0.5873;44.6750;12.9601;0.1566;127.0988
turkish;0.0000;0.2715;24.1629;16.0633;0.3167;42.1267;16.3348;0.7240;131.9259
turkish;0.0000;0.1600;25.4400;15.2000;0.3200;43.3600;15.3600;0.1600;128.8000
turkish;0.0000;0.0937;23.2427;16.4011;0.0937;42.6429;16.8697;0.6560;133.8509
turkish;0.0000;0.0000;22.0759;16.9636;0.0000;42.7576;17.5833;0.6197;137.4168
turkish;0.0000;0.1833;25.4812;15.8570;0.1833;42.2854;15.7042;0.3055;128.6361
turkish;0.0000;0.2410;24.7791;15.3414;0.2008;43.6145;15.6627;0.1606;130.4264
turkish;0.0000;0.4060;26.5223;14.8850;0.1353;42.4899;15.0203;0.5413;128.2851
turkish;0.0000;0.1570;27.3155;13.1868;0.1570;44.7410;12.8728;1.5699;136.7876
turkish;0.0000;0.8170;26.6340;13.3987;0.8170;44.7712;11.7647;1.7974;136.1413
turkish;0.0000;0.4390;26.0755;15.1888;0.4390;42.7568;14.3108;0.7902;130.2228
turkish;0.0000;0.2227;23.6080;14.0312;0.2227;44.5434;14.0312;3.3408;146.1538
turkish;0.0000;0.5701;26.1565;14.7775;0.6358;42.7976;14.6021;0.4604;128.1636
turkish;0.0000;0.3533;27.4185;13.8315;0.1630;43.6957;14.0761;0.4620;128.7886
turkish;0.0426;0.8092;27.7257;13.1175;0.7666;44.2078;13.0750;0.2555;125.0646
turkish;0.0000;0.0856;27.0548;14.1267;0.0856;43.5788;14.3836;0.6849;129.9145
turkish;0.0000;0.3145;25.6289;15.0157;0.3145;42.6101;15.7233;0.3931;132.0755
turkish;0.0000;0.0000;25.5556;15.0794;0.0000;42.2222;14.6825;2.4603;135.6275
turkish;0.0000;0.6051;25.7186;14.5234;0.6051;43.8729;14.0696;0.6051;132.3155
turkish;0.0000;0.0372;25.8101;14.5624;0.0000;44.3948;14.7486;0.4469;131.7013
turkish;0.0000;0.1781;26.9683;14.0363;0.2138;43.8903;14.4638;0.2494;127.4792
turkish;0.0000;0.0659;23.9947;15.2274;0.1318;43.9024;16.2162;0.4614;137.3614
turkish;0.0000;0.1748;24.6503;16.2587;0.1748;41.2587;15.0350;2.4476;130.8782
turkish;0.0000;2.4575;26.6541;13.4216;2.4575;41.0208;12.2873;1.7013;126.9231
turkish;0.0000;0.0000;27.1833;14.0221;0.0000;44.2804;14.2681;0.2460;128.6550
turkish;0.0000;0.1409;20.4791;19.0230;0.1409;42.0385;17.8957;0.2818;134.0321
turkish;0.0000;0.2123;24.4161;15.2866;0.0849;44.5435;15.3715;0.0849;132.6351
turkish;0.0000;0.0000;28.7572;12.7168;0.0000;45.6647;12.7168;0.1445;126.8519
turkish;0.0000;0.1178;23.6749;16.3722;0.1178;43.3451;16.1366;0.2356;131.6850
turkish;0.0000;0.0000;21.5909;16.6667;0.0000;43.7500;16.8561;1.1364;141.2308
turkish;0.0000;0.0000;19.9105;17.6734;0.0000;44.0716;17.6734;0.6711;142.7007
turkish;0.0000;0.0000;27.3743;14.5251;0.0000;43.8547;13.9665;0.2793;125.8621
turkish;0.0000;0.3970;25.6286;14.8655;0.3970;43.5818;14.7772;0.3529;130.6753
turkish;0.0000;0.5599;25.4573;14.4457;0.5226;43.7850;14.5577;0.6719;132.6865
turkish;0.0000;0.3101;26.2016;16.4341;0.0000;40.3101;16.5891;0.1550;122.1957
turkish;0.0000;0.1079;24.9865;15.4884;0.1619;43.8748;15.2186;0.1619;133.7262
turkish;0.0000;0.0991;24.7770;15.4609;0.0000;43.7066;15.7582;0.1982;130.8800
turkish;0.0000;0.0849;25.8968;14.3706;0.1698;44.4279;14.2857;0.7642;132.1934
turkish;0.0000;0.0362;26.0224;14.5856;0.0724;44.3721;14.5132;0.3981;131.1758
turkish;0.0000;0.0000;26.1442;14.1701;0.0000;45.3537;14.1933;0.1387;132.0075
turkish;0.0000;0.0903;26.1086;14.2328;0.0903;44.4414;14.6212;0.4154;131.6819
turkish;0.0000;0.4149;23.6515;16.5975;0.4149;43.0152;15.9059;0.0000;132.1586
turkish;0.0678;0.1357;26.8144;14.2211;0.1583;44.3816;13.9272;0.2939;130.5228
turkish;0.0000;0.1744;25.3380;14.8713;0.1744;43.9599;15.2202;0.2617;131.5126
turkish;0.0000;0.0467;26.0849;14.6057;0.0467;44.5170;14.1857;0.5133;132.3308
turkish;0.0000;1.2048;22.7108;16.0241;1.1446;42.2289;15.8434;0.8434;134.8425
turkish;0.0000;1.3787;19.2096;16.2684;1.3787;43.9338;17.2794;0.5515;147.6780
turkish;0.0000;0.0000;26.4851;14.5627;0.0000;43.5644;14.6040;0.7838;131.8243
turkish;0.0000;0.2535;27.1229;13.3080;0.2535;45.3739;13.3080;0.3802;132.4731
turkish;0.0632;0.1263;25.2053;14.6557;0.1263;44.1567;15.0347;0.6317;134.3683
turkish;0.0000;0.0348;25.8008;14.3802;0.0348;44.5334;14.3802;0.8357;134.2857
turkish;0.0000;0.2488;27.4461;13.1841;0.3317;44.6932;13.3499;0.7463;129.2350
turkish;0.0000;0.1606;29.2369;11.8876;0.1606;46.4257;11.8072;0.3213;129.6053
turkish;0.0000;0.1934;24.3069;15.6028;0.1934;42.6821;15.6028;1.4184;133.9806
turkish;0.0000;0.5034;25.1678;16.1074;0.5034;42.1141;14.7651;0.8389;131.2329
turkish;0.0000;0.9247;25.8917;15.1915;0.9247;42.4042;14.2668;0.3963;128.2105
turkish;0.0826;0.7438;24.2975;15.7025;0.6612;42.3967;15.1240;0.9917;132.7078
turkish;0.0000;0.3589;24.4019;16.8660;0.3589;41.7464;15.6699;0.5981;129.9810
turkish;0.0000;0.7143;23.0357;17.5000;0.7143;41.0714;16.2500;0.7143;133.2362
turkish;0.0000;0.4839;24.3548;16.4516;0.4839;43.0645;14.3548;0.8065;135.7895
turkish;0.0000;0.7364;24.5950;16.4948;0.7364;41.6789;15.1694;0.5891;130.1402
turkish;0.0000;1.0145;23.7681;16.8116;1.0145;41.1594;15.6522;0.5797;130.8046
turkish;0.0000;0.6873;22.5086;18.0412;0.6873;41.0653;16.4948;0.5155;133.2410
turkish;0.0000;0.9063;19.0332;19.9396;0.9063;40.1813;18.7311;0.3021;136.0577
turkish;0.0000;0.5855;25.8782;15.4567;0.5855;42.7400;13.9344;0.8197;131.4176
turkish;0.0000;0.9682;22.4066;17.4274;1.1065;41.0788;15.9059;1.1065;133.7004
turkish;0.0000;1.0659;25.3876;15.4070;0.9690;42.2481;14.4380;0.4845;129.0520
turkish;0.0000;0.3690;26.9373;15.3137;0.3690;42.4354;13.8376;0.7380;127.7457
turkish;0.0000;0.8299;25.0346;15.3527;0.8299;42.7386;14.5228;0.6916;130.9577
turkish;0.0000;0.4121;25.5495;15.9341;0.4121;42.5824;14.5604;0.5495;129.5652
turkish;0.0000;0.0848;26.6327;13.5708;0.0848;45.5471;13.4860;0.5937;133.8527
turkish;0.0000;0.1155;27.0208;13.8568;0.1155;44.5727;13.3949;0.9238;130.5400
turkish;0.0000;0.2890;23.9660;14.8456;0.3070;44.7715;14.8636;0.9572;136.0964
turkish;0.0000;0.3254;29.2842;12.3644;0.2169;45.3362;12.2560;0.2169;125.6667
turkish;0.0000;0.1431;26.8956;13.7339;0.2861;45.0644;12.5894;1.2876;133.7931
turkish;0.0000;0.0652;27.1363;13.1768;0.0652;45.6621;13.5029;0.3914;129.6781
turkish;0.0000;0.0923;25.3924;14.2198;0.1847;45.8910;14.1274;0.0923;131.7852
turkish;0.0000;1.0732;26.9886;13.4154;0.8523;43.5922;13.4470;0.6313;128.5209
turkish;0.0000;0.0000;27.6018;13.3484;0.0000;45.4751;13.5747;0.0000;129.1045
turkish;0.0000;0.0000;28.2660;13.1829;0.0000;44.4181;13.8955;0.2375;128.7968
turkish;0.0000;0.5208;24.3490;15.7552;0.5208;42.7083;15.3646;0.7812;134.7458
turkish;0.0000;0.3367;27.4074;13.9394;0.3367;44.3098;13.6027;0.0673;126.0460
turkish;0.0000;0.1309;25.5890;15.0524;0.0654;44.3717;14.7251;0.0654;129.7242
turkish;0.0000;0.0000;23.7762;15.9674;0.0000;44.0559;15.9674;0.2331;133.0116
turkish;0.0000;0.4399;25.9564;14.5945;0.4782;43.8026;14.4223;0.3060;130.3385
turkish;0.0000;0.2179;24.7458;15.1816;0.2906;43.5835;15.2058;0.7748;132.1500
turkish;0.0000;0.5055;26.3690;14.6588;0.4212;43.7237;14.0691;0.2527;130.3989
turkish;0.0000;0.5607;27.9817;12.9460;0.5607;44.5464;12.9969;0.4077;127.3790
turkish;0.0000;0.2588;28.4679;13.1470;0.2588;43.8923;12.7847;1.1905;127.8970
turkish;0.0000;0.1495;29.8954;11.8087;0.0000;45.7399;11.9581;0.4484;126.6355
turkish;0.0000;0.4194;26.0485;14.5620;0.4660;43.8490;14.2824;0.3728;130.1775
turkish;0.0000;0.0708;28.6827;12.8187;0.1416;45.0071;12.8187;0.4603;127.4147
turkish;0.0000;0.0483;22.6944;18.2521;0.0483;40.3187;18.1555;0.4829;127.4524
turkish;0.0000;0.1795;25.3142;14.9910;0.1795;44.0754;15.2603;0.0000;130.9278
turkish;0.0000;0.0000;26.5823;14.4304;0.0000;44.5570;14.4304;0.0000;129.7521
turkish;0.0000;0.0825;26.7455;14.3211;0.0825;45.1897;13.1666;0.4123;133.1544
turkish;0.0000;0.0960;28.7908;13.4357;0.0960;43.5701;12.9559;1.0557;129.9363
turkish;0.0000;0.2231;25.0976;15.5047;0.2789;42.2755;16.5086;0.1115;129.8308
turkish;0.0000;0.0944;25.8586;14.3633;0.1416;44.7893;14.4695;0.2833;132.7174
turkish;0.0000;0.2128;24.8936;15.1064;0.2128;44.6809;14.6809;0.2128;134.1637
turkish;0.0000;0.1657;29.6603;11.1019;0.1657;46.8931;11.5990;0.4143;127.4936
turkish;0.0000;0.0000;21.6969;17.2280;0.0000;44.1710;16.7098;0.1943;135.0877
turkish;0.0000;0.1934;25.1451;15.2805;0.2579;43.9716;15.0870;0.0645;129.0030
turkish;0.0000;0.3128;28.7452;12.6521;0.3128;45.1164;12.6521;0.2086;128.4444
turkish;0.0000;0.1548;28.3282;13.4675;0.1548;43.6533;13.3127;0.9288;128.0098
turkish;0.0000;0.2971;25.1910;15.1316;0.2971;43.5272;15.1952;0.3608;131.7039
turkish;0.0000;0.2471;27.8856;12.4956;0.2471;45.7819;12.4250;0.9178;130.9786
turkish;0.0000;0.0000;28.5002;12.9048;0.0997;44.8929;13.2038;0.3986;127.9835
turkish;0.0000;0.0000;22.8070;16.4717;0.0000;43.5673;16.8616;0.2924;135.7030
turkish;0.0000;0.3448;26.1280;14.4956;0.3598;43.6216;14.6305;0.4197;129.4891
turkish;0.0000;0.0632;24.8157;15.1675;0.0843;44.4491;14.9147;0.5056;133.4012
turkish;0.0000;0.0000;28.3885;13.1270;0.0000;45.5710;12.8068;0.1067;128.4483
turkish;0.0000;0.2710;27.5519;13.0985;0.2710;45.7091;12.9178;0.1807;129.2576
turkish;0.0000;0.9241;28.1188;13.8614;0.9241;41.9802;14.0594;0.1320;121.9414
turkish;0.0000;0.1190;24.5238;15.8333;0.0595;43.1548;15.9524;0.3571;132.5050
turkish;0.0000;0.0000;23.7126;16.6467;0.0000;42.1557;17.0060;0.4790;134.5833
turkish;0.0000;0.0599;26.4450;14.4055;0.0898;44.6241;14.2857;0.0898;130.1663
turkish;0.0000;0.1978;26.1042;13.9750;0.2637;44.6935;14.3705;0.3955;132.6111
turkish;0.0000;1.9426;28.1221;12.7660;1.7576;41.8131;13.1360;0.4625;124.0981
turkish;0.0000;0.5384;26.0206;14.6254;0.5384;42.9341;14.9843;0.3589;130.3653
turkish;0.0000;0.0000;25.8815;14.1749;0.0000;46.0508;13.7518;0.1410;132.7394
turkish;0.0000;0.7207;24.5495;16.0360;0.7658;42.4775;14.8198;0.6306;130.4768
turkish;0.0000;0.2288;25.6039;14.8996;0.2288;43.8088;15.1030;0.1271;131.6556
turkish;0.0000;0.0000;24.8416;15.3359;0.0000;44.4867;14.7022;0.6337;137.5796
turkish;0.0000;0.0913;28.4018;13.0594;0.0913;44.6575;12.8767;0.8219;128.8922
turkish;0.0000;0.0770;27.1747;14.2417;0.0770;44.0339;14.0878;0.3079;126.2782
turkish;0.0000;0.1602;26.2680;14.1484;0.0000;45.2216;14.1484;0.0534;130.0603
turkish;0.0000;0.3160;26.1717;14.6393;0.3160;43.8652;14.5340;0.1580;128.2700
turkish;0.0000;0.3000;29.2000;11.9000;0.3000;45.2500;12.8000;0.2500;127.7108
turkish;0.0000;0.0000;29.6264;12.3371;0.0000;45.2650;12.5977;0.1738;124.7619
turkish;0.0000;0.0000;25.5734;14.8509;0.0000;44.0940;15.1376;0.3440;131.4471
turkish;0.0000;0.0686;25.6005;15.0995;0.0000;44.3377;14.4818;0.4118;131.9337
turkish;0.0000;0.1399;25.4617;14.7454;0.1679;44.8797;14.4656;0.1399;134.5277
turkish;0.0000;0.6345;26.2601;14.0994;0.5992;44.1311;14.2051;0.0705;129.2404
turkish;0.0000;0.2908;28.8326;12.2144;0.2908;45.4092;12.3390;0.6232;129.2634
turkish;0.0000;0.0000;23.5732;14.6402;0.0000;47.1464;14.6402;0.0000;136.7589
turkish;0.0000;0.0593;25.8593;14.3026;0.0000;44.9427;14.5200;0.3161;132.8852
turkish;0.0000;0.1876;27.3921;13.2270;0.2814;44.8405;13.0394;1.0319;129.8351
turkish;0.0000;0.0637;27.3885;13.1847;0.0000;45.7325;13.3758;0.2548;129.2124
turkish;0.0000;0.1121;28.3072;12.4439;0.1121;45.5717;12.5561;0.8969;129.4766
turkish;0.0000;0.6629;25.1402;15.0943;0.7139;43.3452;14.6354;0.4080;132.0097
turkish;0.0000;0.0000;26.8199;13.1226;0.0000;46.7433;12.9310;0.3831;131.5249
turkish;0.0000;0.2278;28.9294;12.5854;0.1708;45.2164;12.5285;0.3417;126.5639
turkish;0.0000;0.3196;28.0064;13.3440;0.3396;44.6664;13.1642;0.1598;127.8631
turkish;0.0000;0.0000;27.6224;12.3543;0.0000;47.0862;12.4709;0.4662;133.1384
turkish;0.0000;0.2492;25.4983;14.4518;0.1661;45.2658;14.0365;0.3322;134.2780
turkish;0.0000;0.0426;26.5758;14.4378;0.0426;44.3782;14.2249;0.2981;129.6451
turkish;0.0000;0.7416;26.8540;13.8173;0.7806;43.2865;13.7783;0.7416;129.3926
turkish;0.0000;0.0000;15.1220;19.0244;0.0000;44.8780;19.0244;1.9512;158.1197
turkish;0.0000;0.0000;24.6490;14.4306;0.0000;44.3838;15.9126;0.6240;138.7618
turkish;0.0000;0.8170;29.2484;12.5817;0.8170;44.1176;12.2549;0.1634;127.1739
turkish;0.0000;0.1876;27.5797;12.7580;0.1876;46.3415;12.7580;0.1876;128.1337
turkish;0.0000;0.2433;25.0332;16.0548;0.1769;42.3927;15.9664;0.1327;128.2258
turkish;0.0000;0.1531;23.0612;15.6633;0.1531;45.4082;15.2551;0.3061;137.8423
turkish;0.0000;0.4194;26.7419;14.0000;0.4194;43.6774;14.0968;0.6452;130.5870
turkish;0.0000;0.3040;26.6261;14.3465;0.2432;43.6474;14.5897;0.2432;128.3203
turkish;0.0000;0.1488;27.9762;12.8720;0.1488;46.0565;12.5744;0.2232;129.4664
turkish;0.0000;0.0625;20.4375;18.7500;0.0625;41.6875;18.5000;0.5000;134.3109
turkish;0.0000;0.1520;30.0000;12.1581;0.2128;45.3495;11.8541;0.2736;126.9548
turkish;0.0000;0.4176;28.9294;12.9461;0.3417;44.3432;12.6803;0.3417;125.1594
turkish;0.0000;0.2431;25.5305;14.5447;0.2431;44.3413;14.2352;0.8621;133.3453
turkish;0.0000;0.0613;22.6994;15.8896;0.0613;45.7669;15.0920;0.4294;141.7080
turkish;0.0000;0.0000;26.1879;14.3629;0.0000;44.7084;14.2549;0.4860;130.9315
turkish;0.0000;0.1166;25.8741;14.9767;0.1166;43.2984;15.4429;0.1748;131.4066
turkish;0.0000;0.0671;27.6510;13.5570;0.1342;45.0336;13.3557;0.2013;128.0127
turkish;0.0000;0.3306;20.0000;18.2645;0.3306;42.2314;18.3471;0.4959;135.6771
turkish;0.0000;0.1002;26.9539;13.4269;0.1503;45.6413;13.5271;0.2004;131.2143
turkish;0.0000;0.3652;20.4529;18.5537;0.3652;42.5858;17.2389;0.4383;136.5798
turkish;0.0000;0.7220;23.3110;15.8845;0.7736;43.0634;15.8329;0.4126;132.3065
turkish;0.0000;0.8716;27.5421;13.0157;0.8716;44.5671;12.7252;0.4067;127.2727
turkish;0.0000;0.0438;27.8265;13.5846;0.0438;44.6976;13.6284;0.1753;126.8595
turkish;0.0000;0.3962;25.8320;14.0254;0.8716;44.4532;14.0254;0.3962;131.5927
turkish;0.0000;0.0000;23.0057;16.3105;0.0712;44.2308;16.3818;0.0000;133.7572
turkish;0.0000;0.0605;27.7845;13.4988;0.0000;45.1574;13.3172;0.1816;127.1872
turkish;0.0000;0.0000;27.2118;13.6059;0.0000;45.3753;13.6729;0.1340;129.6175
turkish;0.0000;0.0000;27.4278;13.8323;0.0000;44.8603;13.5007;0.3790;128.9256
turkish;0.0000;0.1343;27.4843;13.5184;0.1343;45.2104;13.2050;0.3133;130.0801
turkish;0.0000;0.3565;27.6292;13.4581;0.3565;44.8752;13.2353;0.0891;127.9202
turkish;0.0000;0.0708;30.0778;12.2435;0.0708;44.8691;12.2435;0.4246;125.6818
turkish;0.1464;0.2196;30.6735;11.4202;0.2196;44.6559;12.1523;0.5124;124.4213
turkish;0.0000;0.3571;30.0000;11.9643;0.3571;44.4643;12.5000;0.3571;122.4658
turkish;0.0000;0.2677;29.0495;12.0482;0.2677;45.5154;12.1821;0.6693;129.4118
turkish;0.0000;0.3780;25.0315;15.2877;0.3780;42.7131;15.4557;0.7560;131.7558
turkish;0.0000;0.0000;26.3703;14.0682;0.0000;45.4933;14.0073;0.0609;129.3613
turkish;0.0000;0.1232;22.1675;17.8571;0.1232;41.5025;17.9803;0.2463;130.3605
turkish;0.0000;0.4280;27.9601;13.4094;0.5706;44.0799;12.6961;0.8559;127.5000
turkish;0.0000;0.3659;26.2683;14.1707;0.3171;44.3171;14.1951;0.3659;130.1462
turkish;0.0000;0.0000;28.6424;12.4172;0.0000;46.3576;12.5828;0.0000;129.5265
turkish;0.0000;0.0000;25.8082;14.9387;0.0000;44.3144;14.8272;0.1115;130.4624
turkish;0.0000;0.1917;26.1342;13.6102;0.1917;45.6869;13.5463;0.6390;133.4755
turkish;0.0000;0.0000;29.7114;12.0543;0.0000;46.0102;12.0543;0.1698;127.6882
turkish;0.0000;0.2224;26.0193;15.4188;0.2224;42.5500;14.8999;0.6672;127.6869
turkish;0.0000;0.2613;24.8258;15.5052;0.2613;41.9861;15.6794;1.4808;134.1317
turkish;0.0000;0.5139;27.1069;13.8489;0.5139;43.5252;13.9003;0.5910;130.9853
turkish;0.0000;1.2773;24.2686;15.2452;1.3185;41.9860;14.9567;0.9477;131.6991
turkish;0.0000;0.0665;23.6860;16.8995;0.0665;42.9142;16.2342;0.1331;129.3121
turkish;0.0000;1.0178;24.9364;15.2672;0.0000;41.7303;15.2672;1.7812;132.7801
turkish;0.0000;0.3350;26.6332;14.7404;0.1675;42.2111;15.2429;0.6700;130.7042
turkish;0.0000;0.1182;26.0047;14.2435;0.1182;45.3310;14.1548;0.0296;131.9036
turkish;0.0000;0.0539;26.1456;14.3935;0.1617;43.3962;15.1482;0.7008;130.0086
turkish;0.0000;0.5211;25.9119;14.3534;0.5211;42.7759;14.4008;1.5159;137.6396
turkish;0.0223;0.1558;25.7232;14.5750;0.2003;44.5705;14.5082;0.2448;131.0320
turkish;0.0000;0.0989;26.7480;13.8193;0.0989;44.8879;14.1491;0.1979;130.7609
turkish;0.0000;0.1929;27.2026;14.1479;0.1929;43.5370;14.3408;0.3859;127.2537
turkish;0.0000;0.2577;27.9639;13.5309;0.2577;43.6856;13.6598;0.6443;127.1605
turkish;0.0000;0.0000;25.6374;14.8382;0.0000;44.2853;15.0673;0.1719;131.7490
turkish;0.0000;0.2285;29.0175;12.7190;0.2285;44.8591;12.8713;0.0762;125.6287
turkish;0.0000;0.2941;26.4706;13.3824;0.2941;45.2941;13.5294;0.7353;133.6634
turkish;0.0000;1.0568;26.2880;15.0594;1.0568;41.7437;14.6631;0.1321;126.2582
turkish;0.0000;0.2275;24.4596;15.4721;0.1706;43.8567;15.5290;0.2844;134.8399
turkish;0.0000;0.3868;27.4662;14.1199;0.5803;43.5203;13.7331;0.1934;126.7296
turkish;0.0000;0.0519;27.3624;13.6552;0.0000;45.2233;13.7072;0.0000;129.8456
turkish;0.0000;0.0815;25.0204;14.0179;0.0000;45.9658;14.4254;0.4890;137.7593
turkish;0.0000;0.3795;22.5806;18.2163;0.3795;40.4175;18.0266;0.0000;127.4924
turkish;0.0000;0.1071;26.1242;14.8822;0.1071;45.2891;13.3833;0.1071;131.9398
turkish;0.0000;0.1277;25.9259;14.4317;0.1277;44.7424;14.1762;0.4683;133.0275
turkish;0.0000;0.2203;23.8987;15.5837;0.2203;44.4383;15.3084;0.3304;135.0733
turkish;0.0000;0.4348;27.0569;13.9799;0.4348;43.9130;13.8462;0.3344;128.3262
turkish;0.0000;0.6270;25.0784;15.1254;0.8621;43.2602;14.4201;0.6270;131.7781
turkish;0.0000;0.7509;25.5319;17.0213;0.1252;40.0501;16.2703;0.2503;122.1190
turkish;0.0000;0.0769;27.6326;14.0661;0.0769;43.9662;14.1045;0.0769;126.9920
turkish;0.0000;0.0000;26.7276;14.1062;0.0000;45.0600;13.9920;0.1142;129.0761
turkish;0.0000;0.1282;26.5385;14.3590;0.1282;44.1026;14.4872;0.2564;128.5858
turkish;0.0000;0.1025;27.5243;13.7365;0.1025;44.4387;13.8391;0.2563;127.3317
turkish;0.0000;0.4823;26.6881;14.7910;0.4823;42.6045;14.6302;0.3215;122.3714
turkish;0.0000;0.3704;29.2593;12.0741;0.3704;45.6296;12.1481;0.1481;125.5734
turkish;0.0000;0.4176;25.3132;14.2949;0.4819;44.4587;14.7767;0.2570;133.1961
turkish;0.0000;0.4000;25.4000;13.6000;0.1333;44.4000;14.1333;1.9333;138.2222
turkish;0.0000;0.1052;25.6572;14.3007;0.0000;45.7413;14.1956;0.0000;133.3893
turkish;0.0000;1.0604;26.5111;13.9979;1.0604;42.6299;14.3160;0.4242;127.8333
turkish;0.0000;0.0000;26.9604;13.3921;0.0000;45.3304;13.5683;0.7489;132.5714
turkish;0.0000;0.2028;26.9608;14.2157;0.2197;44.0838;14.2157;0.1014;127.3423
turkish;0.0000;0.6087;23.4783;15.4783;0.6087;44.1739;14.7826;0.8696;137.6374
turkish;0.0000;0.0793;25.1388;14.6709;0.0793;45.2815;14.6709;0.0793;129.4611
turkish;0.0000;0.9677;23.5484;14.8387;0.9677;43.3333;14.4086;1.9355;137.0642
turkish;0.0000;0.2031;27.0512;13.4850;0.2437;44.3136;13.6881;1.0154;131.3043
turkish;0.0000;0.0000;26.4177;14.4537;0.0000;43.9142;14.8686;0.3458;129.7872
turkish;0.0000;0.0000;26.8595;14.0496;0.0000;44.9380;13.5331;0.6198;130.9122
turkish;0.0000;0.1964;25.2553;15.1610;0.1178;43.9120;15.1218;0.2357;131.8710
turkish;0.0000;0.0000;24.8869;16.7421;0.0000;41.3273;16.5913;0.4525;127.0455
turkish;0.0000;0.0000;17.8846;18.0769;0.0000;45.5769;17.3077;1.1538;156.1873
turkish;0.0000;0.6977;28.1395;12.7907;0.6977;44.7674;12.9070;0.0000;128.4685
turkish;0.0000;0.7206;24.2531;15.3826;0.7338;43.1604;15.3957;0.3538;132.3492
turkish;0.0000;0.5546;24.1819;16.4171;0.6101;42.2074;15.5297;0.4992;132.7402
turkish;0.0000;0.2494;25.8105;14.5885;0.2494;44.1397;14.8379;0.1247;129.1089
turkish;0.0000;0.4332;23.8267;15.5957;0.4332;43.8989;15.3069;0.5054;133.7209
turkish;0.0000;0.3390;22.9661;16.2712;0.0847;42.2881;16.6949;1.3559;133.8776
turkish;0.0000;0.0000;21.7918;16.7070;0.0000;44.5521;16.7070;0.2421;138.8889
turkish;0.0000;0.0000;26.5070;13.2122;0.0000;46.3254;13.2122;0.7432;133.9779
turkish;0.0000;0.0600;27.8511;12.7251;0.0000;46.0384;13.2053;0.1200;131.0621
turkish;0.0000;0.2299;28.5057;12.6437;0.2299;45.0575;12.8736;0.4598;126.8382
turkish;0.0000;0.5764;19.8847;17.2911;1.1527;41.4986;18.1556;1.4409;141.5842
turkish;0.0000;0.5859;25.3906;13.4766;0.4883;46.6797;13.1836;0.1953;134.0557
turkish;0.0000;0.5455;23.6364;15.6364;0.3636;42.3636;16.7273;0.7273;134.3284
turkish;0.0000;0.4556;27.1071;13.4396;0.9112;43.7358;14.3508;0.0000;128.3088
turkish;0.0000;0.9112;26.1959;13.6674;0.6834;43.7358;14.8064;0.0000;129.7101
turkish;0.0000;0.4552;23.0147;15.0228;0.4552;45.0177;15.0733;0.9611;137.5407
turkish;0.0000;0.0000;26.9653;12.9332;0.0000;46.9992;12.9332;0.1691;132.6897
turkish;0.0000;1.0969;27.9707;12.4314;0.9141;44.6069;11.8830;1.0969;132.6284
turkish;0.0000;0.1802;26.7568;14.0541;0.1802;44.1441;14.0541;0.6306;128.3747
turkish;0.0000;1.0239;26.6212;12.9693;1.3652;44.0273;12.9693;1.0239;127.2727
turkish;0.0000;0.1313;26.4886;13.3100;0.3065;45.4028;13.6602;0.7005;131.9972
turkish;0.0000;0.2445;25.8557;14.7922;0.2445;43.8875;14.5477;0.4279;130.4519
turkish;0.0000;0.3295;26.6886;13.5091;0.3295;45.7990;13.1796;0.1647;131.9035
turkish;0.0000;0.0000;27.1523;12.9139;0.0000;45.6954;13.2450;0.9934;132.4607
turkish;0.2972;0.5944;24.0713;14.8588;0.8915;43.8336;14.5617;0.8915;134.8780
turkish;0.0000;0.1917;25.2396;13.9297;0.1278;45.9425;13.9936;0.5751;134.9687
turkish;0.0000;0.3296;26.0712;13.7772;0.3626;45.3856;13.6783;0.3955;131.1424
turkish;0.0000;0.3448;26.1303;13.9847;0.2299;45.2107;13.9080;0.1916;130.6481
turkish;0.0557;0.3344;25.2438;14.8509;0.4179;44.3020;14.3215;0.4737;131.9560
turkish;0.0000;0.3291;24.9040;15.1947;0.2194;44.4323;14.6462;0.2743;131.5925
turkish;0.0000;0.3381;23.8675;15.2806;0.3381;44.1684;15.5172;0.4902;134.8007
turkish;0.0000;0.9412;24.2353;15.2941;0.9412;42.3529;15.5294;0.7059;133.7302
turkish;0.0000;0.1067;25.7737;14.3543;0.0000;44.9306;14.3543;0.4803;130.7563
turkish;0.0000;0.5747;27.2031;13.6015;0.5747;44.0613;13.7931;0.1916;128.6624
turkish;0.0000;0.0000;25.9184;13.9796;0.0000;45.2041;14.4898;0.4082;129.7940
turkish;0.0000;0.0878;26.5145;13.5206;0.0000;45.7419;13.6962;0.4390;132.0290
turkish;0.0000;0.0000;25.2525;13.8047;0.0000;44.4444;15.1515;1.3468;134.8315
turkish;0.0000;0.0000;26.8199;13.8570;0.8301;44.0613;13.7931;0.6386;126.7327
turkish;0.0000;0.0000;30.2721;11.2245;0.0000;46.7687;11.3946;0.3401;125.1295
turkish;0.0000;0.7463;26.6998;14.2620;0.6633;43.6982;13.7645;0.1658;127.5995
turkish;0.0000;0.4243;27.5774;12.9402;0.3394;45.1421;13.1523;0.4243;129.9310
turkish;0.0786;0.8641;25.6874;13.9042;0.9427;44.3833;13.9042;0.2357;129.9394
turkish;0.0000;0.6834;24.3736;14.3508;0.6834;43.9636;14.8064;1.1390;135.0943
turkish;0.0000;0.7962;25.7962;13.9331;0.7166;43.9490;14.4108;0.3981;129.2346
turkish;0.0000;0.2092;25.4184;14.4874;0.2615;44.7699;14.3828;0.4707;131.4815
turkish;0.0000;0.2857;27.7143;12.4286;0.1429;46.1429;12.7143;0.5714;131.6667
turkish;0.0000;0.5298;26.2252;14.0397;0.3532;44.5475;14.1280;0.1766;130.6371
turkish;0.0000;1.3333;25.6667;14.3333;1.3333;42.3333;15.0000;0.0000;127.6596
turkish;0.0000;0.0000;27.7941;13.8235;0.1471;44.1176;13.9706;0.1471;125.5814
turkish;0.0000;0.0000;24.6032;15.0794;0.0000;44.9735;15.0794;0.2646;132.4786
turkish;0.0000;0.2245;25.4280;13.6963;0.2245;45.8322;14.3980;0.1965;133.4962
turkish;0.2442;0.9768;23.5653;15.2625;0.9768;42.3687;15.6288;0.9768;130.7252
turkish;0.0000;0.1587;27.9365;12.6984;0.1587;46.4286;12.5397;0.0794;127.9099
turkish;0.0000;0.2478;26.6419;13.5068;0.1239;45.7249;13.5068;0.2478;130.2419
turkish;0.0000;0.7270;24.4750;14.7415;0.5250;43.4976;14.7011;1.3328;134.2156
turkish;0.0000;0.0000;24.3056;15.1620;0.0000;45.3704;15.0463;0.1157;133.3938
turkish;0.0000;0.0000;24.3068;15.0442;0.1180;45.0147;15.1622;0.3540;135.4563
turkish;0.0000;0.4892;23.6547;15.6259;0.3165;43.4820;16.2014;0.2302;133.8462
turkish;0.0000;0.1221;26.8104;12.9780;0.0814;46.7860;12.6932;0.5289;133.3546
turkish;0.4926;0.1970;24.9261;14.9754;0.6897;43.4483;15.0739;0.1970;128.5494
turkish;0.0000;0.4425;28.0973;13.2743;0.2212;44.0265;13.7168;0.2212;124.4828
turkish;0.0000;0.2602;24.9783;14.3105;0.2602;45.7936;14.1370;0.2602;133.6158
turkish;0.0000;2.3381;24.1007;14.7482;2.5180;40.8273;15.4676;0.0000;126.2295
turkish;0.0000;0.2244;26.4363;13.0162;0.2693;46.5440;13.2406;0.2693;132.3132
turkish;0.0000;0.4796;26.0192;14.3885;0.4796;43.5252;14.1487;0.9592;128.3364
turkish;0.0000;0.0000;23.7473;15.4684;0.0000;44.2266;16.1220;0.4357;134.5324
turkish;0.0000;0.6928;21.7090;16.1663;0.6928;41.5704;17.7829;1.3857;138.8462
turkish;0.0000;0.0000;24.6640;14.3874;0.0000;45.9289;14.5455;0.4743;135.5612
turkish;0.0000;0.0000;26.3158;13.9219;0.0000;44.4822;14.4312;0.8489;131.6384
turkish;0.0000;0.0000;25.1381;13.2597;0.0000;47.5138;13.5359;0.5525;135.0211
turkish;0.0000;0.0628;23.6181;15.5779;0.0628;44.0327;16.0176;0.6281;134.7264
turkish;0.0000;0.2152;24.9308;14.7249;0.0307;44.8202;14.2945;0.9837;136.1000
turkish;0.0000;0.0000;25.8367;14.1901;0.0000;45.3815;14.0562;0.5355;134.8315
turkish;0.0000;0.6787;25.7919;14.2534;0.6787;42.9864;15.1584;0.4525;129.0909
turkish;0.0000;0.3094;27.1462;12.8384;0.3094;45.6303;13.3024;0.4640;130.7597
turkish;0.0000;0.2646;26.3228;13.7566;0.1323;44.5767;14.2857;0.6614;130.4440
turkish;0.0000;0.7511;23.7124;14.1631;0.5365;43.1330;15.6652;2.0386;136.7876
turkish;0.0000;0.3026;24.0545;16.1876;0.3026;41.4523;17.3979;0.3026;130.8642
turkish;0.0000;0.3847;23.9500;14.5880;0.4168;44.4053;15.1651;1.0901;138.2070
turkish;0.0000;0.5266;28.2036;12.7560;0.5266;44.9386;12.8730;0.1755;126.3206
turkish;0.0590;0.7075;22.2288;16.5684;0.7665;41.9811;16.6274;1.0613;136.0845
turkish;0.0000;0.4730;23.6518;15.2318;0.2838;43.6140;15.5156;1.2299;134.6999
turkish;0.0000;0.0000;22.6923;16.0000;0.0000;42.6923;16.6154;2.0000;143.2855
turkish;0.0388;1.5898;23.4975;16.4405;1.4734;39.8992;16.2854;0.7755;126.8035
turkish;0.0000;0.0000;25.1025;15.0943;0.0000;44.5447;14.9303;0.3281;130.7593
turkish;0.0000;0.6423;26.0375;14.5751;0.2964;43.4783;14.5257;0.4447;127.9845
turkish;0.0000;0.4808;25.0000;14.9038;0.4808;43.2692;15.0641;0.8013;135.4223
turkish;0.0000;0.1541;27.1957;13.5208;0.1926;45.1849;13.5593;0.1926;128.9697
turkish;0.0000;0.2335;25.8993;14.5192;0.2335;44.3532;14.5105;0.2508;130.9301
turkish;0.0000;0.0898;27.0967;13.5676;0.1026;45.4091;13.4393;0.2949;130.4179
turkish;0.0000;0.1688;26.1440;14.1035;0.1875;44.9550;14.1973;0.2438;131.3531
turkish;0.0000;0.6585;24.5532;15.2399;1.4111;42.1449;15.8984;0.0941;127.7448
turkish;0.0000;0.5929;23.1225;16.6008;0.5929;41.3043;17.5889;0.1976;132.0261
turkish;0.0000;0.6623;26.7309;14.7502;0.6623;42.0831;14.6899;0.4214;125.4826
turkish;0.0000;0.4812;29.2589;11.3571;0.4812;46.8720;11.4533;0.0962;128.1155
turkish;0.0000;0.1656;25.8554;14.0453;0.1932;45.2815;14.1280;0.3311;132.6260
turkish;0.0000;0.2078;26.9981;13.6988;0.3357;45.0128;13.5870;0.1598;128.5074
turkish;0.0000;0.3356;27.2651;14.0101;0.3356;43.5403;14.1779;0.3356;124.7028
turkish;0.0000;0.0000;25.4500;14.5872;0.0000;44.4444;15.2700;0.2483;131.4815
turkish;0.0000;0.2575;23.7768;15.7082;0.2575;43.6910;15.7082;0.6009;136.0534
turkish;0.0000;0.0000;28.5914;12.4128;0.0000;46.4435;12.4128;0.1395;130.1402
turkish;0.0000;0.2413;29.9156;11.2183;0.1206;47.1653;11.2183;0.1206;128.0318
turkish;0.0000;0.2793;25.2793;14.8045;0.3259;44.2737;14.8045;0.2328;132.9393
turkish;0.0000;0.1717;29.0212;12.3068;0.1717;46.0218;12.0778;0.2290;126.8855
turkish;0.0000;0.3457;26.5341;13.6560;0.2593;45.1167;13.6560;0.4322;131.6156
turkish;0.0000;0.3018;27.2782;13.0356;0.0604;45.9264;13.2770;0.1207;130.9073
turkish;0.0000;0.1014;25.5578;14.1988;0.1014;44.3205;14.6045;1.1156;135.4730
turkish;0.0000;0.0975;27.0955;12.9630;0.0975;46.4912;13.0604;0.1949;131.5372
turkish;0.0000;0.0692;24.0837;15.4219;0.0864;44.7268;15.3873;0.2248;134.9674
turkish;0.0000;0.0896;26.7145;13.7158;0.0896;45.2712;13.8503;0.2689;132.5702
turkish;0.0000;0.0000;26.1842;13.9474;0.0000;45.0000;14.0789;0.7895;133.1126
turkish;0.0505;0.2523;25.5298;14.5308;0.2523;44.6519;14.5308;0.2018;131.1889
turkish;0.0000;0.1187;26.0680;14.1614;0.1582;45.4114;13.8449;0.2373;133.3552
turkish;0.0000;0.1735;26.2793;13.9636;0.2602;44.6661;14.1370;0.5204;132.8380
turkish;0.0000;0.1361;26.6433;14.0218;0.1361;44.7880;13.9245;0.3501;132.0579
turkish;0.0000;0.0000;24.7059;15.2941;0.0000;45.2288;14.5098;0.2614;133.7349
turkish;0.0000;0.0000;25.4361;14.8479;0.0000;44.5436;14.8884;0.2840;131.9920
turkish;0.0000;0.0833;24.7016;15.6814;0.0833;43.7136;15.5148;0.2220;131.6450
turkish;0.0000;0.3306;24.8760;14.4628;0.3306;45.2066;14.6281;0.1653;133.6486
turkish;0.0000;0.1730;26.2630;14.4291;0.1730;44.3253;14.2907;0.3460;130.9361
turkish;0.0000;0.3384;25.2115;15.3412;0.4512;42.9780;15.2284;0.4512;132.0574
turkish;0.0000;0.2249;27.1752;13.7519;0.1730;44.4733;13.8730;0.3287;130.1397
turkish;0.0000;0.0375;24.7469;14.8106;0.0375;45.4443;14.8481;0.0750;135.4614
turkish;0.0000;0.2773;24.7689;14.6026;0.2773;44.1774;14.3253;1.5712;138.6185
turkish;0.0000;0.0000;28.2051;12.2711;0.0000;46.8864;12.4542;0.1832;131.3846
turkish;0.0000;0.4518;27.1084;14.0060;0.4518;43.2229;14.3072;0.4518;129.0640
turkish;0.0000;0.2361;27.1547;13.6954;0.2361;44.3920;13.9315;0.3542;128.9225
turkish;0.0000;0.0000;25.8893;14.6245;0.0000;44.0711;14.6245;0.7905;130.3797
turkish;0.0000;0.3113;26.9261;13.6187;0.3891;45.2918;13.3852;0.0778;129.7468
turkish;0.0000;0.2161;25.4323;14.8415;0.1081;44.3804;14.6614;0.3602;132.0475
turkish;0.0000;0.0000;27.4889;13.0758;0.0000;46.0129;12.9272;0.4953;132.0357
turkish;0.0000;0.1033;28.2713;12.1901;0.1033;46.7287;12.3967;0.2066;131.1374
turkish;0.0000;0.0000;28.4105;12.2653;0.0000;46.9337;12.2653;0.1252;130.4348
turkish;0.0000;0.3540;25.8407;14.6903;0.0000;44.0708;14.4248;0.6195;131.9527
turkish;0.0000;0.1746;26.4843;14.2608;0.0582;44.6449;14.2608;0.1164;130.1923
turkish;0.0000;0.0371;25.4909;14.7462;0.0371;44.7573;14.6721;0.2594;132.4818
turkish;0.0000;0.2039;26.8705;13.9246;0.1835;44.7503;13.8838;0.1835;129.4425
turkish;0.0000;0.0897;25.5605;15.4260;0.0897;43.3184;15.4260;0.0897;130.0604
turkish;0.0000;0.0000;28.9348;12.0827;0.0000;46.7409;12.0827;0.1590;128.8714
turkish;0.0000;0.0000;28.7284;11.7739;0.0000;47.4097;11.9309;0.1570;130.8290
turkish;0.0000;0.0257;25.8603;14.6893;0.0514;44.4787;14.7406;0.1541;131.5157
turkish;0.0000;0.0776;26.8813;13.5376;0.0776;44.6470;14.5462;0.2327;131.7521
turkish;0.0000;0.0361;25.0452;15.0343;0.0361;44.6693;14.8536;0.3253;133.1773
turkish;0.0000;0.1390;25.8513;14.3850;0.1390;44.4753;14.3850;0.6254;131.8029
turkish;0.0000;0.1805;25.2708;14.7112;0.1805;45.0361;14.4404;0.1805;133.8624
turkish;0.0000;0.5208;21.7014;17.1875;0.3472;41.8403;17.1875;1.2153;137.3563
turkish;0.0000;0.2321;26.9266;13.9276;0.2321;44.7075;13.5562;0.4178;131.1668
turkish;0.0000;0.0415;27.3029;13.5685;0.0415;45.1867;13.5685;0.2905;130.1990
turkish;0.0000;0.1484;26.1257;14.2504;0.2969;44.6809;14.1514;0.3464;130.1186
turkish;0.0000;0.0634;27.6070;13.2171;0.0634;45.7369;13.1220;0.1902;129.2254
turkish;0.0000;0.0535;27.0343;13.3298;0.0535;45.6638;13.3298;0.5353;132.4042
turkish;0.0000;0.0940;27.4095;13.5872;0.1410;44.4288;13.6342;0.7052;130.8477
turkish;0.0000;0.8523;27.2727;12.2159;0.8523;46.5909;12.2159;0.0000;130.2752
turkish;0.0000;0.2561;28.5531;12.2919;0.5122;46.2228;12.0359;0.1280;129.1405
turkish;0.0000;0.3012;27.3594;12.9518;0.3012;45.5321;12.9518;0.6024;131.0800
turkish;0.0000;0.3791;24.6778;15.0114;0.4928;44.5034;14.7460;0.1895;131.8824
turkish;0.0309;0.3395;26.2963;14.0741;0.3704;44.4444;14.0741;0.3704;129.2426
turkish;0.0000;0.3369;25.4824;14.9770;0.3982;43.9816;14.6401;0.1838;130.9852
turkish;0.0281;0.5348;24.8522;15.1703;0.5910;43.6251;14.9451;0.2533;130.4813
turkish;0.0432;0.2593;26.6638;14.1746;0.3457;44.1659;14.2178;0.1296;129.1581
turkish;0.0000;0.1889;28.2342;12.9367;0.1889;45.4202;12.9367;0.0944;127.9699
turkish;0.0000;0.0000;27.6895;13.1418;0.0000;45.9046;13.2029;0.0611;129.5342
turkish;0.0000;0.0627;27.1016;13.6449;0.0314;45.5772;13.2999;0.2823;132.3013
turkish;0.0000;0.1428;26.9129;13.6503;0.1020;44.8480;14.0175;0.3265;131.2896
turkish;0.0000;0.0603;24.6534;15.2502;0.0603;44.6052;15.2502;0.1206;134.2602
turkish;0.0000;0.2572;25.8360;14.4695;0.2572;44.4855;14.5981;0.0965;131.8014
turkish;0.0000;0.2577;28.1443;13.5567;0.3093;44.4330;12.9381;0.3608;128.2245
turkish;0.0000;0.0000;28.7175;12.9819;0.0000;45.0826;12.6672;0.5507;128.0303
turkish;0.0000;0.1043;23.3959;15.9885;0.1043;44.1315;15.7799;0.4956;135.1667
turkish;0.0000;0.2312;28.2659;13.0058;0.2312;45.0289;13.0058;0.2312;127.8937
turkish;0.0000;0.2376;26.9962;13.9259;0.2376;44.3441;13.8308;0.4278;128.6595
turkish;0.0000;0.1628;27.5806;13.1879;0.1628;44.8388;13.6112;0.4559;131.2568
turkish;0.0000;0.0562;27.0225;13.5955;0.0562;45.6180;13.2584;0.3933;132.2936
turkish;0.0000;0.0000;26.5280;13.5241;0.0000;46.2939;13.5241;0.1300;132.8976
turkish;0.0000;0.1610;28.6098;12.1846;0.1610;46.3231;12.5067;0.0537;128.9880
turkish;0.0000;0.0000;27.8022;13.1868;0.0549;45.8242;13.0220;0.1099;130.0712
turkish;0.0000;0.0000;28.0685;12.8449;0.0000;46.5271;12.4643;0.0951;130.1391
turkish;0.0000;0.1729;24.8991;15.9078;0.2305;42.3055;15.8501;0.6340;130.5225
turkish;0.0000;0.0949;27.4955;13.3811;0.0863;45.3369;13.2948;0.3106;129.2911
turkish;0.0000;0.2523;26.7075;13.9845;0.2343;44.5305;13.9665;0.3244;129.4457
turkish;0.0000;0.2172;25.9501;13.6808;0.2172;45.8198;13.7894;0.3257;135.1955
turkish;0.0000;0.1176;26.9412;12.8235;0.1176;46.9412;12.7059;0.3529;134.1040
turkish;0.0000;0.2760;26.6789;13.7075;0.0000;45.5382;13.7075;0.0920;130.9231
turkish;0.0000;0.0321;25.3047;14.6889;0.0321;44.3874;15.1700;0.3849;134.4110
turkish;0.0000;0.0351;25.4386;14.9825;0.0351;44.3158;15.0877;0.1053;132.9261
turkish;0.0000;0.1383;28.7690;12.0332;0.1383;46.4730;12.0332;0.4149;128.9294
turkish;0.0000;0.0000;27.8545;13.0489;0.0000;45.9222;13.0489;0.1255;129.6680
turkish;0.0000;0.1914;23.8673;16.2731;0.1276;43.0759;16.2093;0.2553;133.0508
turkish;0.0000;0.0471;26.9684;13.6728;0.0000;45.1202;13.7199;0.4715;130.9693
turkish;0.0000;0.0000;28.8241;12.3829;0.0000;46.2019;12.3829;0.2081;129.2808
turkish;0.0000;0.5268;26.6901;13.5206;0.5268;44.7761;13.6962;0.2634;131.5942
turkish;0.1650;0.4538;26.0726;14.3564;0.4125;44.0594;14.2739;0.2063;128.4224
turkish;0.0000;0.2120;24.0064;15.8983;0.2120;43.5082;15.9512;0.2120;133.6824
turkish;0.0000;0.2600;24.4945;15.9734;0.2022;42.9521;15.5113;0.6066;132.4545
turkish;0.0000;0.0000;25.7984;14.2142;0.0000;45.2724;14.0889;0.6262;136.5957
turkish;0.0000;0.0000;24.7779;16.6831;0.0000;42.0533;16.1895;0.2962;127.8963
turkish;0.0000;0.3268;26.3072;12.8268;0.3268;46.4869;12.9902;0.7353;134.5711
turkish;0.0000;0.0000;26.4706;13.6829;0.0000;46.0358;13.6829;0.1279;133.1210
turkish;0.0000;0.4435;23.9468;16.0532;0.3548;43.0155;15.9202;0.2661;131.8182
turkish;0.0000;0.2082;26.6944;14.1800;0.1851;44.2285;14.3188;0.1851;129.8299
turkish;0.0000;0.2113;25.8678;14.3073;0.1509;44.7329;14.3978;0.3320;133.1340
turkish;0.0000;0.2455;26.4730;14.5663;0.2250;43.9034;14.3412;0.2455;129.2756
turkish;0.0000;0.2068;26.6174;13.7962;0.1773;45.2290;13.8552;0.1182;130.7471
turkish;0.0000;0.2724;27.1917;13.4473;0.3219;44.9480;13.4473;0.3715;130.5488
turkish;0.0000;0.3373;25.5159;14.5238;0.3571;44.6032;14.4643;0.1984;131.8878
turkish;0.0000;0.2443;25.0420;15.0252;0.2138;44.4037;14.8572;0.2138;133.6198
turkish;0.0000;0.1048;25.5765;15.0943;0.1048;43.7107;15.0943;0.3145;129.8157
turkish;0.0000;0.1028;26.0021;14.1829;0.1028;44.9126;14.2857;0.4111;133.1046
turkish;0.0000;0.2671;26.9813;13.5352;0.2671;44.5236;13.8914;0.5343;131.4456
turkish;0.0000;0.2040;27.7438;12.4439;0.1632;46.7156;12.6887;0.0408;130.0451
turkish;0.0000;0.0000;26.0178;14.2494;0.0000;45.2926;14.3130;0.1272;132.2445
turkish;0.0000;0.0546;25.2867;14.9099;0.0546;44.7297;14.9099;0.0546;133.3333
turkish;0.0000;0.0000;26.4125;13.9642;0.0000;45.3836;14.0560;0.1837;131.3199
turkish;0.0000;0.0000;26.3855;13.9759;0.0000;45.3012;13.9759;0.3614;131.2139
turkish;0.0000;0.2896;24.3243;15.9266;0.0965;43.1467;15.7336;0.4826;133.0671
turkish;0.0000;0.3293;22.6125;16.2459;0.0732;42.9565;16.5020;1.2806;137.6847
turkish;0.0000;0.2724;22.7990;16.6619;0.2724;43.1603;16.5472;0.2868;134.2472
turkish;0.0000;0.2508;22.5705;16.7712;0.2351;43.2602;16.6144;0.2978;134.9837
turkish;0.0000;0.2002;22.2760;16.8363;0.2002;43.4340;16.7529;0.3004;135.5326
turkish;0.0000;0.1982;22.3933;17.0274;0.1982;42.9726;16.8598;0.3506;134.7371
turkish;0.0000;0.2344;24.8438;14.4531;0.0000;45.0000;14.6094;0.8594;135.5091
turkish;0.0000;0.9137;25.4386;14.8026;0.9503;43.0556;14.5468;0.2924;129.8587
turkish;0.0000;0.9107;21.3115;16.2113;0.9107;44.2623;16.3934;0.0000;136.8571
turkish;0.0000;0.2101;25.2801;15.6162;0.0000;43.1373;15.6863;0.0700;129.1619
turkish;0.0000;0.0000;25.4426;14.5574;0.0656;44.2623;15.0820;0.5902;132.3870
turkish;0.0000;0.1590;26.3911;14.3084;0.0795;44.6741;14.3879;0.0000;129.8153
turkish;0.0000;0.5119;24.5734;14.3345;0.5119;45.5631;14.3345;0.1706;134.0426
turkish;0.0000;1.1686;22.0367;16.6945;1.0017;42.0701;16.3606;0.6678;134.5455
turkish;0.0000;0.0509;28.9206;12.4236;0.0000;46.1303;12.4236;0.0509;127.3463
turkish;0.0000;0.3363;26.3453;14.7982;0.2242;43.2735;14.5740;0.4484;128.8496
turkish;0.0000;1.0796;26.6307;13.7202;1.0796;43.0949;13.8102;0.5848;127.5788
turkish;0.0000;0.0000;21.0207;18.3475;0.0000;41.8591;18.4083;0.3645;135.0244
turkish;0.0000;0.3688;27.5968;13.0301;0.3073;45.2981;13.0916;0.3073;130.1251
turkish;0.0000;0.0859;25.9450;14.3471;0.0859;43.4708;15.0344;1.0309;131.3370
turkish;0.3165;0.1266;26.2658;13.7975;0.3797;44.5570;14.1139;0.4430;130.8008
turkish;0.0419;0.7963;23.4283;15.2137;0.9220;43.6714;14.7527;1.1735;136.8880
turkish;0.0000;1.0152;24.0694;15.2284;1.1844;43.0203;14.3824;1.0998;135.0536
turkish;0.0000;0.2509;30.2384;11.1669;0.2509;46.9887;10.9787;0.1255;127.2727
turkish;0.0000;0.0528;27.1911;13.9916;0.0000;44.3506;14.2555;0.1584;128.2590
turkish;0.0000;1.7791;25.0920;13.7423;1.6564;44.1104;13.3129;0.3067;130.6576
turkish;0.0000;0.1445;25.3613;14.8844;0.2168;43.9306;15.1734;0.2890;130.2013
turkish;0.0000;0.0693;23.0076;16.5281;0.1040;42.9660;16.6667;0.6584;136.4817
turkish;0.0000;0.4619;26.7898;13.4527;0.4042;45.3233;13.3949;0.1732;131.5349
turkish;0.0000;0.3972;26.7130;14.0020;0.5958;43.1976;14.4985;0.5958;129.2913
turkish;0.0000;0.3676;21.3235;17.1569;0.3676;42.6471;17.4020;0.7353;137.2951
turkish;0.0000;0.0000;27.2271;13.6763;0.0000;45.7340;12.9862;0.3764;131.2375
turkish;0.0000;0.9086;26.7771;12.5601;0.9086;45.8578;12.4532;0.5345;130.6071
turkish;0.0000;0.0307;26.7731;13.2637;0.1842;46.4231;13.1102;0.2149;131.6277
turkish;0.0000;0.5301;24.1347;16.3704;0.5301;42.4072;15.4350;0.5925;131.2409
turkish;0.0000;0.6702;28.8204;12.6005;0.4021;45.3083;11.9973;0.2011;127.8317
turkish;0.0000;0.0890;27.4911;13.7900;0.0890;44.5730;13.6121;0.3559;130.7255
turkish;0.0000;0.1738;25.0761;15.2108;0.3477;43.2855;15.3412;0.5650;130.7428
turkish;0.0000;0.4109;28.2486;13.2512;0.3595;44.1192;13.3025;0.3082;126.0835
turkish;0.0000;0.7000;27.4250;13.7750;0.7500;43.8000;13.2750;0.2750;126.8663
turkish;0.0000;0.0740;27.3669;13.3136;0.0000;45.9320;13.2396;0.0740;129.5724
turkish;0.2415;0.4831;24.2754;15.4589;0.6039;42.8744;15.5797;0.4831;132.4528
turkish;0.0000;0.1183;25.8225;14.6982;0.1420;44.5680;14.3905;0.2604;132.7280
turkish;0.0000;0.1151;25.1295;15.1698;0.0576;44.5308;14.7668;0.2303;132.1775
turkish;0.0000;0.4361;25.9485;14.2172;0.3053;44.2215;14.4352;0.4361;130.8333
turkish;0.0000;0.2454;25.2761;14.4785;0.2045;45.1125;14.6421;0.0409;131.9218
turkish;0.0000;0.1172;22.7885;16.6960;0.1757;43.5852;16.1687;0.4687;137.3574
turkish;0.0000;1.8072;24.8996;15.0602;1.6064;40.9639;14.0562;1.6064;133.3333
turkish;0.0000;0.0754;26.7722;14.3288;0.0754;44.3439;14.3288;0.0754;128.0193
turkish;0.0000;0.8909;22.6058;16.3697;0.7795;41.7595;16.3697;1.2249;135.0554
turkish;0.0000;0.0615;25.7152;14.9492;0.0923;43.9865;14.7954;0.3999;130.6356
turkish;0.0000;0.9400;26.4996;13.6079;0.8953;44.1808;13.4736;0.4029;127.7548
turkish;0.0000;0.4685;27.0172;13.6908;0.3123;44.5081;13.6908;0.3123;129.1171
turkish;0.0000;0.1231;26.1797;14.7312;0.0821;44.8502;13.7464;0.2872;131.1401
turkish;0.0000;0.0000;26.8921;13.5266;0.0805;45.5717;13.6071;0.3221;130.0000
turkish;0.0000;0.4426;24.7331;15.0482;0.4947;44.1552;14.8139;0.3124;130.8130
turkish;0.0000;0.0489;25.9114;14.2892;0.1223;45.2165;14.2647;0.1468;131.4364
turkish;0.0000;0.0000;24.6281;15.0413;0.0000;42.6446;16.0331;1.6529;138.3285
turkish;0.0000;1.0870;25.4076;13.8587;1.6304;43.4783;13.3152;1.2228;132.2851
turkish;0.0000;0.1412;24.9956;14.5984;0.1412;45.5252;14.3689;0.2295;133.5901
turkish;0.0000;0.0440;28.6092;12.3239;0.0440;46.0387;12.1919;0.7482;132.1972
turkish;0.0000;0.1330;26.0638;15.0266;0.1330;43.4840;15.1596;0.0000;127.7419
turkish;0.0000;0.1047;25.3794;13.8148;0.1308;46.3893;13.8409;0.3401;132.8878
turkish;0.0195;0.3307;25.1410;14.3746;0.3890;44.9523;14.3357;0.4571;132.0141
turkish;0.0000;0.3609;25.5848;14.5836;0.3475;44.1519;14.5836;0.3876;129.9771
turkish;0.0000;0.8887;25.4051;14.8981;0.7841;42.9169;14.7935;0.3136;128.4148
turkish;0.1204;1.0032;22.7929;15.9711;1.4045;42.3756;15.2488;1.0835;134.6547
turkish;0.0000;0.1610;24.9095;14.7686;0.1207;44.7887;15.0905;0.1610;134.7561
turkish;0.0000;0.0899;22.1223;17.7158;0.0899;42.8957;16.6367;0.4496;136.9942
turkish;0.0000;0.1940;27.2798;13.7757;0.2328;44.4703;13.8145;0.2328;129.5513
turkish;0.0000;0.0000;26.0123;15.0920;0.0000;43.5583;14.8466;0.4908;129.5567
turkish;0.0000;0.1214;27.9612;13.1311;0.1699;45.5340;12.9612;0.1214;128.8506
turkish;0.0000;0.2427;21.2379;17.3544;0.3641;43.3252;16.5049;0.9709;140.7332
turkish;0.0000;1.0965;30.9211;11.4035;0.6579;44.0789;11.6228;0.2193;119.7279
turkish;0.0000;0.2255;27.3793;13.1258;0.1353;45.8277;13.1258;0.1804;130.4887
turkish;0.0000;0.0857;27.5921;13.7104;0.0857;44.8158;13.3676;0.3428;130.9686
turkish;0.0000;0.9793;25.5760;14.1129;0.7488;44.1820;14.2857;0.1152;129.5413
turkish;0.0000;0.1607;26.3524;14.1403;0.1607;44.8848;14.1403;0.1607;128.7648
turkish;0.6013;0.5412;25.5562;14.1912;0.5412;43.8966;14.6121;0.0601;130.6548
turkish;0.0000;0.2181;25.0454;14.7219;0.2545;43.5115;15.5580;0.6907;133.3333
turkish;0.0000;0.1637;27.1686;13.0933;0.1637;44.1899;14.5663;0.6547;132.8804
turkish;0.0000;0.4739;26.5403;14.5340;0.3160;43.1280;14.3760;0.6319;126.1391
turkish;0.0000;0.1843;27.4604;13.7118;0.1474;44.9687;12.9746;0.5529;130.8014
turkish;0.0488;0.3907;27.4481;13.7241;0.4151;44.4933;13.3333;0.1465;126.2374
turkish;0.0000;0.8840;26.7811;13.2605;0.8320;44.8778;13.3125;0.0520;127.5971
turkish;0.0000;0.2878;25.3957;14.5683;0.2878;44.2806;14.9640;0.2158;131.7158
turkish;0.0000;0.0452;28.5391;12.9353;0.0452;45.9521;12.3021;0.1809;127.7778
turkish;0.0000;0.2000;22.8571;16.6857;0.1143;43.6286;16.0571;0.4571;133.7737
turkish;0.0000;0.1908;25.5089;14.1858;0.0636;45.5471;14.3130;0.1908;133.4385
turkish;0.0000;1.6616;28.2477;12.1601;1.5861;44.4864;11.7069;0.1511;125.2315
turkish;0.0000;0.1197;28.3606;13.5221;0.1197;43.6378;14.0407;0.1994;122.7044
turkish;0.0000;0.1580;26.0664;16.4297;0.1580;40.4423;16.1137;0.6319;123.1920
turkish;0.0000;0.0766;30.1916;11.4176;0.1533;45.9004;12.0307;0.2299;125.7707
turkish;0.0000;0.1130;27.4011;13.5593;0.0565;44.6328;13.6723;0.5650;129.4727
turkish;0.0000;0.0965;27.7027;13.4170;0.0965;45.0772;13.5135;0.0965;128.7975
turkish;0.0000;0.9453;25.7259;14.7198;0.2701;42.8764;14.5172;0.9453;126.8008
turkish;0.0000;0.0000;30.6748;11.2474;0.0000;46.5235;11.1452;0.4090;125.0391
turkish;0.0000;0.0000;31.2977;10.6870;0.0000;45.8015;11.0687;1.1450;124.6914
turkish;0.0000;0.0000;31.7726;11.0368;0.0000;46.4883;10.3679;0.3344;124.4565
turkish;0.0000;0.1566;26.4664;14.2938;0.1708;44.3337;14.2938;0.2847;128.7213
turkish;0.0000;0.1309;23.9529;15.5759;0.2618;43.7173;15.9686;0.3927;132.8326
turkish;0.0000;0.5563;26.1090;14.4202;0.5135;43.9096;14.3703;0.1212;128.9855
turkish;0.0000;0.1332;26.2060;14.3090;0.0888;44.6582;14.2054;0.3995;131.2333
turkish;0.0000;0.4335;23.9162;14.5954;0.5058;43.6416;15.3179;1.5896;137.3653
turkish;0.0000;0.1549;25.1356;15.1433;0.1549;43.4934;15.3757;0.5422;132.7709
turkish;0.0000;0.9401;21.0341;17.5088;1.0576;41.8331;16.3337;1.2926;139.8095
turkish;0.0000;0.7837;24.4514;16.6144;0.9404;40.7524;16.4577;0.0000;126.8041
turkish;0.0000;0.2387;26.3723;14.3198;0.0000;44.2721;14.6778;0.1193;130.3502
turkish;0.0000;0.1189;26.5161;14.5065;0.1189;44.3520;14.2687;0.1189;129.4004
turkish;0.0000;0.1830;22.6358;16.5345;0.1830;43.9292;16.2904;0.2441;136.0689
turkish;0.0000;0.2422;24.5266;15.0815;0.1321;44.6940;15.1035;0.2202;133.6315
turkish;0.0000;0.1325;24.2133;15.5681;0.0331;44.3524;15.5681;0.1325;133.8834
turkish;0.0000;0.3138;26.0494;14.2801;0.0785;44.6057;14.6724;0.0000;130.8738
turkish;0.0000;0.1904;28.3980;12.9255;0.1428;45.6796;12.4732;0.1904;129.9399
turkish;0.0000;0.4202;24.3697;15.7563;0.4202;43.2773;15.7563;0.0000;131.1189
turkish;0.0000;0.8621;26.7241;14.3966;0.8621;42.8448;14.3103;0.0000;126.3946
turkish;0.0000;0.6421;25.0401;16.2119;0.6421;41.2520;16.0514;0.1605;128.6096
turkish;0.0000;0.4053;27.4569;13.5258;0.3040;44.5289;13.2725;0.5066;128.6416
turkish;0.0000;0.0000;25.9701;14.5274;0.0000;44.8756;14.5274;0.0995;128.4404
turkish;0.0000;0.2441;24.6187;15.0092;0.2441;44.5699;14.8261;0.4881;135.5150
turkish;0.0000;0.6383;25.7872;14.5957;0.0426;43.8723;14.8936;0.1702;129.1322
turkish;0.0000;0.4732;24.8423;14.8265;0.1577;44.5584;15.0631;0.0789;132.9787
turkish;0.0000;0.0000;28.0512;12.4016;0.0000;45.9646;12.4016;1.1811;131.8542
turkish;0.0000;0.1332;27.4967;13.5819;0.1332;44.7403;13.2490;0.6658;130.0429
turkish;0.0000;0.1218;25.4568;14.3727;0.0000;44.7016;14.6163;0.7308;134.7222
turkish;0.0000;0.1779;24.1885;14.6287;0.1779;44.6421;14.5843;1.6007;137.8676
turkish;0.0000;0.2154;27.9253;13.2089;0.2154;45.0826;13.1371;0.2154;126.8805
turkish;0.0000;0.0000;28.2881;12.8392;0.1044;45.4071;12.7349;0.6263;127.7778
turkish;0.0000;0.0000;25.7890;13.6588;0.0000;46.7456;13.7574;0.0493;134.0839
turkish;0.0000;0.5144;27.5720;12.5514;0.4115;45.6790;12.9630;0.3086;129.2135
turkish;0.0000;0.0000;26.9677;14.4516;0.0000;44.3871;13.9355;0.2581;127.2177
turkish;0.0000;0.1815;23.7145;16.3138;0.1815;42.9724;16.3138;0.3226;132.3598
turkish;0.0000;0.4518;29.6687;12.5000;0.4518;44.2018;12.6506;0.0753;122.2599
turkish;0.0000;0.0000;29.1475;12.4424;0.0000;45.7373;12.4424;0.2304;126.8657
turkish;0.0000;0.0000;27.7997;13.5705;0.0000;45.3228;13.0435;0.2635;131.1947
turkish;0.0000;0.0000;27.5618;12.7208;0.0000;45.2297;12.8975;1.5901;131.9767
turkish;0.0000;0.8535;25.3620;15.3788;0.7926;42.0210;15.2873;0.3048;128.1919
turkish;0.0000;0.4367;27.7293;14.4105;0.0000;43.0131;14.4105;0.0000;121.7105
turkish;0.0000;0.1393;23.8737;15.6526;0.0000;44.5889;15.5597;0.1858;134.0474
turkish;0.0000;0.6770;24.1296;15.4255;0.6770;43.3269;14.9903;0.7737;135.4133
turkish;0.0000;0.3300;27.6128;12.7613;0.4400;45.4345;12.9813;0.4400;128.3531
turkish;0.0000;0.2830;22.9245;16.5094;0.1887;43.4906;16.3208;0.2830;133.9564
turkish;0.0000;0.1441;23.8686;15.9988;0.1730;43.4419;16.1142;0.2594;133.2424
turkish;0.0000;0.3344;22.0736;16.8339;0.3344;42.9208;17.1683;0.3344;137.6404
turkish;0.0000;0.4043;28.5714;13.3423;0.4043;43.7332;13.2075;0.3369;124.9476
turkish;0.0000;0.1328;30.0133;11.4210;0.1328;46.6135;11.5538;0.1328;126.5560
turkish;0.0000;0.0000;28.8210;12.4454;0.0000;45.8515;12.8821;0.0000;128.9753
turkish;0.0000;0.6217;26.7318;14.2984;0.6217;43.1616;14.3872;0.1776;127.2090
turkish;0.0000;0.0763;26.0870;13.5011;0.0000;46.3768;12.9672;0.9916;137.5765
turkish;0.0000;0.1807;23.9386;16.8022;0.1807;42.9991;15.3568;0.5420;129.3035
turkish;0.0000;0.2540;27.2150;13.2741;0.3493;45.2842;13.4646;0.1588;130.8125
turkish;0.0000;0.0000;19.7564;19.4858;0.0000;41.2720;18.9445;0.5413;139.5683
turkish;0.0000;0.6849;26.1130;14.5976;0.6421;43.0651;14.5548;0.3425;128.4823
turkish;0.0000;0.2220;24.0231;16.7851;0.0444;41.9627;16.6519;0.3108;130.8398
turkish;0.0000;0.2817;27.8873;13.4507;0.2817;44.2958;13.4507;0.3521;125.3461
turkish;0.0000;0.2312;24.2775;16.3006;0.2312;42.3121;16.1850;0.4624;131.5686
turkish;0.0000;0.1735;26.6262;14.8309;0.2602;42.9315;15.0043;0.1735;126.4256
turkish;0.0000;0.0000;27.4914;14.4330;0.0000;43.2990;14.4330;0.3436;125.0000
turkish;0.0000;0.5614;23.2281;16.4211;0.4211;42.1053;17.1930;0.0702;133.3333
turkish;0.0000;0.1656;27.0807;13.9545;0.2899;44.8861;13.3747;0.2484;130.1118
turkish;0.0000;0.0000;24.1603;16.2514;0.0000;42.1452;16.5764;0.8667;132.8571
turkish;0.0000;0.0000;24.3274;16.2556;0.0000;42.6009;16.4798;0.3363;132.3917
turkish;0.0000;0.0000;25.8126;16.2524;0.0000;41.6826;15.8700;0.3824;126.9350
turkish;0.0000;0.5348;22.9352;16.1319;0.5348;42.5134;16.1022;1.2478;136.3233
turkish;0.0000;0.2424;24.8667;15.0751;0.1939;44.4983;15.0267;0.0969;132.7909
turkish;0.0000;0.0418;26.5690;13.9331;0.0418;44.6862;14.2259;0.5021;131.8790
turkish;0.0000;0.9141;24.2535;15.6002;0.9141;42.7788;15.4784;0.0609;131.6701
turkish;0.0000;1.2195;24.3902;14.8559;1.2195;42.7938;14.9667;0.5543;131.9927
turkish;0.0000;0.8435;27.2727;13.4021;0.8435;44.1425;13.4021;0.0937;127.6946
turkish;0.0000;0.1671;27.9866;13.6174;0.1671;44.0267;13.5338;0.5013;126.6140
turkish;0.0000;0.3735;25.5603;13.8207;0.3735;45.4642;14.1409;0.2668;133.5361
turkish;0.0000;0.4632;23.1579;16.4632;0.4632;42.7789;16.4632;0.2105;131.9149
turkish;0.0000;0.5986;23.7935;15.9371;0.5238;42.6861;15.9371;0.5238;131.9277
turkish;0.0000;0.0562;28.3867;13.3221;0.0000;44.8004;13.2097;0.2248;126.9565
turkish;0.0000;0.2391;27.9292;13.2473;0.2391;44.7154;13.5342;0.0956;127.7434
turkish;0.0000;0.6891;23.6865;16.0207;0.6891;42.7649;16.0207;0.1292;131.9149
turkish;0.0000;0.5397;28.1419;13.3385;0.3855;44.3331;13.1843;0.0771;124.9409
turkish;0.0000;0.1852;27.0370;14.6296;0.3704;41.8519;14.8148;1.1111;128.1525
turkish;0.0000;0.0000;26.6507;14.2857;0.0000;45.4982;13.4454;0.1200;132.8872
turkish;0.0000;0.5076;28.6802;12.6904;0.5076;44.9239;12.6904;0.0000;125.7261
turkish;0.0000;0.5952;26.4881;14.2857;0.5952;43.8988;14.1369;0.0000;126.5446
turkish;0.0000;0.1626;22.9268;16.0976;0.6504;42.2764;16.7480;1.1382;136.2924
turkish;0.0000;0.6868;25.9158;13.8736;0.6868;43.2234;14.5604;1.0531;132.0578
turkish;0.0000;0.2251;24.1560;15.3038;0.2251;43.4359;15.1538;1.5004;135.6522
turkish;0.0000;0.2828;28.6199;12.9525;0.2262;44.9661;12.6697;0.2828;127.1914
turkish;0.0000;0.4477;24.9934;14.6695;0.4214;44.6142;14.6168;0.2370;131.9610
turkish;0.0000;0.0905;26.3015;14.1693;0.0905;45.0430;14.1693;0.1358;130.2699
turkish;0.0000;0.0000;29.0265;12.9204;0.0000;45.3097;12.7434;0.0000;127.4336
turkish;0.0000;0.2950;27.4336;15.3392;0.0000;42.4779;14.4543;0.0000;124.4019
turkish;0.0000;0.2137;24.0385;16.3462;0.1068;42.7350;16.1325;0.4274;132.6496
turkish;0.0000;0.0000;27.2165;14.4330;0.0000;42.6804;14.4330;1.2371;130.9524
turkish;0.0000;0.5498;26.3332;14.1836;0.3299;44.3101;14.2386;0.0550;128.3737
turkish;0.0000;0.6192;25.7310;14.4823;0.5160;44.0660;14.3447;0.2408;129.5161
turkish;0.0000;0.9709;28.1553;14.3204;0.4854;42.2330;13.3495;0.4854;122.1014
turkish;0.0000;0.0000;24.2857;15.7143;0.0000;43.4286;15.1429;1.4286;137.8641
turkish;0.0000;0.1938;26.8734;13.3721;0.2584;44.5090;14.6641;0.1292;131.0160
turkish;0.0734;0.6608;23.2012;16.0059;0.6608;43.3186;15.4919;0.5874;136.6300
turkish;0.0000;0.2513;24.8744;15.5779;0.2513;42.2111;16.3317;0.5025;132.4786
turkish;0.0000;0.5017;25.7525;15.0502;0.5017;43.3110;14.7157;0.1672;128.9189
turkish;0.0000;1.1740;23.9061;16.0085;1.1740;40.8751;16.0085;0.8538;131.8584
turkish;0.0000;1.0274;25.6849;14.3836;1.0274;43.1507;14.3836;0.3425;128.8889
turkish;0.0000;0.2141;24.7109;14.3041;0.2570;45.7388;14.5610;0.2141;134.7735
turkish;0.0000;1.0526;25.5789;14.6316;0.9474;42.7368;14.9474;0.1053;128.5223
turkish;0.0000;0.1397;24.3017;16.2011;0.1397;43.0168;16.0615;0.1397;128.2609
turkish;0.0000;0.6105;22.1001;17.5824;0.6105;42.8571;16.2393;0.0000;133.4615
turkish;0.0000;0.1445;29.1908;11.8497;0.1445;47.1098;11.5607;0.0000;128.1755
turkish;0.0000;0.4386;25.6579;15.3509;0.4386;42.7632;15.3509;0.0000;126.4085
turkish;0.0000;0.4938;27.4074;14.3210;0.4938;42.9630;14.3210;0.0000;123.4127
turkish;0.0000;0.0000;26.7516;15.7113;0.0000;41.8259;15.7113;0.0000;124.0418
turkish;0.0000;0.0000;25.3321;15.3537;0.0309;43.7133;15.4464;0.1236;129.3510
turkish;0.0000;0.0000;25.3589;14.8325;0.0000;44.7368;14.3541;0.7177;132.9412
turkish;0.0000;0.7933;27.3448;13.4391;0.8399;43.4904;13.9524;0.1400;126.5693
turkish;0.0000;0.3722;24.9380;15.8809;0.3722;42.6799;15.5087;0.2481;129.0631
turkish;0.0000;0.2795;26.6247;14.2558;0.3494;44.2348;14.1859;0.0699;128.8136
turkish;0.0000;0.4854;25.1618;15.4531;0.4045;43.3657;14.8058;0.3236;129.9363
turkish;0.0000;0.1788;26.7580;12.6937;0.1788;47.2586;12.9321;0.0000;133.3015
turkish;0.0000;0.0000;26.5770;13.8056;0.0517;45.6567;13.8056;0.1034;130.4668
turkish;0.0000;0.0000;30.7023;12.2408;0.0000;44.8829;12.1739;0.0000;122.2917
turkish;0.0000;0.0595;25.8333;14.1071;0.0595;45.6548;14.0476;0.2381;131.8398
turkish;0.0000;0.4509;27.9531;13.8864;0.4509;43.3724;13.5257;0.3607;124.5152
turkish;0.0000;0.3866;24.4845;15.4639;0.3866;43.4278;15.3351;0.5155;132.4324
turkish;0.0000;0.7031;25.8478;14.4748;0.5790;43.6725;14.3507;0.3722;129.3566
turkish;0.0000;0.4400;25.7200;14.4800;0.3600;44.3200;14.2400;0.4400;131.8035
turkish;0.0000;0.0000;25.4194;14.0645;0.0000;46.4516;13.8065;0.2581;135.2442
turkish;0.0000;0.6944;27.6042;13.6285;0.2604;44.3576;13.3681;0.0868;126.2654
turkish;0.0000;0.1572;27.0440;13.9937;0.1572;44.6541;13.9937;0.0000;126.8293
turkish;0.0000;0.1121;25.0561;14.8543;0.1121;44.8991;14.7982;0.1682;133.1522
turkish;0.0000;0.0000;25.3886;14.9223;0.1036;44.1451;15.2332;0.2073;133.5025
turkish;0.0000;0.0000;27.9096;12.6554;0.0000;45.5367;13.1073;0.7910;129.7297
turkish;0.0000;0.0814;26.3029;14.3322;0.0814;43.8111;14.2508;1.1401;132.2497
turkish;0.0000;0.0000;25.9036;15.0602;0.0000;45.0947;13.7694;0.1721;132.8297
turkish;0.0000;0.1190;24.4048;15.2381;0.1190;44.5238;15.4762;0.1190;135.0305
turkish;0.0000;0.5997;26.7366;14.4928;0.1000;43.7281;14.2429;0.1000;126.5762
turkish;0.0000;0.0000;25.1369;14.1814;0.0000;44.8570;13.8162;2.0085;137.8168
turkish;0.0000;1.1619;27.1108;13.2455;1.0844;44.0744;13.1681;0.1549;126.6089
turkish;0.0000;0.0000;26.0355;15.0888;0.2959;42.3077;15.3846;0.8876;131.1558
turkish;0.0000;0.3993;24.3557;15.7532;0.3993;43.4483;15.4991;0.1452;130.5162
turkish;0.0000;1.1085;27.1750;13.4028;0.6382;43.8361;13.4363;0.4031;126.2487
turkish;0.0000;0.0000;22.6172;17.0953;0.0000;42.8896;17.3222;0.0756;132.9193
turkish;0.0000;0.0000;29.2971;12.4565;0.0000;45.5115;12.6653;0.0696;126.4770
turkish;0.0000;0.3968;27.2222;13.4921;0.1587;45.7937;12.8571;0.0794;130.5236
turkish;0.0000;0.2545;24.8092;15.6489;0.2545;43.5115;15.5216;0.0000;129.0909
turkish;0.0000;0.0641;24.8557;14.7210;0.0321;45.5741;14.6248;0.1283;135.0877
turkish;0.0000;0.1626;26.0163;15.0678;0.1626;43.9566;14.4715;0.1626;127.8798
turkish;0.0000;0.3783;23.2030;16.0151;0.3783;43.0013;15.3846;1.6393;143.1373
turkish;0.0000;0.5758;29.7505;12.0921;0.3839;44.9136;12.2841;0.0000;122.9412
turkish;0.0000;1.1765;25.8824;14.4118;1.1765;42.3529;15.0000;0.0000;126.4151
turkish;0.0000;0.0000;25.0000;15.4930;0.0000;42.2535;15.8451;1.4085;131.2500
turkish;0.0000;0.6993;21.5035;18.1818;0.6993;41.4336;17.4825;0.0000;132.0856
turkish;0.0000;0.4484;28.2511;12.5561;0.4484;45.7399;12.5561;0.0000;127.0833
turkish;0.0000;0.0000;26.0088;14.4227;0.0400;44.8662;14.1830;0.4794;132.7165
turkish;0.0000;0.1727;26.2522;13.8169;0.0864;45.0345;13.9465;0.6908;133.3802
turkish;0.0000;0.3155;25.0789;15.2997;0.1577;44.1640;14.9842;0.0000;131.7136
turkish;0.0000;0.2046;24.5542;15.4049;0.1754;44.0807;15.3756;0.2046;132.9187
turkish;0.0000;0.5031;24.6506;15.5394;0.2236;43.6557;15.2879;0.1397;130.3044
turkish;0.0000;0.2528;27.7553;13.5996;0.2528;44.9949;13.1446;0.0000;126.2651
turkish;0.0000;0.3844;26.2854;14.5603;0.4805;43.2965;14.4642;0.5286;129.5508
turkish;0.0000;0.3077;27.1538;13.6923;0.3077;44.1538;13.6154;0.7692;132.3308
turkish;0.0000;0.2528;27.9393;13.5272;0.2528;43.9949;13.1479;0.8850;131.2102
turkish;0.0000;0.7331;23.6070;14.2229;0.7331;42.9619;14.0762;3.6657;150.5000
turkish;0.0000;0.0000;28.3105;12.5571;0.0000;45.4338;13.6986;0.0000;130.7692
turkish;0.0000;0.3819;23.9053;15.5295;0.4328;43.8646;15.4277;0.4582;133.2920
turkish;0.0000;0.4608;23.7327;15.7834;0.4608;43.3180;15.6682;0.5760;132.5843
turkish;0.0000;0.1481;25.4815;15.2593;0.1481;43.5556;15.4074;0.0000;130.1471
turkish;0.0000;0.7895;27.1053;14.4737;0.5263;42.6316;14.4737;0.0000;121.6535
turkish;0.0000;0.0652;28.3105;12.7202;0.1305;45.8578;12.9159;0.0000;128.3213
turkish;0.0000;0.4644;26.7802;14.7059;0.4644;42.2601;15.1703;0.1548;125.5422
turkish;0.0000;0.4216;27.9691;13.3521;0.4216;43.5699;13.4223;0.8433;127.9775
turkish;0.0000;0.0000;27.8034;13.8249;0.0000;44.5469;13.8249;0.0000;127.1144
turkish;0.0000;0.0000;28.8600;12.8427;0.0000;45.4545;12.6984;0.1443;125.2232
turkish;0.0184;0.3683;24.3417;15.0249;0.4051;43.8777;15.4852;0.4787;133.5725
turkish;0.0000;0.0000;26.6509;14.2099;0.0000;45.5778;13.2665;0.2948;133.1407
turkish;0.0000;0.2597;28.9610;12.5974;0.2597;44.5455;11.9481;1.4286;134.5833
turkish;0.0000;0.6996;23.2922;16.0082;0.6584;42.9630;15.4321;0.9465;136.0052
turkish;0.0000;0.7080;26.7257;13.8053;0.7080;44.7788;13.2743;0.0000;130.0292
turkish;0.0000;0.4932;26.0173;14.6732;0.4932;43.8964;14.0567;0.3699;130.4519
turkish;0.0000;0.0000;25.4717;14.3868;0.0000;44.1038;16.0377;0.0000;133.2046
turkish;0.0000;0.1661;25.0000;15.6977;0.2492;43.2724;15.6146;0.0000;130.9333
turkish;0.0000;0.0000;26.0600;14.2709;0.0000;43.6401;15.0982;0.9307;133.8435
turkish;0.0000;0.0000;25.8348;14.0598;0.0000;45.6942;14.2355;0.1757;132.1127
turkish;0.0000;0.1561;25.6242;14.1074;0.1561;44.0075;14.8252;1.1236;133.2018
turkish;0.0000;0.1107;25.7101;14.2752;0.1107;45.2232;14.3489;0.2213;133.2529
turkish;0.0000;0.4621;28.8355;13.2163;0.3697;43.7153;13.2163;0.1848;123.6842
turkish;0.0000;0.1502;24.4845;15.3762;0.1502;44.2305;15.2533;0.3550;133.6819
turkish;0.0000;0.1237;24.1187;16.2028;0.1237;43.2282;16.0792;0.1237;131.6274
turkish;0.0000;0.5742;26.2809;14.1784;0.4859;44.3463;14.0018;0.1325;128.3229
turkish;0.0000;0.1247;29.1147;12.5312;0.0623;45.3865;12.5935;0.1870;126.7057
turkish;0.0000;0.4703;26.1611;14.1093;0.4703;43.7978;14.5209;0.4703;129.9351
turkish;0.0000;0.9991;24.4888;15.1255;0.8132;43.0065;15.1952;0.3717;130.5147
turkish;0.0000;0.3285;26.7351;13.7166;0.3285;45.2156;13.6345;0.0411;130.8904
turkish;0.0000;0.1162;27.9489;13.8292;0.1162;44.1023;13.5967;0.2905;126.8739
turkish;0.0000;0.1196;25.8373;14.8325;0.1196;44.2584;14.5933;0.2392;130.5882
turkish;0.0000;0.8757;26.2697;14.8862;0.8757;42.5569;14.3608;0.1751;125.8856
turkish;0.0000;0.0000;26.9634;15.1832;0.0000;41.8848;15.4450;0.5236;128.6307
turkish;0.0000;0.5917;24.2604;15.6805;0.5917;42.3077;15.6805;0.8876;131.0000
turkish;0.0000;0.2564;25.1282;15.3846;0.2564;43.8462;15.1282;0.0000;129.8387
turkish;0.0000;0.5610;25.3857;14.5863;0.5610;43.6185;14.5863;0.7013;132.0843
turkish;0.0000;0.8264;24.5179;15.4270;0.5510;43.2507;15.1515;0.2755;130.2222
turkish;0.0000;0.0000;27.0570;14.0427;0.0791;44.6994;13.2516;0.8703;131.5518
turkish;0.0000;0.0000;24.1975;16.2963;0.0000;43.7037;15.0617;0.7407;134.8361
turkish;0.0000;0.1488;24.8512;15.1786;0.1488;44.3452;15.3274;0.0000;134.5178
turkish;0.0000;0.5973;27.1331;14.2491;0.1706;43.7713;13.9932;0.0853;128.7729
turkish;0.0000;0.7293;26.7423;14.4246;0.6483;42.1394;15.0729;0.2431;125.5814
turkish;0.0000;0.3125;26.7188;13.7500;0.1562;45.4688;13.5937;0.0000;130.0505
turkish;0.0000;0.8518;23.5945;15.7581;0.3407;43.1005;15.6729;0.6814;133.0579
turkish;0.0000;0.3051;26.4938;14.3402;0.1271;43.7325;14.1876;0.8136;130.6200
turkish;0.0000;0.3175;24.7619;15.5556;0.3175;43.1746;15.8730;0.0000;130.7292
turkish;0.0000;0.0305;27.8694;13.3700;0.0305;45.1465;13.4005;0.1526;130.1042
turkish;0.0000;1.2999;25.0605;15.6288;1.2999;40.9008;15.5079;0.3023;125.2021
turkish;0.0000;0.0982;24.9509;15.0295;0.0982;43.6149;15.1277;1.0806;135.7257
turkish;0.0000;0.3478;27.6522;13.0435;0.0000;44.8696;13.2174;0.8696;129.5580
turkish;0.0000;0.1003;25.0251;14.7442;0.0502;44.5838;15.0953;0.4012;134.7826
turkish;0.0000;0.0441;25.1323;15.4762;0.0441;43.6508;15.5423;0.1102;130.7472
turkish;0.0000;0.1663;25.4989;14.6341;0.1663;44.6785;14.7450;0.1109;133.0258
turkish;0.0000;0.0000;25.9892;14.2986;0.0000;44.7842;14.8381;0.0899;132.6220
turkish;0.0000;0.0784;26.2250;14.6217;0.0392;43.9436;14.8961;0.1960;130.0818
turkish;0.0000;0.0000;26.1905;14.0351;0.0000;45.1128;14.4110;0.2506;138.2166
turkish;0.0000;0.0944;24.0793;15.0142;0.1889;43.8149;15.1086;1.6997;141.6667
turkish;0.0000;0.0000;26.9592;13.7931;0.3135;43.5737;13.7931;1.5674;130.1508
turkish;0.0000;0.0000;25.9713;14.4226;0.0000;44.2257;15.2741;0.1064;131.5743
turkish;0.0736;0.2943;27.1523;14.4224;0.2208;42.8992;14.9375;0.0000;126.5957
turkish;0.0000;0.2368;27.3875;14.0489;0.0000;44.8303;13.4175;0.0789;129.0698
turkish;0.0000;0.6698;24.9833;14.4005;0.6028;44.9431;14.1996;0.2009;132.6964
turkish;0.0000;0.1384;26.3668;14.1176;0.2076;44.2907;13.9792;0.8997;132.7963
turkish;0.0000;0.1992;25.6972;15.3386;0.1992;43.6255;14.9402;0.0000;128.4830
turkish;0.0000;0.0000;25.0290;16.2225;0.0000;42.7578;15.7590;0.2317;127.5801
turkish;0.0000;0.0426;27.9387;13.9267;0.0426;43.7394;14.0971;0.2129;125.3512
turkish;0.0000;0.0000;27.7193;13.3333;0.0000;44.5614;14.3860;0.0000;127.5281
turkish;0.0000;0.5342;27.7778;12.3932;0.8547;45.4060;12.7137;0.3205;129.8611
turkish;0.0000;0.2758;22.5440;17.4423;0.2413;42.7439;16.6150;0.1379;134.6801
turkish;0.0000;0.1869;25.6075;14.4860;0.1869;45.0467;14.3925;0.0935;131.8665
turkish;0.0000;0.7710;26.6769;13.5698;0.7710;44.6415;13.4156;0.1542;128.5888
turkish;0.0000;0.0000;25.0464;15.0278;0.0000;44.8980;14.8423;0.1855;133.3333
turkish;0.0000;0.2398;27.4580;14.2686;0.2398;42.8058;13.9089;1.0791;129.6371
turkish;0.0000;0.0522;26.9833;14.0397;0.1044;44.1545;14.2484;0.4175;128.8591
turkish;0.0000;0.0000;23.8839;16.2946;0.0000;43.7500;16.0714;0.0000;131.0954
turkish;0.0000;0.0000;25.1208;15.4589;0.0000;44.4444;14.8148;0.1610;132.8125
turkish;0.0000;0.0680;27.2789;13.7415;0.0680;44.4218;14.0816;0.3401;127.8654
turkish;0.0000;0.4950;25.4597;15.1344;0.5658;43.2107;14.9222;0.2122;129.8746
turkish;0.0000;0.8969;26.5695;14.9383;0.8408;41.6200;14.7141;0.4204;125.1354
turkish;0.0000;0.1531;25.4977;14.3185;0.2297;44.7933;14.5482;0.4594;131.7073
turkish;0.0000;0.4689;27.1936;13.9987;0.4019;43.4695;14.4005;0.0670;126.0824
turkish;0.0000;1.5180;27.1347;14.4213;0.7590;41.5560;14.4213;0.1898;120.9169
turkish;0.0000;0.3207;25.9140;14.1116;0.3207;44.1309;15.1379;0.0641;131.7410
turkish;0.0000;0.6098;28.2927;13.2927;0.6098;43.7805;13.1707;0.2439;125.0000
turkish;0.0000;0.3817;24.8092;15.2672;0.3817;43.8931;15.2672;0.0000;129.2683
turkish;0.0000;0.0000;27.3963;13.7339;0.0000;44.9928;13.4478;0.4292;132.0046
turkish;0.0000;0.2163;24.0807;15.7895;0.2163;43.5472;16.0779;0.0721;134.3247
turkish;0.0000;0.0000;26.1572;14.1921;0.0000;45.0655;14.4105;0.1747;132.5598
turkish;0.0000;0.3901;25.7477;15.1712;0.3901;42.8262;15.3446;0.1300;128.8503
turkish;0.0000;0.2802;26.0245;14.6060;0.2802;44.2382;14.3257;0.2452;130.7822
turkish;0.0000;0.3009;24.7085;14.9680;0.1880;44.7161;14.8928;0.2256;133.9297
turkish;0.0000;0.2670;25.3672;14.9533;0.2670;43.2577;15.2203;0.6676;128.8747
turkish;0.0000;0.0868;25.8681;14.6701;0.1736;43.7934;14.5399;0.8681;131.7572
turkish;0.0000;0.0000;25.4032;15.7258;0.0000;43.9516;14.9194;0.0000;131.4381
turkish;0.0000;0.0000;22.5177;16.1348;0.0000;43.9716;16.3121;1.0638;140.2899
turkish;0.0000;0.1153;25.4902;14.6482;0.1153;45.2134;14.3022;0.1153;133.9695
turkish;0.0000;0.1667;25.5940;14.5894;0.1667;43.8099;15.0896;0.5836;132.2245
turkish;0.0000;0.6897;23.5057;15.7471;0.6897;43.4483;15.5172;0.4023;132.0841
turkish;0.0000;0.0550;28.1078;13.3113;0.0550;45.2145;13.0913;0.1650;126.9466
turkish;0.5917;2.2485;28.2840;12.6627;2.2485;41.0651;12.8994;0.0000;120.4753
turkish;0.0000;0.2112;25.8184;14.7835;0.2640;44.0866;14.5195;0.3168;131.5152
turkish;0.0576;0.4032;25.4032;14.6889;0.4608;43.9516;14.5737;0.4608;132.2946
turkish;0.0000;0.3295;25.9747;14.4975;0.3844;44.0967;14.3877;0.3295;131.7273
turkish;0.0000;0.3180;25.7552;14.4674;0.3710;44.1971;14.4144;0.4769;132.4891
turkish;0.0000;0.1186;25.2669;15.0652;0.1186;44.7212;13.8790;0.8304;135.6299
turkish;0.0000;0.0000;29.3296;12.2905;0.0000;46.0894;12.0112;0.2793;126.0090
turkish;0.0000;0.6116;28.1346;12.8440;0.6116;45.2599;12.5382;0.0000;125.7009
turkish;0.0000;0.0000;28.1690;14.0845;0.0000;44.0141;13.7324;0.0000;125.5556
turkish;0.0000;0.1200;25.4502;14.8860;0.1200;44.2977;14.2857;0.8403;134.0000
turkish;0.0000;0.2451;28.4314;12.5000;0.2451;44.3627;12.9902;1.2255;129.3651
turkish;0.0000;0.0000;26.5385;13.8462;0.0000;45.3846;14.2308;0.0000;127.0588
turkish;0.0000;0.2361;24.3211;14.9941;0.2361;45.3365;14.0496;0.8264;138.6905
turkish;0.0000;0.2865;30.3725;12.3209;0.2865;44.1261;12.6074;0.0000;122.1719
turkish;0.0000;0.1133;28.1616;12.6463;0.1133;46.0929;12.5330;0.3398;129.5673
turkish;0.0000;0.1629;25.8492;14.3555;0.1396;44.7883;14.4253;0.2792;131.2923
turkish;0.0000;0.1186;25.4251;14.2349;0.1186;45.3934;14.2744;0.4350;132.5596
turkish;0.0000;0.2305;23.2498;15.6727;0.2305;44.7421;15.7880;0.0864;134.2541
turkish;0.0000;0.2020;26.2049;14.3434;0.2309;44.5599;14.3723;0.0866;129.6693
turkish;0.0000;0.3542;25.4545;14.1204;0.3542;45.3837;14.1204;0.2125;133.9862
turkish;0.0000;0.0799;24.6670;14.8109;0.0533;45.3383;14.9174;0.1332;132.9854
turkish;0.0000;0.0000;25.2412;14.3087;0.0000;44.5338;14.3891;1.5273;137.0323
turkish;0.0000;0.4224;24.6914;15.4646;0.3899;42.9825;15.3996;0.6498;132.6790
turkish;0.0000;0.2344;25.1563;15.0000;0.3125;44.9219;14.2969;0.0781;134.0589
turkish;0.0000;0.2018;25.9745;14.2298;0.1892;44.9350;14.2172;0.2523;132.0330
turkish;0.0000;0.1047;25.6021;14.0838;0.1396;45.4276;14.1536;0.4887;134.0159
turkish;0.0000;0.2985;25.5224;14.4776;0.2985;43.2836;15.6716;0.4478;130.6220
turkish;0.0000;0.0994;23.2165;16.3062;0.0994;43.6987;16.1571;0.4226;135.9588
turkish;0.0000;0.0749;25.3278;14.6122;0.0749;44.5860;14.9869;0.3372;132.4226
turkish;0.0000;0.3171;25.4878;14.4878;0.2195;44.7805;14.5122;0.1951;131.8218
turkish;0.0000;0.2002;24.8105;15.0007;0.3432;44.4444;14.9578;0.2431;133.0996
turkish;0.0000;0.5162;26.1380;13.8902;0.5162;44.2046;14.0779;0.6570;131.2078
turkish;0.0000;0.0000;25.5240;15.0432;0.0000;43.5265;15.1665;0.7398;132.5349
turkish;0.0000;0.2913;25.4270;14.6273;0.2712;44.7559;14.3359;0.2913;132.9310
turkish;0.0000;0.8272;25.0460;15.4412;0.8272;42.2335;15.5331;0.0919;127.6109
turkish;0.0000;0.1943;25.7609;14.1562;0.2072;45.3180;14.0914;0.2720;132.3016
turkish;0.0000;0.4400;25.8727;14.3737;0.4107;44.3825;14.4911;0.0293;130.3520
turkish;0.0000;0.2162;24.8069;15.0448;0.1854;44.5165;14.9521;0.2780;133.0808
turkish;0.0000;0.2300;26.7828;14.2951;0.2300;43.9369;14.3280;0.1972;128.1333
turkish;0.0000;0.0000;27.1095;13.6445;0.0000;44.7038;14.0036;0.5386;129.6073
turkish;0.0000;0.0000;23.5110;15.8307;0.0000;44.6708;15.9875;0.0000;133.9286
turkish;0.0000;1.5576;24.4548;14.9533;1.5576;41.7445;15.4206;0.3115;129.5165
turkish;0.0000;0.0705;24.0212;14.6737;0.0705;44.9030;15.6261;0.6349;138.8889
turkish;0.0000;0.0823;26.2660;13.4623;0.1235;45.7390;13.5858;0.7410;133.4209
turkish;0.0000;0.1919;26.1912;13.9751;0.2239;44.8993;13.9111;0.6076;133.8103
turkish;0.0000;0.2468;26.3399;13.8575;0.1763;44.9577;13.9281;0.4937;131.9053
turkish;0.0000;1.2136;25.9709;14.5631;0.1214;43.7702;13.9563;0.4045;129.1694
turkish;0.0000;0.3848;27.3883;13.8196;0.3848;44.0857;13.6356;0.3012;128.2107
turkish;0.0000;0.3943;26.9307;14.1965;0.3943;43.8055;13.9993;0.2793;128.5105
turkish;0.0000;0.3854;23.8921;15.4143;0.5780;43.5453;14.6435;1.5414;139.6825
turkish;0.0000;0.1287;26.4384;13.9400;0.0644;45.1924;13.9658;0.2703;131.5623
turkish;0.0000;0.1550;24.7841;15.0609;0.1772;43.8981;14.8394;1.0853;136.4428
turkish;0.0000;1.0849;26.4623;13.3019;1.0849;42.9245;14.0094;1.1321;133.4855
turkish;0.0000;0.1403;26.0524;14.3592;0.1403;44.9018;14.2189;0.1871;130.7519
turkish;0.0000;0.1960;25.2736;13.9520;0.2124;45.8749;14.1317;0.3594;134.3013
turkish;0.0000;0.4291;24.9200;14.6446;0.4291;44.4410;14.8709;0.2653;132.5754
turkish;0.0000;0.2091;25.5925;14.6971;0.2091;44.1609;14.8311;0.3003;131.6967
turkish;0.0000;0.2542;26.0661;13.9509;0.2542;44.7614;14.3604;0.3530;131.5898
turkish;0.0000;0.0000;24.6944;15.8924;0.0000;42.7873;16.1369;0.4890;129.6154
turkish;0.0000;0.0000;21.4076;18.1818;0.0000;40.7625;18.4751;1.1730;134.1121
turkish;0.0000;1.3233;22.3062;17.2023;1.3233;40.6427;17.2023;0.0000;129.2835
turkish;0.0000;0.3263;23.0016;16.5579;0.2447;41.9250;16.6395;1.3051;136.4754
turkish;0.0000;0.0000;23.5510;16.3610;0.1467;42.4798;17.2414;0.2201;132.5829
turkish;0.0000;0.0000;24.7350;14.8410;0.0000;45.2297;15.1943;0.0000;131.8436
turkish;0.0000;0.0595;25.5800;15.1101;0.0892;43.9619;15.0208;0.1785;131.5244
turkish;0.0000;0.5666;23.4183;15.8640;0.7554;43.1539;15.9585;0.2833;133.6377
turkish;0.0000;0.0878;26.4325;14.8847;0.1317;43.1614;15.1262;0.1756;128.1783
turkish;0.0000;0.2640;26.4349;13.9728;0.2640;44.7153;14.0402;0.3089;130.7091
turkish;0.0000;0.0572;25.0715;14.8656;0.0572;44.4540;15.1515;0.3431;134.0601
turkish;0.0000;0.1414;25.8384;14.5657;0.2020;44.6465;14.4242;0.1818;130.8143
turkish;0.0000;0.0000;24.4514;15.6740;0.0000;44.2006;15.6740;0.0000;129.4416
turkish;0.0000;0.0000;24.1107;15.8103;0.0000;43.4783;16.6008;0.0000;132.3625
turkish;0.0000;0.5714;23.2381;16.7619;0.1905;41.9048;16.3810;0.9524;130.6548
turkish;0.0000;0.8055;23.4753;15.5351;0.3452;43.2681;15.4200;1.1507;134.0149
turkish;0.0000;0.1324;24.6454;15.0180;0.1702;44.2973;14.9045;0.8322;135.6720
turkish;0.0000;0.1730;26.3841;13.9273;0.1903;45.1038;14.0311;0.1903;131.6011
turkish;0.0000;0.1444;25.7040;15.3069;0.2166;43.1047;15.1625;0.3610;130.5104
turkish;0.0000;0.1108;26.7036;14.4598;0.1108;43.8227;14.6814;0.1108;128.3052
turkish;0.0000;0.0000;27.6553;13.6273;0.0000;43.2866;13.8277;1.6032;128.8525
turkish;0.0000;0.0000;27.0423;14.3662;0.2817;43.9437;14.3662;0.0000;128.3721
turkish;0.0000;0.0765;23.9297;15.5963;0.0765;43.9602;16.1315;0.2294;133.7940
turkish;0.0000;0.1232;25.0976;15.4241;0.1232;43.1711;15.8349;0.2259;130.2640
turkish;0.0000;0.2070;27.6398;14.0787;0.2070;43.5818;14.1822;0.1035;127.1186
turkish;0.0000;0.1692;26.3056;14.7244;0.2176;43.8104;14.6277;0.1451;128.8129
turkish;0.0000;0.0998;26.5815;14.7076;0.1397;43.5642;14.7276;0.1796;128.2713
turkish;0.0000;0.0000;29.3375;13.5647;0.0000;43.2177;13.8801;0.0000;121.9388
turkish;0.0000;0.2135;26.7177;14.2193;0.1884;44.0774;14.2570;0.3266;129.7009
turkish;0.0000;0.5015;26.0782;14.4433;0.5015;43.8816;14.3932;0.2006;128.9936
turkish;0.0000;0.0000;27.7728;13.7060;0.0000;44.3643;14.0667;0.0902;129.4207
turkish;0.0000;0.2448;26.7576;13.7810;0.2798;44.7009;13.7461;0.4897;130.7517
turkish;0.0000;0.1464;23.8653;15.9590;0.1464;42.1669;16.5447;1.1713;135.3659
turkish;0.0055;0.1745;26.7815;14.2250;0.1799;43.9616;14.2468;0.4253;130.1249
turkish;0.0000;0.0986;26.3355;14.1928;0.0788;45.1804;13.9957;0.1183;130.5860
turkish;0.0000;0.3813;26.3714;14.4617;0.3813;43.2385;14.6084;0.5573;129.1508
turkish;0.0000;0.5501;24.9725;15.0715;0.3300;43.4543;15.0715;0.5501;131.2284
turkish;0.0000;0.0660;24.1095;15.5013;0.0989;43.7995;15.4683;0.9565;134.3818
turkish;0.0000;0.1594;26.6932;13.9442;0.1594;44.7012;14.0239;0.3187;129.7348
turkish;0.0000;0.6163;25.1156;14.0216;0.6163;44.3760;14.9461;0.3082;135.1145
turkish;0.0000;0.0668;26.6689;13.9186;0.0668;45.3605;13.5180;0.4005;132.2079
turkish;0.0000;0.1470;27.1124;13.9603;0.1470;44.3057;14.1073;0.2204;128.2143
turkish;0.0000;0.1018;26.8702;13.6387;0.0000;45.8524;13.3842;0.1527;130.6139
turkish;0.0000;0.1544;25.8297;14.3813;0.1029;44.3530;14.4327;0.7461;132.3166
turkish;0.0000;0.1609;25.9517;14.2627;0.1609;45.0402;14.3700;0.0536;132.3370
turkish;0.0000;0.2333;27.5838;13.3918;0.1810;44.9288;13.3556;0.3257;128.9692
turkish;0.0000;0.3693;26.5402;14.1011;0.3693;44.0154;14.2354;0.3693;130.2719
turkish;0.0000;0.1361;26.0884;14.3197;0.1531;44.4048;14.3878;0.5102;131.5965
turkish;0.0000;0.8402;24.6324;15.3905;0.8402;43.0017;14.8176;0.4774;133.2169
turkish;0.0000;0.0000;25.6936;14.8372;0.0000;43.9083;14.9578;0.6031;132.4490
turkish;0.0000;0.2668;24.5464;15.3326;0.0711;43.8634;15.4927;0.4269;132.9882
turkish;0.0000;0.1023;25.7289;14.2711;0.1023;44.7570;14.3734;0.6650;134.2663
turkish;0.0000;0.0000;24.5977;15.0575;0.0000;44.2529;14.9425;1.1494;135.5769
turkish;0.0153;0.1990;25.2870;15.0773;0.1990;43.5022;15.3069;0.4133;130.9512
turkish;0.0000;0.3109;26.3506;13.6805;0.3109;45.2779;13.7971;0.2721;131.3763
turkish;0.0000;0.3335;26.3935;14.1020;0.4288;44.2592;14.1496;0.3335;129.9073
turkish;0.0000;0.3112;24.9889;14.9844;0.3112;43.6639;15.0289;0.7114;134.3137
turkish;0.0000;0.0000;25.9827;15.3302;0.0000;42.8852;15.3695;0.4324;129.1506
turkish;0.0000;0.4523;25.6579;14.5970;0.5345;43.5444;14.3503;0.8635;132.3629
turkish;0.0000;0.3670;24.9541;15.0459;0.3211;43.7156;15.0459;0.5505;132.5167
turkish;0.0000;0.1349;24.2968;14.7587;0.1453;45.3555;14.8210;0.4878;137.7593
turkish;0.0000;1.0667;29.3333;14.1333;0.0000;42.1333;13.3333;0.0000;118.6508
turkish;0.0000;0.4573;25.7622;14.6341;1.3720;43.2927;14.4817;0.0000;125.6410
turkish;0.0000;0.3148;28.1217;13.6411;0.3148;43.2319;13.8510;0.5247;125.2874
turkish;0.0000;0.2825;25.8945;14.1714;0.3296;44.9623;14.1243;0.2354;132.0769
turkish;0.0000;0.1749;24.5976;15.4304;0.1749;44.2967;15.0805;0.2449;133.6588
turkish;0.0000;0.0599;24.7006;14.9701;0.2395;45.0898;14.8802;0.0599;132.1157
turkish;0.0000;0.4043;25.3968;14.7350;0.4642;44.1300;14.7799;0.0898;129.5609
turkish;0.0000;0.2164;26.0870;13.8894;0.2361;45.3669;13.9485;0.2558;131.8746
turkish;0.0000;0.3631;25.2593;14.7822;0.3631;43.8797;14.4710;0.8817;134.2833
turkish;0.0000;0.0563;26.1033;14.3850;0.0939;44.2629;14.5164;0.5822;132.4583
turkish;0.0000;0.2997;26.0240;14.0360;0.2997;44.8551;14.3856;0.0999;129.9299
turkish;0.0000;0.1142;28.8259;12.8598;0.1142;44.9292;12.7684;0.3883;128.4693
turkish;0.0000;0.1947;25.1785;15.3147;0.1947;43.6729;15.3796;0.0649;131.9355
turkish;0.0000;0.0735;25.3811;14.3251;0.0735;45.1240;14.4169;0.6061;133.6820
turkish;0.0000;0.0000;26.5116;14.6512;0.0000;42.7907;14.4186;1.6279;130.2583
turkish;0.0000;0.0547;24.9043;15.4456;0.0547;43.6851;15.4456;0.4101;131.0829
turkish;0.0000;0.0000;26.8898;14.4708;0.0000;43.5205;14.5788;0.5400;127.7873
turkish;0.0000;0.0434;23.6876;15.4881;0.0434;44.4685;15.8351;0.4338;135.2488
turkish;0.0000;0.1471;25.1389;15.0621;0.1308;44.1893;14.9804;0.3514;131.9289
turkish;0.0000;0.1997;24.8403;15.0559;0.2196;44.1094;14.9161;0.6589;134.0707
turkish;0.0000;0.1207;24.9155;15.1135;0.1207;44.1091;15.0652;0.5553;134.2672
turkish;0.2058;0.6173;27.1605;13.3745;0.6173;42.3868;13.7860;1.8519;130.0341
turkish;0.0000;0.0000;24.2171;13.7787;0.0000;44.0501;14.4050;3.5491;145.0704
turkish;0.0000;0.1014;24.8479;14.8073;0.3043;43.8134;14.8073;1.3185;133.7641
turkish;0.0000;0.2703;24.4402;15.1351;0.2703;44.5946;14.9807;0.3089;134.0750
turkish;0.0000;0.0000;25.0965;14.6718;0.0000;44.0154;14.6718;1.5444;135.4839
turkish;0.0000;0.0323;25.5244;14.4240;0.0323;45.2404;14.3595;0.3872;133.7759
turkish;0.0000;0.0000;22.5243;16.5049;0.0000;43.4951;15.9223;1.5534;139.9361
turkish;0.0000;0.1602;25.7410;14.9266;0.1335;43.2577;15.0601;0.7210;131.3123
turkish;0.0000;0.2841;24.2188;15.6250;0.2486;43.2884;15.8736;0.4616;134.0261
turkish;0.0000;0.0000;26.9158;13.6162;0.0000;45.2818;13.6795;0.5066;131.2946
turkish;0.0000;0.4348;27.3913;12.6087;0.4348;44.7826;12.6087;1.7391;131.9444
turkish;0.0000;0.1624;23.5086;15.5346;0.1624;43.9457;15.3721;1.3142;138.5236
turkish;0.0000;0.7968;23.5060;16.1355;0.7968;41.0359;15.7371;1.9920;139.8625
turkish;0.0000;0.0000;23.1405;16.7355;0.0000;43.3884;16.3223;0.4132;138.6243
turkish;0.0000;0.1919;27.6392;13.8196;0.0000;44.7217;13.6276;0.0000;126.6871
turkish;0.0000;0.5714;26.7429;14.8571;0.3429;42.8571;14.5714;0.0571;127.9778
turkish;0.0000;0.2884;23.5761;16.2221;0.3605;41.4564;16.2942;1.8025;136.8485
turkish;0.0000;0.2853;25.6776;14.2653;0.2853;44.0799;15.4066;0.0000;130.2691
turkish;0.0000;0.0000;28.1132;13.7736;0.0000;44.1509;13.5849;0.3774;126.9350
turkish;0.0000;0.5852;28.2185;12.2237;0.5852;45.7737;12.2887;0.3251;128.4593
turkish;0.0000;0.2387;26.1337;14.4391;0.2387;43.7947;14.7971;0.3580;130.6911
turkish;0.0000;0.4179;24.5491;15.1562;0.4839;44.0607;15.0462;0.2860;131.3929
turkish;0.0000;0.6478;25.7220;14.1970;0.5668;44.1026;14.4130;0.3509;128.6822
turkish;0.0304;0.3341;26.7922;14.4897;0.3341;44.0158;13.3961;0.6075;128.2913
turkish;0.0000;0.3516;26.9211;14.3898;0.2511;43.8975;13.9879;0.2009;127.0042
turkish;0.0000;1.4618;25.0375;14.2804;1.4618;43.0285;14.1679;0.5622;130.9102
turkish;0.0000;0.2362;24.8573;14.7806;0.2362;44.7747;14.8986;0.2165;131.7514
turkish;0.0000;0.1531;24.5023;15.1608;0.1531;44.8698;14.8545;0.3063;134.5269
turkish;0.0000;0.2111;25.2243;15.3034;0.0528;43.7995;14.9340;0.4749;132.4255
turkish;0.0000;0.1742;25.7840;14.1115;0.1742;45.4704;14.2857;0.0000;132.3864
turkish;0.0000;0.1119;24.4966;15.9955;0.1119;43.2886;15.7718;0.2237;130.1056
turkish;0.0000;0.4117;24.5339;14.3723;0.4117;45.8437;14.1081;0.3185;134.3961
turkish;0.0000;0.1417;25.3188;15.2102;0.0945;44.0718;14.8323;0.3307;131.4787
turkish;0.0000;0.0000;25.8787;14.4274;0.0000;45.2098;14.2574;0.2268;132.1933
turkish;0.0000;0.2948;26.8305;13.6855;0.3194;44.8894;13.7838;0.1966;129.5509
turkish;0.0000;0.1311;24.7706;15.7274;0.1311;42.5950;15.5963;1.0485;132.8326
turkish;0.0000;0.4202;29.6569;11.7997;0.4202;45.9384;11.7297;0.0350;126.0609
turkish;0.0000;0.1292;26.2274;15.2455;0.1292;42.5065;15.5039;0.2584;127.9749
turkish;0.0000;0.1880;28.5714;13.3459;0.3759;44.1729;13.1579;0.1880;126.2195
turkish;0.0000;0.1544;25.4826;14.2857;0.2317;44.7104;14.5946;0.5405;134.4828
turkish;0.0000;0.2251;26.9317;13.8035;0.2251;44.8612;13.8035;0.1500;129.4471
turkish;0.0000;0.1071;26.6667;14.4043;0.1071;44.3641;14.1901;0.1606;130.9219
turkish;0.0000;0.0790;25.5134;15.2449;0.2370;44.2338;14.6130;0.0790;131.8421
turkish;0.0000;0.1305;25.1849;14.5281;0.0870;45.5850;14.3976;0.0870;133.5196
turkish;0.0000;0.5319;23.8395;15.0870;0.5319;44.6809;15.0387;0.2901;135.1938
turkish;0.0000;0.8310;24.6999;14.6814;0.5540;42.9363;15.4201;0.8772;130.9437
turkish;0.0000;0.1088;27.6237;13.3768;0.1088;45.3507;13.2137;0.2175;132.3090
turkish;0.0000;0.1053;25.6842;14.8421;0.1053;43.3684;15.6842;0.2105;129.0375
turkish;0.0000;0.2037;26.6553;14.1256;0.2037;44.2445;14.0238;0.5433;130.8607
turkish;0.0000;0.0752;25.3664;15.6332;0.0752;42.9914;15.5581;0.3006;129.1086
turkish;0.0000;0.0959;27.1333;13.3269;0.0959;44.6788;14.5733;0.0959;131.2597
turkish;0.0000;0.1138;27.8726;12.9693;0.1138;45.0512;13.8794;0.0000;130.7263
turkish;0.0000;0.0000;26.5607;14.0749;0.0000;44.1544;14.9830;0.2270;130.4114
turkish;0.0000;0.1990;26.4677;14.1294;0.1990;43.1841;14.9254;0.8955;131.6957
turkish;0.0000;0.0509;25.8278;14.6205;0.0509;44.5746;14.4167;0.4585;131.9835
turkish;0.0000;0.0941;25.6820;15.3340;0.0000;43.6500;15.0517;0.1881;130.5684
turkish;0.0000;0.0707;26.0071;15.4064;0.0000;43.3922;14.9823;0.1413;131.2354
turkish;0.0000;0.0000;28.8889;13.5556;0.0000;43.7778;13.5556;0.2222;124.3728
turkish;0.0000;0.0996;26.9786;13.7382;0.0996;44.8980;13.9373;0.2489;130.3398
turkish;0.0000;0.0586;25.5419;14.4112;0.0586;45.2255;14.2355;0.4687;133.1749
turkish;0.0000;0.1142;24.5003;14.7915;0.1142;45.6882;14.3918;0.3998;136.7578
turkish;0.0000;0.0961;25.2642;15.3698;0.0961;43.2277;15.0817;0.8646;134.5659
turkish;0.0000;0.2041;27.8912;13.1293;0.2041;45.1701;13.4014;0.0000;129.0252
turkish;0.0000;0.1515;25.8333;14.2045;0.1894;45.0379;14.4318;0.1515;132.8202
turkish;0.0000;0.2033;26.6927;14.0735;0.2189;44.1908;14.0266;0.5942;130.1882
turkish;0.0000;0.4213;26.4045;14.3258;0.4213;43.1180;14.1854;1.1236;130.8756
turkish;0.0000;0.0870;27.0380;13.4900;0.0870;45.1117;13.8091;0.3771;130.2315
turkish;0.0000;0.0776;28.0838;12.5679;0.0776;45.3840;12.6455;1.1637;129.8489
turkish;0.0000;0.2286;24.4000;14.9714;0.4000;44.1714;15.3714;0.4571;133.5787
turkish;0.0000;0.2604;28.3854;12.2396;0.2604;46.6146;12.2396;0.0000;128.8136
turkish;0.0000;0.3263;25.0408;15.9054;0.2447;42.3328;15.9054;0.2447;128.9300
turkish;0.0000;0.1168;25.8178;14.4860;0.1168;44.3925;14.7780;0.2921;131.0019
turkish;0.0000;0.1172;25.5569;14.8886;0.1758;44.6073;14.5955;0.0586;131.5186
turkish;0.0000;0.0549;24.2857;15.6593;0.0549;44.5055;15.2747;0.1648;135.0975
turkish;0.0000;0.0461;27.1011;13.7002;0.0461;45.1301;13.7463;0.2303;130.2598
turkish;0.0000;0.0525;22.8992;16.2290;0.0525;44.3277;16.1239;0.3151;135.5422
turkish;0.0000;0.0000;25.2433;14.9254;0.0000;44.9708;14.7307;0.1298;131.6667
turkish;0.0000;0.9098;24.9793;15.3846;0.9098;42.1836;15.5500;0.0827;128.6290
turkish;0.0000;0.0000;23.7260;16.2072;0.0000;43.3584;16.1236;0.5848;135.3024
turkish;0.0000;0.0938;27.1917;13.8303;0.0938;44.9602;13.6428;0.1875;129.3222
turkish;0.0000;0.2255;26.2683;14.6561;0.2255;42.6156;14.6561;1.3529;128.9617
turkish;0.0000;0.3157;26.7045;14.2045;0.3157;43.6869;14.2045;0.5682;129.1037
turkish;0.0000;0.2520;24.6377;15.4379;0.1260;43.7933;15.6270;0.1260;132.5702
turkish;0.0000;0.2037;25.1273;14.7368;0.1698;44.5840;14.9406;0.2377;132.7473
turkish;0.0000;0.0000;28.1316;13.0042;0.0000;45.0637;13.6943;0.1062;129.0350
turkish;0.0000;0.0000;25.9693;14.7430;0.0000;43.8683;15.2390;0.1803;130.6213
turkish;0.0000;0.0534;24.4397;15.8485;0.0534;43.3831;15.6884;0.5336;134.1530
turkish;0.0000;0.1373;25.3089;14.7368;0.1373;45.0801;14.2334;0.3661;135.7466
turkish;0.0000;0.1674;26.2894;14.2666;0.1674;44.3737;14.2331;0.5023;131.2397
turkish;0.0000;0.0000;23.8739;15.3153;0.0000;44.8198;15.5405;0.4505;135.9551
turkish;0.0000;0.0000;27.5000;13.9423;0.0000;44.5192;13.9423;0.0962;127.3006
turkish;0.0000;0.1842;26.5789;13.9211;0.1316;44.9737;13.9211;0.2895;130.5178
turkish;0.0000;0.0617;25.6323;14.6514;0.0617;44.5096;14.6514;0.4318;132.7443
turkish;0.0000;0.0761;26.2838;14.6824;0.0761;43.1723;15.4812;0.2282;130.3165
turkish;0.0000;0.1842;26.6114;14.6409;0.1842;43.9227;14.3646;0.0921;129.9685
turkish;0.0000;0.0000;27.6498;13.3641;0.0000;45.0845;13.7481;0.1536;129.0162
turkish;0.0000;0.3686;26.1717;14.5866;0.3686;43.2333;15.0606;0.2106;129.8611
turkish;0.0000;0.0000;27.9053;13.4864;0.0717;45.0502;13.3429;0.1435;128.3721
turkish;0.0000;0.2094;26.6826;14.1789;0.2393;44.2716;14.2088;0.2094;128.8471
turkish;0.0000;0.3096;25.4489;14.0557;0.3096;44.4582;14.9845;0.4334;134.5952
turkish;0.0000;0.1815;28.1307;13.0672;0.1815;44.2831;13.4301;0.7260;128.1159
turkish;0.0000;0.0000;24.6950;14.7877;0.0000;45.2904;14.9829;0.2440;134.4992
turkish;0.0000;0.0000;26.9328;13.6555;0.0000;45.3361;13.6975;0.3782;131.4891
turkish;0.0000;0.0497;23.9821;15.4916;0.0497;44.4886;15.6902;0.2483;134.8214
turkish;0.0375;0.1873;24.7658;15.0993;0.1873;43.0873;15.5489;1.0865;135.6790
turkish;0.0000;0.0359;28.2687;13.3261;0.0359;44.6480;13.4698;0.2155;126.9960
turkish;0.0000;0.2139;26.7009;14.0779;0.2139;44.2448;14.2062;0.3423;129.3434
turkish;0.0000;0.4141;26.2940;13.5266;0.0690;44.8585;14.4237;0.4141;132.9885
turkish;0.0000;0.1314;25.8213;14.5204;0.1971;44.3495;14.6518;0.3285;134.3333
turkish;0.0000;0.4608;23.9631;16.2826;0.4608;43.9324;14.7465;0.1536;138.1074
turkish;0.0000;0.4167;24.5833;15.0000;0.4167;43.7500;15.0000;0.8333;132.2148
turkish;0.0000;0.0917;27.3533;13.6002;0.1222;44.8350;13.6919;0.3056;128.9539
turkish;0.0000;0.1608;25.9244;13.7661;0.1809;45.5185;13.9469;0.5024;132.9498
turkish;0.0000;0.3455;26.2612;15.1348;0.4147;42.3635;15.0657;0.4147;126.5957
turkish;0.0000;0.1971;24.9671;15.5059;0.2628;44.1524;14.5861;0.3285;132.3253
turkish;0.0000;0.1612;26.0589;14.8762;0.1319;43.6318;14.9348;0.2052;129.7764
turkish;0.0000;0.1292;27.1964;13.8889;0.1292;44.8966;13.7597;0.0000;129.0289
turkish;0.0000;0.1821;25.2277;16.0291;0.0000;43.1694;15.3005;0.0911;131.2500
turkish;0.0000;0.1136;28.1658;12.0386;0.1136;47.3595;11.9818;0.2271;129.6394
turkish;0.0000;0.2526;27.2362;14.1280;0.2994;43.8436;13.9502;0.2900;128.0347
turkish;0.0000;0.1467;24.7982;15.7740;0.0734;42.4798;15.9941;0.7337;133.9829
turkish;0.0000;0.0430;28.2702;13.4682;0.0861;44.4492;13.3821;0.3012;126.6074
turkish;0.0000;0.4252;28.3912;12.9475;0.3840;44.3286;13.2972;0.2263;126.9278
turkish;0.0000;0.0445;24.6551;15.7988;0.0890;42.6791;16.2439;0.4895;131.2955
turkish;0.0000;0.0307;26.9160;13.7646;0.0307;45.2177;13.5500;0.4905;132.2743
turkish;0.0000;0.0000;27.1300;14.1256;0.0000;43.7220;14.4619;0.5605;128.0142
turkish;0.0000;0.1818;26.2595;13.7550;0.1599;45.6343;13.6823;0.3272;132.5201
turkish;0.0000;0.2432;25.2790;14.3777;0.2861;45.2504;14.2775;0.2861;132.3324
turkish;0.0000;0.4259;26.3842;13.8534;0.4259;44.9002;13.7189;0.2914;130.8219
turkish;0.0000;0.1078;27.3854;14.6092;0.1078;42.1024;14.7170;0.9704;128.7367
turkish;0.0000;0.5794;21.4643;17.3821;0.5267;41.8488;17.2241;0.9745;136.5914
turkish;0.0000;0.3721;26.2855;13.8701;0.2030;44.7226;14.2760;0.2706;130.8783
turkish;0.0000;0.2039;25.1274;14.9337;0.1529;44.3935;14.9337;0.2548;132.7258
turkish;0.0000;0.3051;22.7114;15.6931;0.2616;44.5946;16.0418;0.3923;136.2309
turkish;0.0000;0.2362;25.6073;13.7736;0.3374;46.0189;13.5543;0.4723;132.4516
turkish;0.0000;0.2720;25.7177;14.5966;0.2720;44.4545;14.3548;0.3324;131.0328
turkish;0.0000;0.2634;27.7247;13.0721;0.2963;45.2091;13.3355;0.0988;129.4643
turkish;0.0000;0.1672;26.9231;14.0803;0.1338;44.2140;14.3144;0.1672;129.5248
turkish;0.0000;0.0000;26.2036;13.9700;0.0000;45.7774;13.9700;0.0789;133.0214
turkish;0.0000;0.1833;25.0229;15.3071;0.2750;43.2631;15.2154;0.7333;135.2851
turkish;0.0000;0.1117;27.1915;14.3495;0.1117;43.6069;14.3495;0.2792;127.1845
turkish;0.0000;0.0000;26.1574;13.4259;0.0000;46.2963;12.8472;1.2731;140.1174
turkish;0.0000;0.4787;26.0725;14.6382;0.5156;43.8041;14.1042;0.3867;130.4322
turkish;0.0000;0.0000;28.5276;13.2924;0.2045;45.2965;12.2699;0.4090;132.2476
turkish;0.0000;0.0926;27.8370;13.3858;0.0926;44.6503;13.7564;0.1853;129.9962
turkish;0.0000;1.4735;26.7191;13.5560;2.1611;41.9450;13.4578;0.6876;125.9968
turkish;0.0000;0.5756;23.4843;15.9632;0.4605;43.0929;15.0806;1.3431;137.9222
turkish;0.0000;0.0824;24.9794;15.6636;0.0824;43.0750;15.9110;0.2061;131.3361
turkish;0.0000;0.0771;25.0578;15.4202;0.0771;42.8682;14.9961;1.5035;134.9445
turkish;0.0000;0.5051;23.7374;15.5303;0.2525;43.3081;15.4040;1.2626;137.7440
turkish;0.0000;0.3292;24.6914;15.3909;0.4115;43.6214;15.3909;0.1646;130.3185
turkish;0.0000;0.4476;27.3018;13.4910;0.4476;43.5422;13.8747;0.8951;131.3228
turkish;0.0000;0.2336;24.6885;15.2648;0.1947;43.1464;15.4206;1.0514;134.5981
turkish;0.0000;0.1329;25.9965;14.3490;0.1329;43.4012;14.3047;1.6829;133.5606
turkish;0.0000;0.1880;24.3701;14.8176;0.1880;44.7537;14.4791;1.2035;137.9835
turkish;0.0000;0.2528;24.5891;16.0556;0.1896;41.9722;15.7396;1.2010;131.3929
turkish;0.0000;0.2204;23.4019;16.3115;0.2572;43.4240;15.9442;0.4409;137.0326
turkish;0.0000;0.2621;24.3711;15.8805;0.2621;43.2390;15.2516;0.7338;134.0242
turkish;0.0000;0.3311;29.1391;11.9205;0.3311;48.6755;9.6026;0.0000;135.5330
turkish;0.0000;0.0000;28.5501;13.0045;0.0000;45.8894;11.8087;0.7474;130.3614
turkish;0.0000;0.1757;24.6632;15.7001;0.1757;42.4136;15.8758;0.9959;133.5300
turkish;0.0000;0.1115;26.9231;14.2140;0.1115;43.0881;14.1026;1.4493;132.8474
turkish;0.0000;0.0000;26.0148;14.2989;0.0000;43.0812;14.1144;2.4908;134.2302
turkish;0.0000;1.3631;22.8005;15.7373;1.3631;41.3879;16.9765;0.3717;133.8677
turkish;0.0000;0.9712;28.9685;12.5921;0.1005;44.5077;12.7261;0.1340;123.6298
turkish;0.0000;0.1644;28.2802;13.2522;0.6577;43.5054;14.0414;0.0987;125.8184
turkish;0.0000;0.2372;27.6680;13.5178;0.2767;44.4269;13.5178;0.3557;128.0025
turkish;0.0000;0.1890;27.6458;13.1479;0.1350;44.8164;13.5529;0.5130;129.8861
turkish;0.0000;0.1781;27.7910;13.4204;0.1781;44.5368;13.4798;0.4157;128.3220
turkish;0.0000;0.3482;27.8003;13.0006;0.3482;45.0377;13.1167;0.3482;130.5635
turkish;0.0000;0.2749;26.4981;13.6339;0.3299;44.3101;13.9087;1.0445;133.3032
turkish;0.0000;0.8683;26.6281;14.3271;0.8683;42.8365;13.4588;1.0130;130.5046
turkish;0.0000;0.2004;28.4569;13.2265;0.3006;44.2886;12.7255;0.8016;128.9600
turkish;0.0000;0.0000;25.6858;14.5885;0.0000;45.1372;14.4638;0.1247;131.4516
turkish;0.0000;0.1300;23.9272;15.3446;0.1300;43.5631;15.8648;1.0403;134.1826
turkish;0.0000;0.5030;23.6419;16.2978;0.5030;41.8511;16.4990;0.7042;131.6393
turkish;0.0000;0.0000;23.7705;16.2568;0.0000;43.7158;16.2568;0.0000;133.5601
turkish;0.0000;0.8608;26.8293;13.7733;0.8608;43.3286;13.4864;0.8608;128.9593
turkish;0.0000;0.1543;24.8457;15.4321;0.0000;42.4383;15.4321;1.6975;133.3333
turkish;0.0000;0.2954;28.6558;12.2600;0.2954;44.7563;13.1462;0.5908;127.1462
turkish;0.0000;0.2057;26.8380;14.2416;0.2057;43.8560;14.0360;0.6170;129.0025
turkish;0.0000;0.6067;26.5925;13.9535;0.6067;43.1749;14.1557;0.9100;128.2504
turkish;0.0000;0.1173;27.1768;13.8669;0.0586;44.3272;13.8083;0.6450;130.6220
turkish;0.0000;1.3076;23.1246;15.8293;1.3765;41.5692;15.5540;1.2388;136.3229
turkish;0.0000;0.6855;26.2757;13.9375;0.6093;41.8888;14.5468;2.0564;130.2500
turkish;0.0000;0.6139;26.8759;13.3697;0.4775;42.6330;14.3247;1.7053;129.4314
turkish;0.0000;1.1923;24.8882;14.0835;1.1177;41.8033;14.9031;2.0119;133.0836
turkish;0.0000;1.0038;24.9059;14.4605;1.0665;42.1895;15.0565;1.3174;133.6644
turkish;0.1880;0.7049;25.1410;14.7556;0.5169;42.1992;14.9436;1.5508;131.2354
turkish;0.0000;0.0000;27.1468;13.2964;0.0000;46.2604;13.0194;0.2770;134.5133
turkish;0.0000;0.0826;26.7769;13.8843;0.3306;43.3058;14.4628;1.1570;130.9524
turkish;0.0000;0.4088;25.3449;14.9208;0.4599;43.6382;15.0741;0.1533;131.3445
turkish;0.0000;0.4028;25.7805;14.8036;0.4028;44.4109;14.0987;0.1007;130.5600
turkish;0.0000;0.4412;27.6471;14.2647;0.4412;43.0882;13.8235;0.2941;128.0193
turkish;0.0000;0.0000;27.6265;14.0078;0.0000;44.4877;13.6187;0.2594;132.5221
turkish;0.0000;1.3529;21.8715;17.7001;1.1838;40.4171;17.1364;0.3382;131.5508
turkish;0.0000;0.2037;25.4686;14.3439;0.5705;44.8248;14.3847;0.2037;131.5584
turkish;0.0000;1.1364;28.4091;13.8258;1.1364;41.0985;13.4470;0.9470;125.1479
turkish;0.0000;1.7921;25.4480;14.9343;1.7921;41.5771;13.9785;0.4779;130.5927
turkish;0.0000;0.0000;26.0626;15.3244;0.1119;42.9530;15.2125;0.3356;127.7487
turkish;0.0000;0.1665;27.6360;13.3740;0.2220;45.1165;13.4295;0.0555;128.7599
turkish;0.0000;0.8097;26.9906;12.9555;0.8097;44.9393;13.3603;0.1350;129.3478
turkish;0.0000;0.1209;24.7884;15.6792;0.0403;43.2890;15.9613;0.1209;130.4032
turkish;0.0000;0.0547;25.2326;15.5446;0.0547;42.6929;15.4351;0.9852;133.1466
turkish;0.0000;0.1415;26.5566;14.0566;0.1415;44.3868;14.2453;0.4717;131.4642
turkish;0.0000;0.2065;27.5522;13.6270;0.2065;44.6891;13.6729;0.0459;127.7394
turkish;0.0000;0.1681;24.8019;15.1981;0.1441;44.0336;15.3181;0.3361;133.2537
turkish;0.0000;0.3044;24.6575;14.9163;0.3044;42.9224;15.6773;1.2177;134.4221
turkish;0.0000;0.2199;25.9531;14.4428;0.1466;44.2082;14.3695;0.6598;131.0945
turkish;0.0000;0.0385;27.3218;13.2563;0.0385;45.6647;13.2948;0.3854;131.2655
turkish;0.0000;0.2650;27.2085;13.8693;0.2650;42.8445;14.6643;0.8834;128.6131
turkish;0.0000;0.2273;23.4091;16.3636;0.2273;43.1818;15.4545;1.1364;137.4046
turkish;0.0000;0.1416;26.8414;13.5269;0.0708;44.8300;14.3768;0.2125;130.3371
turkish;0.0000;1.1494;27.5862;12.8527;1.1494;43.6782;13.3751;0.2090;125.7851
turkish;0.0000;0.1129;21.5576;18.3973;0.1129;42.0993;16.9300;0.7901;138.9610
turkish;0.0000;0.1311;25.9672;15.0164;0.0000;44.0000;14.8197;0.0656;132.4814
turkish;0.0000;0.2665;26.2492;14.2572;0.2665;44.7702;13.9907;0.1999;133.9686
turkish;0.0000;0.3912;25.4304;16.1189;0.3912;43.5055;13.7715;0.3912;134.0095
turkish;0.0000;0.1222;24.6944;15.6479;0.1222;44.4988;14.7922;0.1222;136.3636
turkish;0.0000;0.0000;25.2672;15.4198;0.0000;44.8092;13.7405;0.7634;136.7758
turkish;0.0000;0.2429;25.3441;15.4656;0.2429;44.0486;13.6032;1.0526;137.6891
turkish;0.0000;0.4479;25.4199;16.2374;0.4479;43.0011;14.4457;0.0000;130.8231
turkish;0.0000;0.0000;28.5386;12.7774;0.0000;45.3711;13.0069;0.3060;128.3600
turkish;0.0000;0.2358;23.8797;15.0943;0.2358;43.2193;14.9764;2.3585;143.3602
turkish;0.0000;0.2172;25.8415;14.3322;0.2172;44.5168;14.5494;0.3257;133.4526
turkish;0.0000;0.1850;26.8187;14.4883;0.1850;43.1566;14.7349;0.4316;128.4294
turkish;0.0000;0.4032;23.3871;16.4651;0.5376;42.1371;16.5323;0.5376;131.3916
turkish;0.0000;1.3850;27.1468;13.4349;1.2465;42.3823;13.9889;0.4155;127.3469
turkish;0.0000;0.3086;28.0864;13.0658;0.4115;45.0617;12.9630;0.1029;127.9732
turkish;0.0000;0.0000;27.3760;13.6364;0.0000;44.9380;13.6364;0.4132;131.1734
turkish;0.0000;0.1963;25.9323;14.3768;0.1227;43.9892;14.9166;0.4661;132.6677
turkish;0.0000;0.0000;25.1667;17.5000;0.0000;41.6667;15.1667;0.5000;131.9307
turkish;0.0000;0.0000;26.2434;15.0265;0.0000;44.2328;14.4974;0.0000;132.0922
turkish;0.0000;0.0000;27.5882;13.7654;0.0287;44.4508;13.9375;0.2294;129.3732
turkish;0.0000;0.2954;25.5539;14.6233;0.1477;44.3870;14.8449;0.1477;134.1404
turkish;0.0000;0.0450;28.2305;13.3273;0.0450;45.3399;12.9671;0.0450;128.2624
turkish;0.0000;0.1068;25.5206;15.1095;0.1068;43.6199;15.1628;0.3737;133.8156
turkish;0.0000;0.1883;23.9171;16.1959;0.1883;43.9736;14.5009;1.0358;139.3189
turkish;0.0000;0.0000;27.3370;13.9434;0.0000;44.1477;13.8649;0.7070;130.6607
turkish;0.0000;0.2922;27.5042;13.2721;0.2087;44.1569;13.1886;1.3773;132.2355
turkish;0.0000;0.3597;27.8177;12.8297;0.3597;45.3237;13.1894;0.1199;128.9017
turkish;0.0000;1.6539;22.3919;15.6489;1.6539;41.0941;16.2850;1.2723;133.3333
turkish;0.0000;0.4261;24.1477;14.9148;0.4261;44.7443;14.6307;0.7102;137.0370
turkish;0.0000;0.2331;29.3706;13.0536;0.2331;44.9883;11.4219;0.6993;128.7823
turkish;0.0000;0.1164;27.8231;13.2712;0.1164;44.3539;13.6205;0.6985;129.5669
turkish;0.0000;0.0000;18.7970;18.7970;0.0000;44.3609;18.0451;0.0000;140.4624
turkish;0.0000;0.0000;26.4946;13.7228;0.0000;45.6522;13.4511;0.6793;132.6711
turkish;0.0000;1.2195;24.0418;15.5052;1.3066;41.0279;15.1568;1.7422;136.5639
turkish;0.0000;0.4630;22.9167;16.7824;0.3472;42.4769;16.5509;0.4630;139.5393
turkish;0.0000;0.1072;26.9025;13.7192;0.1072;44.5874;14.0407;0.5359;128.7179
turkish;0.0000;0.3240;26.4579;14.2549;0.2700;44.8164;13.5529;0.3240;130.1103
turkish;0.0000;0.0000;29.7710;12.1289;0.0000;45.2926;12.4682;0.3393;127.3713
turkish;0.0000;0.1503;29.1510;13.7491;0.0751;42.7498;13.8242;0.3005;122.7642
turkish;0.0000;0.2683;25.8497;14.3113;0.1789;44.6333;14.1324;0.6261;132.7965
turkish;0.0000;0.5979;25.5605;15.2466;0.2990;42.8999;14.6487;0.7474;129.7619
turkish;0.0000;0.5396;23.7410;14.7482;0.5396;44.0647;14.9281;1.4388;143.6364
turkish;0.4813;1.4440;20.3369;16.8472;1.4440;41.0349;16.6065;1.8051;143.1452
turkish;0.0000;0.3263;24.2424;15.5245;0.4196;43.9627;15.3380;0.1865;131.7812
turkish;0.0000;0.9852;23.4811;15.1067;0.9852;41.5435;14.6141;3.2841;144.8370
turkish;0.0000;0.0000;26.0229;15.3028;0.0000;43.3715;15.2209;0.0818;128.9933
turkish;0.0000;0.1784;27.4755;13.9161;0.0000;44.2462;13.9161;0.2676;127.5000
turkish;0.0000;0.1608;23.9550;15.9164;0.1608;44.0514;14.7910;0.9646;135.0384
turkish;0.0000;0.3734;26.0319;14.4161;0.3319;43.0823;14.6028;1.1616;132.8104
turkish;0.1570;0.4710;24.8038;14.7567;0.6279;43.3281;14.9137;0.9419;130.6931
turkish;0.0000;0.1258;27.0440;13.2075;0.1258;45.6604;13.3333;0.5031;131.0277
turkish;0.0000;0.2227;26.0579;13.2517;0.2227;45.9911;13.9198;0.3341;133.6918
turkish;0.0000;1.2346;21.6735;16.1866;1.3717;43.8957;14.9520;0.6859;142.3503
turkish;0.0000;0.0000;23.8645;15.6274;0.0000;44.2648;16.0893;0.1540;136.5691
turkish;0.0000;0.5027;27.6079;13.1546;0.5446;44.6167;13.3222;0.2514;127.8033
turkish;0.0000;0.3356;24.3289;15.1846;0.3356;44.9664;14.3456;0.5034;141.4021
turkish;0.0000;0.0557;22.1727;17.3259;0.0557;43.7326;16.4903;0.1671;143.3511
turkish;0.0000;0.3125;24.2969;14.2969;0.5469;46.0938;13.4375;1.0156;142.7296
turkish;0.0000;0.1422;26.0931;14.7174;0.1777;43.9033;14.7174;0.2488;130.1212
turkish;0.0000;0.2699;27.5978;13.6977;0.4049;43.8596;13.8327;0.3374;127.1930
turkish;0.0000;0.3071;23.4391;15.9672;0.3071;43.5005;15.9672;0.5118;134.8199
turkish;0.0000;0.8811;26.6079;13.9207;0.8811;42.4670;13.6564;1.5859;131.0694
turkish;0.0000;1.3316;25.4328;15.1798;1.3316;41.0120;15.0466;0.6658;126.3374
turkish;0.0000;0.6295;22.3022;16.5468;0.5396;44.4245;15.1978;0.3597;139.0135
turkish;0.0000;0.4129;24.7729;15.0289;0.4129;43.6829;15.1941;0.4955;133.7366
turkish;0.0000;0.1827;27.1620;13.7637;0.7308;44.3971;13.4592;0.3045;127.7725
turkish;0.0000;0.5476;24.3669;15.1266;0.4791;42.6420;15.6742;1.1636;137.5276
turkish;0.0000;0.4863;24.9240;15.1976;0.6079;43.7690;14.8328;0.1824;130.1251
turkish;0.0000;0.3063;27.7182;12.5574;1.5314;42.8790;13.7825;1.2251;126.5734
turkish;0.0000;2.7842;23.4339;15.0812;3.4803;39.6752;14.6172;0.9281;131.3380
turkish;0.0000;1.0135;22.8041;15.8784;2.3649;39.5270;17.5676;0.8446;128.2776
turkish;0.0000;0.4401;24.3838;15.0528;1.1444;43.8380;14.9648;0.1761;133.8377
turkish;0.0000;0.1836;24.6634;15.1163;1.2240;43.4517;15.1775;0.1836;133.3657
turkish;0.0000;0.8174;23.5014;14.9864;2.8610;41.8256;15.3951;0.6131;131.1493
turkish;0.0000;1.0078;26.7637;12.7660;1.4558;44.5689;13.1019;0.3359;126.7442
turkish;0.0000;2.5532;25.9574;13.1915;3.4043;40.8511;12.7660;1.2766;129.0541
turkish;0.0273;0.3277;25.2867;14.3364;1.0923;43.9924;14.5822;0.3550;132.8436
turkish;0.0000;0.7831;26.3253;14.0361;0.9639;43.0120;14.4578;0.4217;128.3822
turkish;0.0000;0.0964;25.3616;15.4291;0.0000;43.2980;15.8149;0.0000;131.9048
turkish;0.0000;0.4919;22.9093;16.0225;0.5622;43.2888;15.2495;1.4758;140.2968
turkish;0.0000;1.2277;26.5625;12.9464;1.5625;42.6339;13.3929;1.6741;129.9475
turkish;0.0000;1.1086;26.5244;13.5532;1.5521;43.0155;13.7472;0.4989;129.1917
turkish;0.0000;0.0000;26.4167;15.4316;0.0000;43.3304;14.7341;0.0872;129.5455
turkish;0.0000;1.9531;26.4844;12.3438;2.5781;43.2812;12.8906;0.4688;130.9069
turkish;0.0000;1.5432;26.7490;12.9630;1.5432;43.6214;13.2716;0.3086;131.8328
turkish;0.0000;0.9695;26.7313;13.2271;1.5235;44.4598;12.8116;0.2770;126.2227
turkish;0.0000;1.1315;25.3182;14.5686;1.8388;42.4328;14.1443;0.5658;130.0905
turkish;0.0000;1.2658;24.8101;14.6835;1.8987;42.5316;14.6835;0.1266;129.7571
turkish;0.0000;1.2706;23.6341;15.6290;2.1601;41.6773;15.2478;0.3812;129.8990
turkish;0.0000;0.7648;28.3461;13.0497;1.6730;42.9254;12.5717;0.6692;122.7723
turkish;0.0000;0.7680;22.7343;16.2826;0.6144;42.5499;16.1290;0.9217;135.8537
turkish;0.0000;0.5868;25.5658;13.2439;0.7544;41.7435;14.8365;3.2691;135.5463
turkish;0.0000;0.2593;26.2222;13.6667;0.1111;44.4815;14.6296;0.6296;135.3322
turkish;0.0000;0.2320;26.5661;14.5012;0.3480;43.5035;14.1531;0.6961;129.3040
turkish;0.0767;1.5337;25.9202;13.1902;1.6104;42.8681;14.1871;0.6135;129.7430
turkish;0.0000;2.1041;27.6855;12.0709;1.7719;43.3001;12.6246;0.4430;127.4744
turkish;0.0000;1.4199;28.1947;13.1846;1.4199;42.7992;12.7789;0.2028;123.2416
turkish;0.0000;1.9313;26.6094;13.3047;2.1459;42.2747;13.0901;0.6438;124.1830
turkish;0.0000;1.1249;26.9982;13.3215;0.9473;43.5761;12.7886;1.2433;129.7297
turkish;0.0000;1.7131;28.0514;12.0985;1.6060;44.1113;12.4197;0.0000;124.7664
turkish;0.0000;1.3011;28.9963;11.8959;1.3011;43.8662;12.2677;0.3717;124.2424
turkish;0.0000;1.0300;26.4981;13.4831;1.9663;43.2584;13.5768;0.1873;125.6934
turkish;0.0000;1.8779;27.4648;11.2676;2.5822;44.1315;12.2066;0.4695;124.7423
turkish;0.0000;2.7719;24.9467;13.6461;2.7719;40.9382;14.9254;0.0000;125.8170
turkish;0.0000;2.1798;26.7030;13.8965;2.1798;40.8719;13.8965;0.2725;124.7899
turkish;0.0000;0.9501;26.9596;13.7173;1.0689;43.1116;13.8361;0.3563;127.7143
turkish;0.0000;1.0084;28.2353;12.6050;0.7843;45.0420;12.1008;0.2241;126.6323
turkish;0.1442;1.6583;26.0995;13.7707;1.8025;42.6820;13.0497;0.7931;130.7182
turkish;0.0000;1.1186;26.2864;14.3177;1.3423;44.0716;12.3043;0.5593;131.1847
turkish;0.0000;0.1486;24.6657;16.3447;0.0000;42.7935;14.1159;1.9316;137.5303
turkish;0.0000;0.0000;24.9817;15.5311;0.0000;44.4689;14.8718;0.1465;133.6918
turkish;0.0000;0.5714;25.9429;15.6571;0.8000;40.8000;15.6571;0.5714;128.1664
turkish;0.0000;0.0000;28.0792;13.5228;0.0000;44.9612;13.3506;0.0861;128.1633
turkish;0.0000;1.3106;24.1153;15.5963;1.4417;44.0367;13.3683;0.1311;136.9520
turkish;0.0000;0.0706;27.8758;13.5498;0.0706;45.2364;12.8440;0.3529;129.9097
turkish;0.0000;0.7458;25.4915;14.5763;0.5424;43.2542;14.9831;0.4068;130.7607
turkish;0.0000;2.2727;27.9221;13.9610;2.9221;40.2597;11.6883;0.9740;124.5098
turkish;0.0000;1.1331;27.7620;13.0312;0.8499;43.6261;11.8980;1.6997;139.3665
turkish;0.0000;1.6882;25.2234;14.1013;1.4896;43.8928;13.2075;0.3972;132.8571
turkish;0.0000;1.1820;22.6950;14.5390;1.7730;43.1442;15.1300;1.5366;150.4950
turkish;0.0000;1.0204;27.3469;12.8571;1.0204;43.4694;13.0612;1.2245;131.7881
turkish;0.0000;0.7692;29.6923;11.8462;0.7692;44.6154;11.6923;0.6154;126.1905
turkish;0.0000;1.9900;29.8507;10.9453;1.9900;43.2836;11.9403;0.0000;121.8045
turkish;0.0000;0.7769;26.0821;12.9856;0.8879;45.2830;12.9856;0.9989;133.9928
turkish;0.0000;1.4925;27.9851;13.0597;1.4925;42.5373;13.4328;0.0000;121.7877
turkish;0.0000;1.7722;26.5823;13.1646;1.7722;43.2911;13.1646;0.2532;127.7778
turkish;0.0000;1.9802;26.7327;13.3663;1.9802;42.5743;13.3663;0.0000;126.6667
turkish;0.0000;0.8663;25.0000;14.9752;0.8663;42.9455;15.0990;0.2475;130.5389
turkish;0.0000;0.9627;24.7894;14.9218;0.9627;42.4789;15.5235;0.3610;129.8651
turkish;0.0000;0.1229;22.4908;16.0590;0.1639;43.9164;16.8783;0.3687;138.8323
turkish;0.0000;0.2985;29.3731;13.1940;0.2388;43.1045;13.3731;0.4179;122.8723
turkish;0.0000;0.2414;28.8473;12.7942;0.3018;44.1159;13.2167;0.4828;126.1745
turkish;0.0000;0.5422;28.8923;13.0906;0.6197;43.6871;12.7808;0.3873;123.4450
turkish;0.0000;0.3958;27.5940;13.1467;0.4241;45.0947;12.8075;0.5372;129.1028
turkish;0.0000;0.2092;23.9540;16.1088;0.3138;44.7699;14.3305;0.3138;136.4800
turkish;0.0000;0.6506;25.4392;14.1184;0.7807;43.8517;14.9642;0.1952;131.7987
turkish;0.0000;0.4669;28.6648;12.3249;0.3735;45.7516;12.3249;0.0934;126.7705
turkish;0.0000;0.1305;31.7232;10.5744;0.0000;46.8668;10.5744;0.1305;123.6253
turkish;0.0000;0.4230;29.4416;11.5059;0.2538;46.5313;11.7597;0.0846;126.8930
turkish;0.0000;0.4608;25.0000;14.9194;0.9793;43.6636;14.8041;0.1728;127.7778
turkish;0.0000;0.2415;29.5894;11.4734;0.2415;45.5314;12.1981;0.7246;129.4235
turkish;0.0000;0.0842;27.5484;13.6479;0.0842;44.3134;14.2376;0.0842;129.2517
turkish;0.0000;0.2384;24.3147;15.4946;0.2384;43.2658;16.2098;0.2384;132.1429
turkish;0.0000;0.8499;25.4958;14.7309;1.1331;42.0680;15.5807;0.1416;126.1062
turkish;0.0000;0.3082;26.9646;14.0216;0.4622;42.9892;15.2542;0.0000;127.5000
turkish;0.0000;0.6720;25.0000;15.0538;0.9409;41.9355;16.1290;0.2688;128.9760
turkish;0.0000;0.1126;28.4910;13.7387;0.1126;44.2568;13.2883;0.0000;127.1429
turkish;0.0000;0.0656;26.2467;14.1076;0.0656;43.8320;15.0262;0.6562;132.0175
turkish;0.0000;0.0956;26.7686;14.4359;0.3824;42.6386;15.1052;0.5736;127.2162
turkish;0.0000;0.3578;24.9553;15.4741;0.4472;42.3971;15.3846;0.9839;129.3866
turkish;0.0000;0.2339;26.9006;13.9181;0.2339;43.8596;14.0351;0.8187;129.4677
turkish;0.0000;0.2757;26.5625;14.3382;0.4596;43.4743;13.7868;1.1029;132.1212
turkish;0.0000;0.3280;26.9546;13.6687;0.3827;43.3024;14.8168;0.5467;128.9270
turkish;0.0000;0.4630;27.7778;12.2685;0.9259;44.2130;13.8889;0.4630;130.2158
turkish;0.0000;0.6148;25.3074;14.8566;0.1025;43.7500;14.8566;0.5123;131.4286
turkish;0.0000;0.0905;29.2308;12.2172;0.0905;44.9774;13.3032;0.0905;126.4498
turkish;0.0000;1.9523;26.1388;13.1236;2.4946;41.7570;13.5575;0.9761;123.7342
turkish;0.0000;0.0000;25.0000;15.4959;0.0000;42.5620;16.9421;0.0000;130.0654
turkish;0.0000;0.4767;26.1123;14.8835;0.6886;43.2203;14.4597;0.1589;128.0034
turkish;0.0000;0.3521;25.3521;14.9648;0.5282;44.0141;14.4366;0.3521;129.2553
turkish;0.0000;0.6981;26.0035;14.8342;1.5707;42.0593;14.4852;0.3490;124.6753
turkish;0.0000;0.2309;26.3279;14.8576;0.3079;44.1878;13.7798;0.3079;129.2857
turkish;0.0000;0.1767;28.0035;13.5159;0.3534;43.2862;14.5760;0.0883;126.9886
